file,time,result
instances/n1000_test1.csv,3293833,false
instances/n1000_test10.csv,344584,true
instances/n1000_test100.csv,238875,true
instances/n1000_test101.csv,233541,true
instances/n1000_test102.csv,209708,false
instances/n1000_test103.csv,25989917,true
instances/n1000_test104.csv,215208,true
instances/n1000_test105.csv,215125,true
instances/n1000_test106.csv,213875,true
instances/n1000_test107.csv,335250,false
instances/n1000_test108.csv,531875,true
instances/n1000_test109.csv,217750,true
instances/n1000_test11.csv,224750,true
instances/n1000_test110.csv,213917,true
instances/n1000_test111.csv,51429416,false
instances/n1000_test112.csv,18446000,false
instances/n1000_test113.csv,424208,true
instances/n1000_test114.csv,5734458,true
instances/n1000_test115.csv,236667,false
instances/n1000_test116.csv,222083,true
instances/n1000_test117.csv,239917,false
instances/n1000_test118.csv,52480917,false
instances/n1000_test119.csv,23743834,false
instances/n1000_test12.csv,237084,false
instances/n1000_test120.csv,6976833,false
instances/n1000_test121.csv,220250,false
instances/n1000_test122.csv,231333,false
instances/n1000_test123.csv,215916,true
instances/n1000_test124.csv,51846500,false
instances/n1000_test125.csv,269750,true
instances/n1000_test126.csv,213208,false
instances/n1000_test127.csv,216417,false
instances/n1000_test128.csv,19131208,false
instances/n1000_test129.csv,223709,true
instances/n1000_test13.csv,49495833,true
instances/n1000_test130.csv,216459,false
instances/n1000_test131.csv,218291,true
instances/n1000_test132.csv,243542,true
instances/n1000_test133.csv,58364375,true
instances/n1000_test134.csv,215375,false
instances/n1000_test135.csv,219000,true
instances/n1000_test136.csv,51702834,false
instances/n1000_test137.csv,231541,false
instances/n1000_test138.csv,237292,true
instances/n1000_test139.csv,52024667,false
instances/n1000_test14.csv,212542,true
instances/n1000_test140.csv,217542,true
instances/n1000_test141.csv,51230417,false
instances/n1000_test142.csv,215500,true
instances/n1000_test143.csv,219708,true
instances/n1000_test144.csv,72689791,false
instances/n1000_test145.csv,247583,false
instances/n1000_test146.csv,213583,true
instances/n1000_test147.csv,54809375,true
instances/n1000_test148.csv,517208,false
instances/n1000_test149.csv,220000,true
instances/n1000_test15.csv,59123209,false
instances/n1000_test150.csv,250875,true
instances/n1000_test151.csv,252167,false
instances/n1000_test152.csv,59947209,true
instances/n1000_test153.csv,257166,false
instances/n1000_test154.csv,220583,false
instances/n1000_test155.csv,52619333,false
instances/n1000_test156.csv,235625,false
instances/n1000_test157.csv,242000,true
instances/n1000_test158.csv,94377583,true
instances/n1000_test159.csv,308167,false
instances/n1000_test16.csv,231708,true
instances/n1000_test160.csv,98912708,false
instances/n1000_test161.csv,757209,false
instances/n1000_test162.csv,266875,false
instances/n1000_test163.csv,58031375,false
instances/n1000_test164.csv,242500,false
instances/n1000_test165.csv,249375,true
instances/n1000_test166.csv,55632083,false
instances/n1000_test167.csv,215875,true
instances/n1000_test168.csv,219625,false
instances/n1000_test169.csv,60350750,false
instances/n1000_test17.csv,224083,true
instances/n1000_test170.csv,215458,true
instances/n1000_test171.csv,57139125,false
instances/n1000_test172.csv,222625,false
instances/n1000_test173.csv,243458,false
instances/n1000_test174.csv,56620583,true
instances/n1000_test175.csv,216000,false
instances/n1000_test176.csv,310375,true
instances/n1000_test177.csv,52405583,false
instances/n1000_test178.csv,226833,false
instances/n1000_test179.csv,228083,true
instances/n1000_test18.csv,52409000,true
instances/n1000_test180.csv,233375,true
instances/n1000_test181.csv,244625,false
instances/n1000_test182.csv,51550000,true
instances/n1000_test183.csv,249334,true
instances/n1000_test184.csv,220917,false
instances/n1000_test185.csv,51221917,false
instances/n1000_test186.csv,235042,true
instances/n1000_test187.csv,218333,true
instances/n1000_test188.csv,68050625,true
instances/n1000_test189.csv,232125,true
instances/n1000_test19.csv,250416,true
instances/n1000_test190.csv,55452750,false
instances/n1000_test191.csv,266417,true
instances/n1000_test192.csv,247208,false
instances/n1000_test193.csv,53660875,true
instances/n1000_test194.csv,223792,true
instances/n1000_test195.csv,229584,true
instances/n1000_test196.csv,52611917,false
instances/n1000_test197.csv,241375,true
instances/n1000_test198.csv,220083,true
instances/n1000_test199.csv,51659041,true
instances/n1000_test2.csv,246833,true
instances/n1000_test20.csv,221417,true
instances/n1000_test200.csv,51820625,false
instances/n1000_test201.csv,227667,true
instances/n1000_test202.csv,225833,false
instances/n1000_test203.csv,51375917,false
instances/n1000_test204.csv,218125,false
instances/n1000_test205.csv,249542,false
instances/n1000_test206.csv,51922583,false
instances/n1000_test207.csv,265625,false
instances/n1000_test208.csv,267959,true
instances/n1000_test209.csv,51804792,false
instances/n1000_test21.csv,223833,true
instances/n1000_test210.csv,214459,false
instances/n1000_test211.csv,51731042,true
instances/n1000_test212.csv,235583,true
instances/n1000_test213.csv,217500,false
instances/n1000_test214.csv,51002584,true
instances/n1000_test215.csv,226875,true
instances/n1000_test216.csv,214667,false
instances/n1000_test217.csv,51038333,true
instances/n1000_test218.csv,218000,false
instances/n1000_test219.csv,214875,false
instances/n1000_test22.csv,50953458,false
instances/n1000_test220.csv,213209,true
instances/n1000_test221.csv,225291,false
instances/n1000_test222.csv,51451041,false
instances/n1000_test223.csv,219166,false
instances/n1000_test224.csv,243750,true
instances/n1000_test225.csv,52679083,true
instances/n1000_test226.csv,35239959,false
instances/n1000_test227.csv,80478334,false
instances/n1000_test228.csv,228000,false
instances/n1000_test229.csv,224000,true
instances/n1000_test23.csv,219500,false
instances/n1000_test230.csv,58151750,true
instances/n1000_test231.csv,235334,false
instances/n1000_test232.csv,279584,false
instances/n1000_test233.csv,55519916,false
instances/n1000_test234.csv,316250,false
instances/n1000_test235.csv,217916,false
instances/n1000_test236.csv,54502208,true
instances/n1000_test237.csv,212042,true
instances/n1000_test238.csv,219125,false
instances/n1000_test239.csv,50985583,true
instances/n1000_test24.csv,222959,true
instances/n1000_test240.csv,212333,false
instances/n1000_test241.csv,51948625,false
instances/n1000_test242.csv,221791,false
instances/n1000_test243.csv,224959,true
instances/n1000_test244.csv,51988334,true
instances/n1000_test245.csv,214458,false
instances/n1000_test246.csv,208125,true
instances/n1000_test247.csv,48601292,false
instances/n1000_test248.csv,210750,false
instances/n1000_test249.csv,208750,true
instances/n1000_test25.csv,49262958,false
instances/n1000_test250.csv,207291,false
instances/n1000_test251.csv,207416,false
instances/n1000_test252.csv,58809750,false
instances/n1000_test253.csv,213667,false
instances/n1000_test254.csv,218958,false
instances/n1000_test255.csv,50832125,true
instances/n1000_test256.csv,212792,true
instances/n1000_test257.csv,216959,true
instances/n1000_test258.csv,51300083,false
instances/n1000_test259.csv,213875,false
instances/n1000_test26.csv,212292,true
instances/n1000_test260.csv,47242584,true
instances/n1000_test261.csv,204417,false
instances/n1000_test262.csv,213500,true
instances/n1000_test263.csv,47624959,true
instances/n1000_test264.csv,205208,false
instances/n1000_test265.csv,204083,false
instances/n1000_test266.csv,47214625,true
instances/n1000_test267.csv,208875,false
instances/n1000_test268.csv,208167,true
instances/n1000_test269.csv,47976167,true
instances/n1000_test27.csv,207459,true
instances/n1000_test270.csv,210959,true
instances/n1000_test271.csv,48094416,false
instances/n1000_test272.csv,201167,false
instances/n1000_test273.csv,223833,false
instances/n1000_test274.csv,53962708,false
instances/n1000_test275.csv,214000,false
instances/n1000_test276.csv,214750,false
instances/n1000_test277.csv,47437250,false
instances/n1000_test278.csv,203375,false
instances/n1000_test279.csv,219000,true
instances/n1000_test28.csv,46953125,false
instances/n1000_test280.csv,20065250,false
instances/n1000_test281.csv,60291416,false
instances/n1000_test282.csv,203959,false
instances/n1000_test283.csv,209292,true
instances/n1000_test284.csv,206083,false
instances/n1000_test285.csv,47202042,true
instances/n1000_test286.csv,205792,true
instances/n1000_test287.csv,214167,true
instances/n1000_test288.csv,47356792,false
instances/n1000_test289.csv,205833,false
instances/n1000_test29.csv,203375,true
instances/n1000_test290.csv,47152041,false
instances/n1000_test291.csv,211000,false
instances/n1000_test292.csv,204792,false
instances/n1000_test293.csv,47108583,true
instances/n1000_test294.csv,206000,false
instances/n1000_test295.csv,209958,false
instances/n1000_test296.csv,46942625,true
instances/n1000_test297.csv,205875,false
instances/n1000_test298.csv,215125,false
instances/n1000_test299.csv,47262209,true
instances/n1000_test3.csv,207625,false
instances/n1000_test30.csv,269333,false
instances/n1000_test300.csv,47334250,false
instances/n1000_test301.csv,208334,false
instances/n1000_test302.csv,214750,true
instances/n1000_test303.csv,47247458,true
instances/n1000_test304.csv,206625,false
instances/n1000_test305.csv,202334,true
instances/n1000_test306.csv,47195084,true
instances/n1000_test307.csv,206083,true
instances/n1000_test308.csv,207500,false
instances/n1000_test309.csv,49042292,true
instances/n1000_test31.csv,204166,false
instances/n1000_test310.csv,202084,true
instances/n1000_test311.csv,47087708,true
instances/n1000_test312.csv,205459,true
instances/n1000_test313.csv,205292,false
instances/n1000_test314.csv,47329917,true
instances/n1000_test315.csv,217542,true
instances/n1000_test316.csv,203333,true
instances/n1000_test317.csv,47144084,false
instances/n1000_test318.csv,208584,false
instances/n1000_test319.csv,204791,true
instances/n1000_test32.csv,47642917,false
instances/n1000_test320.csv,213208,true
instances/n1000_test321.csv,208958,true
instances/n1000_test322.csv,47358959,false
instances/n1000_test323.csv,220541,true
instances/n1000_test324.csv,228208,true
instances/n1000_test325.csv,47232375,false
instances/n1000_test326.csv,208792,false
instances/n1000_test327.csv,203292,true
instances/n1000_test328.csv,47121750,true
instances/n1000_test329.csv,210667,true
instances/n1000_test33.csv,210542,false
instances/n1000_test330.csv,51518417,false
instances/n1000_test331.csv,213750,true
instances/n1000_test332.csv,202792,true
instances/n1000_test333.csv,47173083,false
instances/n1000_test334.csv,206916,true
instances/n1000_test335.csv,204209,true
instances/n1000_test336.csv,47252500,false
instances/n1000_test337.csv,203833,false
instances/n1000_test338.csv,242750,false
instances/n1000_test339.csv,47249709,false
instances/n1000_test34.csv,214958,true
instances/n1000_test340.csv,218416,true
instances/n1000_test341.csv,47057916,false
instances/n1000_test342.csv,203625,false
instances/n1000_test343.csv,206458,true
instances/n1000_test344.csv,47088250,true
instances/n1000_test345.csv,207916,false
instances/n1000_test346.csv,221833,false
instances/n1000_test347.csv,48742250,false
instances/n1000_test348.csv,220500,true
instances/n1000_test349.csv,249625,false
instances/n1000_test35.csv,50937458,false
instances/n1000_test350.csv,205875,false
instances/n1000_test351.csv,206583,false
instances/n1000_test352.csv,48284167,true
instances/n1000_test353.csv,211458,true
instances/n1000_test354.csv,203666,true
instances/n1000_test355.csv,48371875,true
instances/n1000_test356.csv,216291,false
instances/n1000_test357.csv,206750,false
instances/n1000_test358.csv,48012125,false
instances/n1000_test359.csv,203583,false
instances/n1000_test36.csv,201709,false
instances/n1000_test360.csv,48259666,false
instances/n1000_test361.csv,216750,false
instances/n1000_test362.csv,208917,true
instances/n1000_test363.csv,48250542,false
instances/n1000_test364.csv,203375,true
instances/n1000_test365.csv,206500,false
instances/n1000_test366.csv,48059750,true
instances/n1000_test367.csv,227750,true
instances/n1000_test368.csv,214375,true
instances/n1000_test369.csv,47024625,true
instances/n1000_test37.csv,226000,true
instances/n1000_test370.csv,209834,false
instances/n1000_test371.csv,48327167,true
instances/n1000_test372.csv,210542,true
instances/n1000_test373.csv,206792,false
instances/n1000_test374.csv,46910042,true
instances/n1000_test375.csv,237833,true
instances/n1000_test376.csv,205166,true
instances/n1000_test377.csv,47131334,false
instances/n1000_test378.csv,219792,false
instances/n1000_test379.csv,218709,false
instances/n1000_test38.csv,47610542,true
instances/n1000_test380.csv,220209,true
instances/n1000_test381.csv,204042,false
instances/n1000_test382.csv,47047916,true
instances/n1000_test383.csv,202875,false
instances/n1000_test384.csv,220416,true
instances/n1000_test385.csv,46948375,true
instances/n1000_test386.csv,204500,false
instances/n1000_test387.csv,212125,false
instances/n1000_test388.csv,47129667,true
instances/n1000_test389.csv,202625,true
instances/n1000_test39.csv,203000,false
instances/n1000_test390.csv,47596958,true
instances/n1000_test391.csv,213958,false
instances/n1000_test392.csv,204125,true
instances/n1000_test393.csv,47697250,false
instances/n1000_test394.csv,203959,false
instances/n1000_test395.csv,206791,true
instances/n1000_test396.csv,47059000,false
instances/n1000_test397.csv,205250,false
instances/n1000_test398.csv,209334,false
instances/n1000_test399.csv,55118750,false
instances/n1000_test4.csv,206958,true
instances/n1000_test40.csv,225667,false
instances/n1000_test400.csv,47228125,true
instances/n1000_test401.csv,206250,true
instances/n1000_test402.csv,219916,false
instances/n1000_test403.csv,47008625,false
instances/n1000_test404.csv,206500,false
instances/n1000_test405.csv,205917,false
instances/n1000_test406.csv,46949542,false
instances/n1000_test407.csv,211250,true
instances/n1000_test408.csv,203042,false
instances/n1000_test409.csv,47028166,true
instances/n1000_test41.csv,208625,false
instances/n1000_test410.csv,211958,true
instances/n1000_test411.csv,47108167,false
instances/n1000_test412.csv,211250,false
instances/n1000_test413.csv,209375,false
instances/n1000_test414.csv,48112292,true
instances/n1000_test415.csv,205250,true
instances/n1000_test416.csv,204125,false
instances/n1000_test417.csv,47030125,false
instances/n1000_test418.csv,204625,true
instances/n1000_test419.csv,215583,false
instances/n1000_test42.csv,46987625,true
instances/n1000_test420.csv,206166,false
instances/n1000_test421.csv,210875,false
instances/n1000_test422.csv,22439500,true
instances/n1000_test423.csv,343250,true
instances/n1000_test424.csv,57472917,true
instances/n1000_test425.csv,209667,true
instances/n1000_test426.csv,208500,true
instances/n1000_test427.csv,203625,false
instances/n1000_test428.csv,47524292,true
instances/n1000_test429.csv,204167,false
instances/n1000_test43.csv,206000,false
instances/n1000_test430.csv,47191000,false
instances/n1000_test431.csv,212792,true
instances/n1000_test432.csv,204833,false
instances/n1000_test433.csv,47696625,true
instances/n1000_test434.csv,205375,true
instances/n1000_test435.csv,206375,false
instances/n1000_test436.csv,48329708,false
instances/n1000_test437.csv,206167,true
instances/n1000_test438.csv,203500,true
instances/n1000_test439.csv,47220208,true
instances/n1000_test44.csv,207375,false
instances/n1000_test440.csv,210875,true
instances/n1000_test441.csv,47474167,false
instances/n1000_test442.csv,207041,true
instances/n1000_test443.csv,237209,true
instances/n1000_test444.csv,54004750,false
instances/n1000_test445.csv,208916,false
instances/n1000_test446.csv,395875,false
instances/n1000_test447.csv,52284541,true
instances/n1000_test448.csv,207542,false
instances/n1000_test449.csv,217833,false
instances/n1000_test45.csv,52206875,false
instances/n1000_test450.csv,208541,true
instances/n1000_test451.csv,272417,false
instances/n1000_test452.csv,48216583,false
instances/n1000_test453.csv,205000,true
instances/n1000_test454.csv,211125,true
instances/n1000_test455.csv,48135500,false
instances/n1000_test456.csv,207042,true
instances/n1000_test457.csv,241333,true
instances/n1000_test458.csv,48667417,true
instances/n1000_test459.csv,276416,true
instances/n1000_test46.csv,229375,true
instances/n1000_test460.csv,49907459,false
instances/n1000_test461.csv,209833,true
instances/n1000_test462.csv,205250,false
instances/n1000_test463.csv,47191458,false
instances/n1000_test464.csv,207334,true
instances/n1000_test465.csv,280000,true
instances/n1000_test466.csv,47221500,false
instances/n1000_test467.csv,210709,true
instances/n1000_test468.csv,204166,false
instances/n1000_test469.csv,47024375,true
instances/n1000_test47.csv,208000,false
instances/n1000_test470.csv,201708,false
instances/n1000_test471.csv,46986333,false
instances/n1000_test472.csv,215042,true
instances/n1000_test473.csv,203458,false
instances/n1000_test474.csv,47170417,true
instances/n1000_test475.csv,214917,false
instances/n1000_test476.csv,207375,false
instances/n1000_test477.csv,46916458,true
instances/n1000_test478.csv,224166,true
instances/n1000_test479.csv,210459,true
instances/n1000_test48.csv,46898250,false
instances/n1000_test480.csv,216792,false
instances/n1000_test481.csv,208792,true
instances/n1000_test482.csv,47175166,false
instances/n1000_test483.csv,230083,true
instances/n1000_test484.csv,204917,false
instances/n1000_test485.csv,48352916,false
instances/n1000_test486.csv,206250,true
instances/n1000_test487.csv,204458,true
instances/n1000_test488.csv,47083458,false
instances/n1000_test489.csv,213625,true
instances/n1000_test49.csv,216917,false
instances/n1000_test490.csv,47381541,false
instances/n1000_test491.csv,212416,true
instances/n1000_test492.csv,212542,true
instances/n1000_test493.csv,47102041,false
instances/n1000_test494.csv,334917,false
instances/n1000_test495.csv,243416,true
instances/n1000_test496.csv,16929041,false
instances/n1000_test497.csv,202542,false
instances/n1000_test498.csv,51574375,false
instances/n1000_test499.csv,210334,true
instances/n1000_test5.csv,202708,true
instances/n1000_test50.csv,70661500,true
instances/n1000_test500.csv,202833,false
instances/n1000_test51.csv,206000,false
instances/n1000_test52.csv,74350125,false
instances/n1000_test53.csv,219333,false
instances/n1000_test54.csv,222209,false
instances/n1000_test55.csv,76748541,false
instances/n1000_test56.csv,206875,false
instances/n1000_test57.csv,211375,true
instances/n1000_test58.csv,209125,false
instances/n1000_test59.csv,47329125,true
instances/n1000_test6.csv,208167,false
instances/n1000_test60.csv,210125,true
instances/n1000_test61.csv,47075625,false
instances/n1000_test62.csv,206000,false
instances/n1000_test63.csv,232750,true
instances/n1000_test64.csv,47133791,true
instances/n1000_test65.csv,209541,false
instances/n1000_test66.csv,207042,true
instances/n1000_test67.csv,47365541,false
instances/n1000_test68.csv,206792,false
instances/n1000_test69.csv,205416,true
instances/n1000_test7.csv,47182667,false
instances/n1000_test70.csv,208833,false
instances/n1000_test71.csv,205125,false
instances/n1000_test72.csv,47093458,true
instances/n1000_test73.csv,202000,true
instances/n1000_test74.csv,203542,true
instances/n1000_test75.csv,47482416,false
instances/n1000_test76.csv,207667,false
instances/n1000_test77.csv,204458,true
instances/n1000_test78.csv,47192958,false
instances/n1000_test79.csv,202833,true
instances/n1000_test8.csv,203625,false
instances/n1000_test80.csv,47127208,true
instances/n1000_test81.csv,208792,true
instances/n1000_test82.csv,211500,false
instances/n1000_test83.csv,47251667,true
instances/n1000_test84.csv,209083,false
instances/n1000_test85.csv,203875,false
instances/n1000_test86.csv,47306708,false
instances/n1000_test87.csv,210042,true
instances/n1000_test88.csv,206416,true
instances/n1000_test89.csv,47233125,true
instances/n1000_test9.csv,230042,true
instances/n1000_test90.csv,222458,false
instances/n1000_test91.csv,47397541,false
instances/n1000_test92.csv,209916,false
instances/n1000_test93.csv,203083,true
instances/n1000_test94.csv,47014708,false
instances/n1000_test95.csv,209458,true
instances/n1000_test96.csv,71838375,true
instances/n1000_test97.csv,392667,true
instances/n1000_test98.csv,206500,true
instances/n1000_test99.csv,204458,false
instances/n100_test1.csv,1666,true
instances/n100_test10.csv,63375,false
instances/n100_test100.csv,1500,true
instances/n100_test101.csv,1542,false
instances/n100_test102.csv,1625,false
instances/n100_test103.csv,4500,true
instances/n100_test104.csv,1667,false
instances/n100_test105.csv,4000,false
instances/n100_test106.csv,1417,true
instances/n100_test107.csv,1417,false
instances/n100_test108.csv,131625,true
instances/n100_test109.csv,5416,false
instances/n100_test11.csv,1708,false
instances/n100_test110.csv,7792,false
instances/n100_test111.csv,1708,false
instances/n100_test112.csv,1667,true
instances/n100_test113.csv,3541,true
instances/n100_test114.csv,1667,false
instances/n100_test115.csv,1625,true
instances/n100_test116.csv,1875,false
instances/n100_test117.csv,1708,false
instances/n100_test118.csv,1792,false
instances/n100_test119.csv,1667,true
instances/n100_test12.csv,1542,true
instances/n100_test120.csv,70125,true
instances/n100_test121.csv,1666,false
instances/n100_test122.csv,1750,true
instances/n100_test123.csv,1542,false
instances/n100_test124.csv,2667,true
instances/n100_test125.csv,1958,true
instances/n100_test126.csv,3625,true
instances/n100_test127.csv,1625,true
instances/n100_test128.csv,1583,false
instances/n100_test129.csv,1750,false
instances/n100_test13.csv,1541,false
instances/n100_test130.csv,1584,false
instances/n100_test131.csv,3834,true
instances/n100_test132.csv,1917,false
instances/n100_test133.csv,1584,false
instances/n100_test134.csv,3834,false
instances/n100_test135.csv,1542,true
instances/n100_test136.csv,1709,false
instances/n100_test137.csv,1834,true
instances/n100_test138.csv,1667,true
instances/n100_test139.csv,1542,true
instances/n100_test14.csv,3750,false
instances/n100_test140.csv,1834,true
instances/n100_test141.csv,1541,true
instances/n100_test142.csv,1417,true
instances/n100_test143.csv,1458,false
instances/n100_test144.csv,2208,false
instances/n100_test145.csv,10208,false
instances/n100_test146.csv,1875,false
instances/n100_test147.csv,3042,false
instances/n100_test148.csv,1667,true
instances/n100_test149.csv,1458,true
instances/n100_test15.csv,2167,true
instances/n100_test150.csv,9542,false
instances/n100_test151.csv,1917,false
instances/n100_test152.csv,8917,false
instances/n100_test153.csv,3292,false
instances/n100_test154.csv,17959,false
instances/n100_test155.csv,1542,false
instances/n100_test156.csv,1625,true
instances/n100_test157.csv,10375,true
instances/n100_test158.csv,10584,false
instances/n100_test159.csv,1666,true
instances/n100_test16.csv,1958,false
instances/n100_test160.csv,5875,true
instances/n100_test161.csv,4125,true
instances/n100_test162.csv,11167,false
instances/n100_test163.csv,1666,true
instances/n100_test164.csv,5917,false
instances/n100_test165.csv,6083,false
instances/n100_test166.csv,5875,true
instances/n100_test167.csv,6375,true
instances/n100_test168.csv,6291,true
instances/n100_test169.csv,5916,false
instances/n100_test17.csv,5834,false
instances/n100_test170.csv,70167,false
instances/n100_test171.csv,5958,false
instances/n100_test172.csv,5708,false
instances/n100_test173.csv,9833,true
instances/n100_test174.csv,9959,true
instances/n100_test175.csv,9875,true
instances/n100_test176.csv,6500,true
instances/n100_test177.csv,1875,true
instances/n100_test178.csv,1625,true
instances/n100_test179.csv,3000,false
instances/n100_test18.csv,2500,false
instances/n100_test180.csv,1666,true
instances/n100_test181.csv,1417,false
instances/n100_test182.csv,1583,true
instances/n100_test183.csv,1667,false
instances/n100_test184.csv,10083,false
instances/n100_test185.csv,1792,true
instances/n100_test186.csv,1583,true
instances/n100_test187.csv,5750,true
instances/n100_test188.csv,5417,false
instances/n100_test189.csv,6000,false
instances/n100_test19.csv,1542,false
instances/n100_test190.csv,1542,false
instances/n100_test191.csv,1334,false
instances/n100_test192.csv,1333,true
instances/n100_test193.csv,1334,true
instances/n100_test194.csv,5750,true
instances/n100_test195.csv,5666,true
instances/n100_test196.csv,5500,false
instances/n100_test197.csv,6459,true
instances/n100_test198.csv,6083,false
instances/n100_test199.csv,15000,false
instances/n100_test2.csv,5917,false
instances/n100_test20.csv,7084,false
instances/n100_test200.csv,6875,false
instances/n100_test201.csv,75000,true
instances/n100_test202.csv,1667,true
instances/n100_test203.csv,64958,false
instances/n100_test204.csv,1875,true
instances/n100_test205.csv,65333,false
instances/n100_test206.csv,3750,true
instances/n100_test207.csv,1416,true
instances/n100_test208.csv,1708,true
instances/n100_test209.csv,2333,true
instances/n100_test21.csv,1625,false
instances/n100_test210.csv,1542,true
instances/n100_test211.csv,1541,true
instances/n100_test212.csv,134209,false
instances/n100_test213.csv,1709,true
instances/n100_test214.csv,1625,true
instances/n100_test215.csv,68000,true
instances/n100_test216.csv,3917,true
instances/n100_test217.csv,1625,false
instances/n100_test218.csv,7875,true
instances/n100_test219.csv,1917,false
instances/n100_test22.csv,1500,false
instances/n100_test220.csv,1875,true
instances/n100_test221.csv,3541,false
instances/n100_test222.csv,1708,true
instances/n100_test223.csv,1625,true
instances/n100_test224.csv,3792,true
instances/n100_test225.csv,1750,true
instances/n100_test226.csv,63209,true
instances/n100_test227.csv,4500,true
instances/n100_test228.csv,1458,false
instances/n100_test229.csv,1500,false
instances/n100_test23.csv,1667,true
instances/n100_test230.csv,1750,false
instances/n100_test231.csv,1666,true
instances/n100_test232.csv,3958,false
instances/n100_test233.csv,1834,false
instances/n100_test234.csv,1542,false
instances/n100_test235.csv,1834,false
instances/n100_test236.csv,3958,true
instances/n100_test237.csv,3750,true
instances/n100_test238.csv,1958,false
instances/n100_test239.csv,1541,false
instances/n100_test24.csv,1833,true
instances/n100_test240.csv,1625,true
instances/n100_test241.csv,1500,true
instances/n100_test242.csv,1625,false
instances/n100_test243.csv,2167,false
instances/n100_test244.csv,3875,false
instances/n100_test245.csv,2084,true
instances/n100_test246.csv,1833,false
instances/n100_test247.csv,1500,false
instances/n100_test248.csv,1417,true
instances/n100_test249.csv,1833,false
instances/n100_test25.csv,1541,true
instances/n100_test250.csv,1875,false
instances/n100_test251.csv,2208,true
instances/n100_test252.csv,1417,true
instances/n100_test253.csv,2000,false
instances/n100_test254.csv,1625,false
instances/n100_test255.csv,3250,true
instances/n100_test256.csv,1792,true
instances/n100_test257.csv,1750,true
instances/n100_test258.csv,1417,true
instances/n100_test259.csv,2083,true
instances/n100_test26.csv,1500,true
instances/n100_test260.csv,1666,false
instances/n100_test261.csv,2291,false
instances/n100_test262.csv,1708,true
instances/n100_test263.csv,1458,true
instances/n100_test264.csv,1708,true
instances/n100_test265.csv,3541,false
instances/n100_test266.csv,3875,false
instances/n100_test267.csv,1958,true
instances/n100_test268.csv,3833,false
instances/n100_test269.csv,3916,false
instances/n100_test27.csv,4000,true
instances/n100_test270.csv,1625,false
instances/n100_test271.csv,1708,false
instances/n100_test272.csv,3708,true
instances/n100_test273.csv,1417,false
instances/n100_test274.csv,1375,true
instances/n100_test275.csv,1583,true
instances/n100_test276.csv,3167,false
instances/n100_test277.csv,1541,true
instances/n100_test278.csv,2500,false
instances/n100_test279.csv,11000,true
instances/n100_test28.csv,1875,true
instances/n100_test280.csv,1708,false
instances/n100_test281.csv,2208,false
instances/n100_test282.csv,1583,true
instances/n100_test283.csv,1917,true
instances/n100_test284.csv,62958,false
instances/n100_test285.csv,1541,false
instances/n100_test286.csv,2000,true
instances/n100_test287.csv,3875,true
instances/n100_test288.csv,1708,true
instances/n100_test289.csv,3666,true
instances/n100_test29.csv,3375,false
instances/n100_test290.csv,1500,false
instances/n100_test291.csv,2916,true
instances/n100_test292.csv,1500,false
instances/n100_test293.csv,1500,false
instances/n100_test294.csv,1708,true
instances/n100_test295.csv,1917,false
instances/n100_test296.csv,1917,true
instances/n100_test297.csv,1500,true
instances/n100_test298.csv,1584,false
instances/n100_test299.csv,1458,true
instances/n100_test3.csv,1500,false
instances/n100_test30.csv,1459,true
instances/n100_test300.csv,1583,false
instances/n100_test301.csv,4000,false
instances/n100_test302.csv,1542,true
instances/n100_test303.csv,1958,true
instances/n100_test304.csv,63166,true
instances/n100_test305.csv,1584,false
instances/n100_test306.csv,1458,true
instances/n100_test307.csv,1500,false
instances/n100_test308.csv,1666,true
instances/n100_test309.csv,6125,true
instances/n100_test31.csv,1625,false
instances/n100_test310.csv,3625,false
instances/n100_test311.csv,1750,false
instances/n100_test312.csv,1791,false
instances/n100_test313.csv,1750,false
instances/n100_test314.csv,3084,false
instances/n100_test315.csv,1667,true
instances/n100_test316.csv,1625,true
instances/n100_test317.csv,3958,false
instances/n100_test318.csv,1834,false
instances/n100_test319.csv,1750,true
instances/n100_test32.csv,1542,false
instances/n100_test320.csv,1459,true
instances/n100_test321.csv,1625,false
instances/n100_test322.csv,3667,false
instances/n100_test323.csv,1542,true
instances/n100_test324.csv,1625,true
instances/n100_test325.csv,1792,false
instances/n100_test326.csv,1458,true
instances/n100_test327.csv,2625,true
instances/n100_test328.csv,1541,true
instances/n100_test329.csv,4042,true
instances/n100_test33.csv,2333,true
instances/n100_test330.csv,2125,true
instances/n100_test331.csv,3708,true
instances/n100_test332.csv,1791,false
instances/n100_test333.csv,1541,true
instances/n100_test334.csv,2250,true
instances/n100_test335.csv,1584,true
instances/n100_test336.csv,1625,true
instances/n100_test337.csv,1458,true
instances/n100_test338.csv,1500,false
instances/n100_test339.csv,1458,false
instances/n100_test34.csv,1792,false
instances/n100_test340.csv,1708,true
instances/n100_test341.csv,1667,true
instances/n100_test342.csv,1917,false
instances/n100_test343.csv,1667,true
instances/n100_test344.csv,1542,false
instances/n100_test345.csv,1542,false
instances/n100_test346.csv,1875,false
instances/n100_test347.csv,1625,false
instances/n100_test348.csv,1583,true
instances/n100_test349.csv,63500,false
instances/n100_test35.csv,1459,true
instances/n100_test350.csv,1500,false
instances/n100_test351.csv,1500,true
instances/n100_test352.csv,1500,false
instances/n100_test353.csv,1417,true
instances/n100_test354.csv,3792,false
instances/n100_test355.csv,1584,true
instances/n100_test356.csv,1625,true
instances/n100_test357.csv,1500,false
instances/n100_test358.csv,26042,true
instances/n100_test359.csv,1542,true
instances/n100_test36.csv,1542,false
instances/n100_test360.csv,1959,true
instances/n100_test361.csv,1958,true
instances/n100_test362.csv,1583,true
instances/n100_test363.csv,1500,false
instances/n100_test364.csv,1584,false
instances/n100_test365.csv,1500,true
instances/n100_test366.csv,61083,false
instances/n100_test367.csv,3875,false
instances/n100_test368.csv,7790750,false
instances/n100_test369.csv,1750,false
instances/n100_test37.csv,1500,true
instances/n100_test370.csv,1708,true
instances/n100_test371.csv,1500,true
instances/n100_test372.csv,2041,false
instances/n100_test373.csv,1958,true
instances/n100_test374.csv,3458,true
instances/n100_test375.csv,1584,true
instances/n100_test376.csv,1584,false
instances/n100_test377.csv,1708,false
instances/n100_test378.csv,2291,true
instances/n100_test379.csv,1583,false
instances/n100_test38.csv,62416,false
instances/n100_test380.csv,1750,false
instances/n100_test381.csv,1625,false
instances/n100_test382.csv,2000,true
instances/n100_test383.csv,1750,true
instances/n100_test384.csv,1541,true
instances/n100_test385.csv,1584,true
instances/n100_test386.csv,1833,true
instances/n100_test387.csv,1834,true
instances/n100_test388.csv,62708,true
instances/n100_test389.csv,2083,false
instances/n100_test39.csv,6167,false
instances/n100_test390.csv,1792,false
instances/n100_test391.csv,2667,true
instances/n100_test392.csv,3625,true
instances/n100_test393.csv,8352333,false
instances/n100_test394.csv,1541,true
instances/n100_test395.csv,1708,true
instances/n100_test396.csv,1916,false
instances/n100_test397.csv,1708,true
instances/n100_test398.csv,4417,false
instances/n100_test399.csv,1708,false
instances/n100_test4.csv,1458,false
instances/n100_test40.csv,3667,true
instances/n100_test400.csv,13334,false
instances/n100_test401.csv,2209,true
instances/n100_test402.csv,1875,true
instances/n100_test403.csv,4000,false
instances/n100_test404.csv,1625,true
instances/n100_test405.csv,1625,true
instances/n100_test406.csv,1458,true
instances/n100_test407.csv,1750,false
instances/n100_test408.csv,3083,true
instances/n100_test409.csv,1541,true
instances/n100_test41.csv,1500,true
instances/n100_test410.csv,1875,true
instances/n100_test411.csv,74042,true
instances/n100_test412.csv,4084,false
instances/n100_test413.csv,1708,false
instances/n100_test414.csv,64542,true
instances/n100_test415.csv,1833,true
instances/n100_test416.csv,1500,true
instances/n100_test417.csv,1458,true
instances/n100_test418.csv,1625,true
instances/n100_test419.csv,1500,false
instances/n100_test42.csv,1542,false
instances/n100_test420.csv,1583,false
instances/n100_test421.csv,1583,false
instances/n100_test422.csv,1542,true
instances/n100_test423.csv,1542,false
instances/n100_test424.csv,1875,true
instances/n100_test425.csv,3833,true
instances/n100_test426.csv,2333,true
instances/n100_test427.csv,3625,true
instances/n100_test428.csv,1666,true
instances/n100_test429.csv,1416,false
instances/n100_test43.csv,12417,true
instances/n100_test430.csv,1500,false
instances/n100_test431.csv,1500,false
instances/n100_test432.csv,3708,false
instances/n100_test433.csv,1917,false
instances/n100_test434.csv,1666,false
instances/n100_test435.csv,3625,false
instances/n100_test436.csv,1709,true
instances/n100_test437.csv,1666,true
instances/n100_test438.csv,1625,true
instances/n100_test439.csv,4125,true
instances/n100_test44.csv,68625,false
instances/n100_test440.csv,1583,true
instances/n100_test441.csv,2000,true
instances/n100_test442.csv,1625,false
instances/n100_test443.csv,2750,true
instances/n100_test444.csv,1666,false
instances/n100_test445.csv,1417,true
instances/n100_test446.csv,1500,true
instances/n100_test447.csv,1541,false
instances/n100_test448.csv,1459,false
instances/n100_test449.csv,1541,false
instances/n100_test45.csv,1417,true
instances/n100_test450.csv,1500,true
instances/n100_test451.csv,1500,true
instances/n100_test452.csv,1417,false
instances/n100_test453.csv,1459,false
instances/n100_test454.csv,1416,false
instances/n100_test455.csv,1458,true
instances/n100_test456.csv,2208,true
instances/n100_test457.csv,1667,true
instances/n100_test458.csv,1750,false
instances/n100_test459.csv,1833,false
instances/n100_test46.csv,1750,false
instances/n100_test460.csv,4000,false
instances/n100_test461.csv,1875,false
instances/n100_test462.csv,1833,true
instances/n100_test463.csv,3792,false
instances/n100_test464.csv,1750,true
instances/n100_test465.csv,1625,false
instances/n100_test466.csv,1750,true
instances/n100_test467.csv,4917,false
instances/n100_test468.csv,1500,false
instances/n100_test469.csv,1625,true
instances/n100_test47.csv,3833,true
instances/n100_test470.csv,1667,true
instances/n100_test471.csv,1667,false
instances/n100_test472.csv,4463250,false
instances/n100_test473.csv,2458,false
instances/n100_test474.csv,1667,true
instances/n100_test475.csv,1833,true
instances/n100_test476.csv,3625,true
instances/n100_test477.csv,2000,false
instances/n100_test478.csv,1583,true
instances/n100_test479.csv,1458,true
instances/n100_test48.csv,1625,true
instances/n100_test480.csv,2083,false
instances/n100_test481.csv,64292,true
instances/n100_test482.csv,3250,false
instances/n100_test483.csv,1833,false
instances/n100_test484.csv,2708,false
instances/n100_test485.csv,3792,true
instances/n100_test486.csv,81459,false
instances/n100_test487.csv,2333,false
instances/n100_test488.csv,3708,true
instances/n100_test489.csv,1875,true
instances/n100_test49.csv,1875,true
instances/n100_test490.csv,2042,false
instances/n100_test491.csv,6685542,false
instances/n100_test492.csv,1917,false
instances/n100_test493.csv,54959,true
instances/n100_test494.csv,1541,false
instances/n100_test495.csv,3667,true
instances/n100_test496.csv,1625,false
instances/n100_test497.csv,1833,true
instances/n100_test498.csv,1708,true
instances/n100_test499.csv,1667,true
instances/n100_test5.csv,1583,true
instances/n100_test50.csv,53250,true
instances/n100_test500.csv,1583,false
instances/n100_test51.csv,1542,true
instances/n100_test52.csv,1542,false
instances/n100_test53.csv,1458,false
instances/n100_test54.csv,1709,false
instances/n100_test55.csv,1917,true
instances/n100_test56.csv,4375,false
instances/n100_test57.csv,1625,false
instances/n100_test58.csv,4042,false
instances/n100_test59.csv,4000,false
instances/n100_test6.csv,1917,true
instances/n100_test60.csv,1542,false
instances/n100_test61.csv,2083,true
instances/n100_test62.csv,1917,true
instances/n100_test63.csv,1667,false
instances/n100_test64.csv,1417,false
instances/n100_test65.csv,1459,false
instances/n100_test66.csv,3792,false
instances/n100_test67.csv,3625,true
instances/n100_test68.csv,2083,false
instances/n100_test69.csv,1541,true
instances/n100_test7.csv,1416,false
instances/n100_test70.csv,3583,false
instances/n100_test71.csv,1459,true
instances/n100_test72.csv,1458,true
instances/n100_test73.csv,1875,false
instances/n100_test74.csv,3666,true
instances/n100_test75.csv,1458,true
instances/n100_test76.csv,1500,true
instances/n100_test77.csv,6428583,false
instances/n100_test78.csv,2083,true
instances/n100_test79.csv,1458,false
instances/n100_test8.csv,1625,true
instances/n100_test80.csv,1458,false
instances/n100_test81.csv,1500,false
instances/n100_test82.csv,1458,false
instances/n100_test83.csv,1791,false
instances/n100_test84.csv,1416,false
instances/n100_test85.csv,1625,true
instances/n100_test86.csv,1584,false
instances/n100_test87.csv,1625,false
instances/n100_test88.csv,1666,true
instances/n100_test89.csv,1458,true
instances/n100_test9.csv,62792,false
instances/n100_test90.csv,1833,false
instances/n100_test91.csv,1583,false
instances/n100_test92.csv,2416,false
instances/n100_test93.csv,1791,false
instances/n100_test94.csv,1583,true
instances/n100_test95.csv,3666,true
instances/n100_test96.csv,1917,true
instances/n100_test97.csv,1625,true
instances/n100_test98.csv,1917,false
instances/n100_test99.csv,1917,false
instances/n10_test1.csv,1125,false
instances/n10_test10.csv,42,false
instances/n10_test100.csv,83,false
instances/n10_test101.csv,84,true
instances/n10_test102.csv,84,true
instances/n10_test103.csv,4583,false
instances/n10_test104.csv,41,false
instances/n10_test105.csv,83,true
instances/n10_test106.csv,41,false
instances/n10_test107.csv,84,true
instances/n10_test108.csv,333,true
instances/n10_test109.csv,41,true
instances/n10_test11.csv,41,true
instances/n10_test110.csv,83,false
instances/n10_test111.csv,4458,false
instances/n10_test112.csv,417,true
instances/n10_test113.csv,42,false
instances/n10_test114.csv,41,true
instances/n10_test115.csv,42,false
instances/n10_test116.csv,83,true
instances/n10_test117.csv,42,false
instances/n10_test118.csv,41,true
instances/n10_test119.csv,4333,false
instances/n10_test12.csv,41,true
instances/n10_test120.csv,83,false
instances/n10_test121.csv,708,true
instances/n10_test122.csv,84,false
instances/n10_test123.csv,42,true
instances/n10_test124.csv,42,false
instances/n10_test125.csv,83,true
instances/n10_test126.csv,42,false
instances/n10_test127.csv,42,true
instances/n10_test128.csv,42,true
instances/n10_test129.csv,41,false
instances/n10_test13.csv,4541,false
instances/n10_test130.csv,42,false
instances/n10_test131.csv,42,true
instances/n10_test132.csv,83,false
instances/n10_test133.csv,84,true
instances/n10_test134.csv,250,true
instances/n10_test135.csv,42,true
instances/n10_test136.csv,41,true
instances/n10_test137.csv,41,true
instances/n10_test138.csv,83,true
instances/n10_test139.csv,83,true
instances/n10_test14.csv,41,false
instances/n10_test140.csv,375,false
instances/n10_test141.csv,41,true
instances/n10_test142.csv,42,false
instances/n10_test143.csv,42,true
instances/n10_test144.csv,84,false
instances/n10_test145.csv,4416,false
instances/n10_test146.csv,42,false
instances/n10_test147.csv,84,true
instances/n10_test148.csv,500,false
instances/n10_test149.csv,42,false
instances/n10_test15.csv,42,true
instances/n10_test150.csv,42,true
instances/n10_test151.csv,41,false
instances/n10_test152.csv,83,true
instances/n10_test153.csv,41,true
instances/n10_test154.csv,292,true
instances/n10_test155.csv,4292,false
instances/n10_test156.csv,42,true
instances/n10_test157.csv,375,false
instances/n10_test158.csv,42,true
instances/n10_test159.csv,167,false
instances/n10_test16.csv,42,true
instances/n10_test160.csv,292,false
instances/n10_test161.csv,166,false
instances/n10_test162.csv,125,true
instances/n10_test163.csv,84,true
instances/n10_test164.csv,125,false
instances/n10_test165.csv,334,false
instances/n10_test166.csv,9583,false
instances/n10_test167.csv,541,false
instances/n10_test168.csv,125,false
instances/n10_test169.csv,41,false
instances/n10_test17.csv,4834,false
instances/n10_test170.csv,4375,false
instances/n10_test171.csv,125,false
instances/n10_test172.csv,125,true
instances/n10_test173.csv,208,true
instances/n10_test174.csv,42,false
instances/n10_test175.csv,42,false
instances/n10_test176.csv,875,true
instances/n10_test177.csv,167,false
instances/n10_test178.csv,208,false
instances/n10_test179.csv,4375,false
instances/n10_test18.csv,42,true
instances/n10_test180.csv,375,false
instances/n10_test181.csv,41,true
instances/n10_test182.csv,41,false
instances/n10_test183.csv,83,true
instances/n10_test184.csv,84,false
instances/n10_test185.csv,708,false
instances/n10_test186.csv,41,false
instances/n10_test187.csv,125,true
instances/n10_test188.csv,167,true
instances/n10_test189.csv,42,true
instances/n10_test19.csv,84,true
instances/n10_test190.csv,84,true
instances/n10_test191.csv,20958,false
instances/n10_test192.csv,209,false
instances/n10_test193.csv,459,true
instances/n10_test194.csv,583,true
instances/n10_test195.csv,42,false
instances/n10_test196.csv,84,true
instances/n10_test197.csv,83,true
instances/n10_test198.csv,42,false
instances/n10_test199.csv,708,false
instances/n10_test2.csv,542,true
instances/n10_test20.csv,292,true
instances/n10_test200.csv,41,true
instances/n10_test201.csv,42,false
instances/n10_test202.csv,84,false
instances/n10_test203.csv,250,false
instances/n10_test204.csv,41,true
instances/n10_test205.csv,83,true
instances/n10_test206.csv,42,true
instances/n10_test207.csv,4291,false
instances/n10_test208.csv,209,true
instances/n10_test209.csv,125,false
instances/n10_test21.csv,4459,false
instances/n10_test210.csv,42,true
instances/n10_test211.csv,83,true
instances/n10_test212.csv,375,true
instances/n10_test213.csv,42,false
instances/n10_test214.csv,41,false
instances/n10_test215.csv,83,true
instances/n10_test216.csv,4208,false
instances/n10_test217.csv,4375,false
instances/n10_test218.csv,292,true
instances/n10_test219.csv,41,true
instances/n10_test22.csv,84,false
instances/n10_test220.csv,250,true
instances/n10_test221.csv,9959,false
instances/n10_test222.csv,41,true
instances/n10_test223.csv,375,true
instances/n10_test224.csv,83,false
instances/n10_test225.csv,291,true
instances/n10_test226.csv,42,false
instances/n10_test227.csv,42,false
instances/n10_test228.csv,375,true
instances/n10_test229.csv,84,false
instances/n10_test23.csv,84,true
instances/n10_test230.csv,167,true
instances/n10_test231.csv,584,true
instances/n10_test232.csv,4916,false
instances/n10_test233.csv,4292,false
instances/n10_test234.csv,167,true
instances/n10_test235.csv,42,true
instances/n10_test236.csv,83,false
instances/n10_test237.csv,42,false
instances/n10_test238.csv,208,true
instances/n10_test239.csv,167,true
instances/n10_test24.csv,334,false
instances/n10_test240.csv,41,true
instances/n10_test241.csv,4291,false
instances/n10_test242.csv,84,true
instances/n10_test243.csv,83,false
instances/n10_test244.csv,83,false
instances/n10_test245.csv,83,true
instances/n10_test246.csv,333,false
instances/n10_test247.csv,41,false
instances/n10_test248.csv,42,false
instances/n10_test249.csv,42,false
instances/n10_test25.csv,42,false
instances/n10_test250.csv,4458,false
instances/n10_test251.csv,166,false
instances/n10_test252.csv,1792,true
instances/n10_test253.csv,41,false
instances/n10_test254.csv,375,true
instances/n10_test255.csv,42,false
instances/n10_test256.csv,417,false
instances/n10_test257.csv,83,false
instances/n10_test258.csv,83,true
instances/n10_test259.csv,41,false
instances/n10_test26.csv,42,false
instances/n10_test260.csv,41,false
instances/n10_test261.csv,4417,false
instances/n10_test262.csv,42,false
instances/n10_test263.csv,42,true
instances/n10_test264.csv,42,true
instances/n10_test265.csv,83,false
instances/n10_test266.csv,208,true
instances/n10_test267.csv,42,true
instances/n10_test268.csv,209,false
instances/n10_test269.csv,12333,false
instances/n10_test27.csv,41,true
instances/n10_test270.csv,166,true
instances/n10_test271.csv,334,true
instances/n10_test272.csv,84,false
instances/n10_test273.csv,42,true
instances/n10_test274.csv,41,false
instances/n10_test275.csv,125,false
instances/n10_test276.csv,292,true
instances/n10_test277.csv,42,true
instances/n10_test278.csv,84,true
instances/n10_test279.csv,42,true
instances/n10_test28.csv,250,false
instances/n10_test280.csv,83,false
instances/n10_test281.csv,42,false
instances/n10_test282.csv,83,false
instances/n10_test283.csv,42,true
instances/n10_test284.csv,417,false
instances/n10_test285.csv,292,true
instances/n10_test286.csv,42,false
instances/n10_test287.csv,42,true
instances/n10_test288.csv,42,true
instances/n10_test289.csv,208,false
instances/n10_test29.csv,42,true
instances/n10_test290.csv,42,false
instances/n10_test291.csv,83,true
instances/n10_test292.csv,292,false
instances/n10_test293.csv,4125,false
instances/n10_test294.csv,167,true
instances/n10_test295.csv,208,false
instances/n10_test296.csv,83,true
instances/n10_test297.csv,83,true
instances/n10_test298.csv,250,false
instances/n10_test299.csv,83,false
instances/n10_test3.csv,334,true
instances/n10_test30.csv,42,false
instances/n10_test300.csv,3959,false
instances/n10_test301.csv,41,false
instances/n10_test302.csv,84,true
instances/n10_test303.csv,41,false
instances/n10_test304.csv,1000,true
instances/n10_test305.csv,208,true
instances/n10_test306.csv,375,false
instances/n10_test307.csv,167,false
instances/n10_test308.csv,42,false
instances/n10_test309.csv,41,true
instances/n10_test31.csv,42,false
instances/n10_test310.csv,4209,false
instances/n10_test311.csv,4625,false
instances/n10_test312.csv,541,true
instances/n10_test313.csv,83,true
instances/n10_test314.csv,125,true
instances/n10_test315.csv,42,false
instances/n10_test316.csv,292,false
instances/n10_test317.csv,375,true
instances/n10_test318.csv,42,false
instances/n10_test319.csv,42,true
instances/n10_test32.csv,42,true
instances/n10_test320.csv,42,false
instances/n10_test321.csv,4250,false
instances/n10_test322.csv,42,false
instances/n10_test323.csv,42,false
instances/n10_test324.csv,42,false
instances/n10_test325.csv,42,false
instances/n10_test326.csv,41,true
instances/n10_test327.csv,41,true
instances/n10_test328.csv,4042,false
instances/n10_test329.csv,84,false
instances/n10_test33.csv,41,false
instances/n10_test330.csv,41,true
instances/n10_test331.csv,42,true
instances/n10_test332.csv,42,false
instances/n10_test333.csv,41,false
instances/n10_test334.csv,334,false
instances/n10_test335.csv,42,false
instances/n10_test336.csv,42,true
instances/n10_test337.csv,41,false
instances/n10_test338.csv,167,true
instances/n10_test339.csv,917,true
instances/n10_test34.csv,42,true
instances/n10_test340.csv,41,false
instances/n10_test341.csv,83,true
instances/n10_test342.csv,41,true
instances/n10_test343.csv,709,false
instances/n10_test344.csv,41,false
instances/n10_test345.csv,42,false
instances/n10_test346.csv,9292,false
instances/n10_test347.csv,417,true
instances/n10_test348.csv,41,true
instances/n10_test349.csv,41,true
instances/n10_test35.csv,4667,false
instances/n10_test350.csv,42,true
instances/n10_test351.csv,41,false
instances/n10_test352.csv,42,true
instances/n10_test353.csv,42,true
instances/n10_test354.csv,83,true
instances/n10_test355.csv,333,true
instances/n10_test356.csv,83,false
instances/n10_test357.csv,4000,false
instances/n10_test358.csv,458,true
instances/n10_test359.csv,84,true
instances/n10_test36.csv,84,true
instances/n10_test360.csv,292,true
instances/n10_test361.csv,42,false
instances/n10_test362.csv,4042,false
instances/n10_test363.csv,4375,false
instances/n10_test364.csv,41,true
instances/n10_test365.csv,42,false
instances/n10_test366.csv,42,true
instances/n10_test367.csv,83,false
instances/n10_test368.csv,83,true
instances/n10_test369.csv,4375,false
instances/n10_test37.csv,41,false
instances/n10_test370.csv,4708,false
instances/n10_test371.csv,83,true
instances/n10_test372.csv,4250,false
instances/n10_test373.csv,83,false
instances/n10_test374.csv,4250,false
instances/n10_test375.csv,4291,false
instances/n10_test376.csv,42,true
instances/n10_test377.csv,84,true
instances/n10_test378.csv,417,false
instances/n10_test379.csv,125,true
instances/n10_test38.csv,42,false
instances/n10_test380.csv,84,true
instances/n10_test381.csv,42,false
instances/n10_test382.csv,42,true
instances/n10_test383.csv,4209,false
instances/n10_test384.csv,292,true
instances/n10_test385.csv,84,false
instances/n10_test386.csv,166,false
instances/n10_test387.csv,250,false
instances/n10_test388.csv,84,true
instances/n10_test389.csv,42,false
instances/n10_test39.csv,41,false
instances/n10_test390.csv,83,true
instances/n10_test391.csv,84,false
instances/n10_test392.csv,250,true
instances/n10_test393.csv,42,false
instances/n10_test394.csv,83,true
instances/n10_test395.csv,42,false
instances/n10_test396.csv,83,true
instances/n10_test397.csv,42,true
instances/n10_test398.csv,292,false
instances/n10_test399.csv,83,true
instances/n10_test4.csv,4375,false
instances/n10_test40.csv,250,true
instances/n10_test400.csv,41,false
instances/n10_test401.csv,42,true
instances/n10_test402.csv,83,true
instances/n10_test403.csv,292,true
instances/n10_test404.csv,4167,false
instances/n10_test405.csv,583,false
instances/n10_test406.csv,4292,false
instances/n10_test407.csv,4292,false
instances/n10_test408.csv,42,true
instances/n10_test409.csv,84,false
instances/n10_test41.csv,4334,false
instances/n10_test410.csv,334,true
instances/n10_test411.csv,42,false
instances/n10_test412.csv,334,false
instances/n10_test413.csv,291,false
instances/n10_test414.csv,41,false
instances/n10_test415.csv,209,true
instances/n10_test416.csv,42,true
instances/n10_test417.csv,83,true
instances/n10_test418.csv,4083,false
instances/n10_test419.csv,83,false
instances/n10_test42.csv,250,true
instances/n10_test420.csv,41,false
instances/n10_test421.csv,84,false
instances/n10_test422.csv,42,true
instances/n10_test423.csv,83,true
instances/n10_test424.csv,4375,false
instances/n10_test425.csv,41,false
instances/n10_test426.csv,42,true
instances/n10_test427.csv,41,true
instances/n10_test428.csv,83,true
instances/n10_test429.csv,41,true
instances/n10_test43.csv,166,true
instances/n10_test430.csv,291,true
instances/n10_test431.csv,42,false
instances/n10_test432.csv,42,true
instances/n10_test433.csv,42,false
instances/n10_test434.csv,292,true
instances/n10_test435.csv,4417,false
instances/n10_test436.csv,83,false
instances/n10_test437.csv,41,false
instances/n10_test438.csv,208,true
instances/n10_test439.csv,83,true
instances/n10_test44.csv,4459,false
instances/n10_test440.csv,42,true
instances/n10_test441.csv,41,false
instances/n10_test442.csv,417,true
instances/n10_test443.csv,83,false
instances/n10_test444.csv,375,true
instances/n10_test445.csv,250,false
instances/n10_test446.csv,292,true
instances/n10_test447.csv,41,false
instances/n10_test448.csv,166,false
instances/n10_test449.csv,500,false
instances/n10_test45.csv,333,true
instances/n10_test450.csv,4250,false
instances/n10_test451.csv,291,false
instances/n10_test452.csv,42,false
instances/n10_test453.csv,333,false
instances/n10_test454.csv,33417,false
instances/n10_test455.csv,41,true
instances/n10_test456.csv,42,true
instances/n10_test457.csv,292,true
instances/n10_test458.csv,42,false
instances/n10_test459.csv,42,true
instances/n10_test46.csv,41,true
instances/n10_test460.csv,42,false
instances/n10_test461.csv,83,true
instances/n10_test462.csv,4291,false
instances/n10_test463.csv,42,false
instances/n10_test464.csv,625,false
instances/n10_test465.csv,83,false
instances/n10_test466.csv,333,true
instances/n10_test467.csv,41,true
instances/n10_test468.csv,83,true
instances/n10_test469.csv,292,false
instances/n10_test47.csv,1250,true
instances/n10_test470.csv,166,false
instances/n10_test471.csv,250,true
instances/n10_test472.csv,167,true
instances/n10_test473.csv,83,false
instances/n10_test474.csv,83,true
instances/n10_test475.csv,83,false
instances/n10_test476.csv,42,false
instances/n10_test477.csv,125,false
instances/n10_test478.csv,42,true
instances/n10_test479.csv,667,false
instances/n10_test48.csv,41,false
instances/n10_test480.csv,41,false
instances/n10_test481.csv,83,true
instances/n10_test482.csv,42,false
instances/n10_test483.csv,167,false
instances/n10_test484.csv,83,true
instances/n10_test485.csv,42,true
instances/n10_test486.csv,42,false
instances/n10_test487.csv,375,false
instances/n10_test488.csv,83,true
instances/n10_test489.csv,41,true
instances/n10_test49.csv,41,true
instances/n10_test490.csv,292,true
instances/n10_test491.csv,83,true
instances/n10_test492.csv,41,true
instances/n10_test493.csv,42,true
instances/n10_test494.csv,4458,false
instances/n10_test495.csv,42,true
instances/n10_test496.csv,42,true
instances/n10_test497.csv,42,false
instances/n10_test498.csv,9875,false
instances/n10_test499.csv,458,true
instances/n10_test5.csv,84,false
instances/n10_test50.csv,708,true
instances/n10_test500.csv,42,true
instances/n10_test51.csv,42,false
instances/n10_test52.csv,42,true
instances/n10_test53.csv,83,true
instances/n10_test54.csv,83,true
instances/n10_test55.csv,41,false
instances/n10_test56.csv,459,true
instances/n10_test57.csv,42,false
instances/n10_test58.csv,41,false
instances/n10_test59.csv,1125,false
instances/n10_test6.csv,125,true
instances/n10_test60.csv,41,false
instances/n10_test61.csv,83,true
instances/n10_test62.csv,417,false
instances/n10_test63.csv,4583,false
instances/n10_test64.csv,500,false
instances/n10_test65.csv,166,true
instances/n10_test66.csv,792,false
instances/n10_test67.csv,83,false
instances/n10_test68.csv,84,false
instances/n10_test69.csv,292,true
instances/n10_test7.csv,4292,false
instances/n10_test70.csv,375,true
instances/n10_test71.csv,42,false
instances/n10_test72.csv,83,true
instances/n10_test73.csv,42,true
instances/n10_test74.csv,83,false
instances/n10_test75.csv,42,true
instances/n10_test76.csv,4416,false
instances/n10_test77.csv,584,true
instances/n10_test78.csv,83,true
instances/n10_test79.csv,167,false
instances/n10_test8.csv,41,false
instances/n10_test80.csv,41,true
instances/n10_test81.csv,42,true
instances/n10_test82.csv,41,true
instances/n10_test83.csv,42,true
instances/n10_test84.csv,4291,false
instances/n10_test85.csv,4583,false
instances/n10_test86.csv,84,false
instances/n10_test87.csv,42,false
instances/n10_test88.csv,292,false
instances/n10_test89.csv,167,false
instances/n10_test9.csv,334,false
instances/n10_test90.csv,292,true
instances/n10_test91.csv,41,true
instances/n10_test92.csv,83,false
instances/n10_test93.csv,42,false
instances/n10_test94.csv,84,false
instances/n10_test95.csv,292,true
instances/n10_test96.csv,41,false
instances/n10_test97.csv,83,true
instances/n10_test98.csv,41,false
instances/n10_test99.csv,41,false
instances/n5000_test1.csv,73070458,true
instances/n5000_test10.csv,91371084,true
instances/n5000_test100.csv,64500417,true
instances/n5000_test101.csv,20901666,false
instances/n5000_test102.csv,52370750,false
instances/n5000_test103.csv,9608334,true
instances/n5000_test104.csv,52541334,false
instances/n5000_test105.csv,10038083,false
instances/n5000_test106.csv,52465834,true
instances/n5000_test107.csv,8941667,false
instances/n5000_test108.csv,52450583,false
instances/n5000_test109.csv,9028084,true
instances/n5000_test11.csv,53475625,true
instances/n5000_test110.csv,9566875,true
instances/n5000_test111.csv,52507375,true
instances/n5000_test112.csv,9022708,false
instances/n5000_test113.csv,52423209,true
instances/n5000_test114.csv,8957875,true
instances/n5000_test115.csv,59987667,false
instances/n5000_test116.csv,9358542,true
instances/n5000_test117.csv,52917833,false
instances/n5000_test118.csv,8987292,true
instances/n5000_test119.csv,60019792,false
instances/n5000_test12.csv,9363125,true
instances/n5000_test120.csv,52707000,true
instances/n5000_test121.csv,8917792,true
instances/n5000_test122.csv,92063417,false
instances/n5000_test123.csv,11242542,false
instances/n5000_test124.csv,52543334,false
instances/n5000_test125.csv,17248208,true
instances/n5000_test126.csv,52388292,false
instances/n5000_test127.csv,9057958,true
instances/n5000_test128.csv,52435709,false
instances/n5000_test129.csv,8959500,false
instances/n5000_test13.csv,52876750,true
instances/n5000_test130.csv,8993292,true
instances/n5000_test131.csv,52858500,false
instances/n5000_test132.csv,9087750,false
instances/n5000_test133.csv,52698917,true
instances/n5000_test134.csv,8974625,true
instances/n5000_test135.csv,53601666,false
instances/n5000_test136.csv,9489917,false
instances/n5000_test137.csv,62987917,false
instances/n5000_test138.csv,8955166,true
instances/n5000_test139.csv,53890958,false
instances/n5000_test14.csv,8964250,true
instances/n5000_test140.csv,1995824750,true
instances/n5000_test141.csv,101600667,false
instances/n5000_test142.csv,8923000,true
instances/n5000_test143.csv,54301584,true
instances/n5000_test144.csv,9444250,false
instances/n5000_test145.csv,1866783250,false
instances/n5000_test146.csv,61735333,false
instances/n5000_test147.csv,8929875,false
instances/n5000_test148.csv,52811458,false
instances/n5000_test149.csv,9113042,true
instances/n5000_test15.csv,52881833,false
instances/n5000_test150.csv,9075333,true
instances/n5000_test151.csv,52568959,true
instances/n5000_test152.csv,9153583,false
instances/n5000_test153.csv,52690750,true
instances/n5000_test154.csv,9160292,false
instances/n5000_test155.csv,64115167,true
instances/n5000_test156.csv,9395792,true
instances/n5000_test157.csv,54828208,true
instances/n5000_test158.csv,15438208,false
instances/n5000_test159.csv,54041292,false
instances/n5000_test16.csv,9017959,true
instances/n5000_test160.csv,106678875,false
instances/n5000_test161.csv,9124084,false
instances/n5000_test162.csv,52795958,true
instances/n5000_test163.csv,9099584,true
instances/n5000_test164.csv,52741500,true
instances/n5000_test165.csv,9362542,false
instances/n5000_test166.csv,52574583,true
instances/n5000_test167.csv,8976500,true
instances/n5000_test168.csv,52864208,true
instances/n5000_test169.csv,8992333,false
instances/n5000_test17.csv,53975666,true
instances/n5000_test170.csv,24262667,true
instances/n5000_test171.csv,52807625,true
instances/n5000_test172.csv,9408667,false
instances/n5000_test173.csv,52986167,true
instances/n5000_test174.csv,9856417,false
instances/n5000_test175.csv,60238375,true
instances/n5000_test176.csv,9031167,true
instances/n5000_test177.csv,1913602542,true
instances/n5000_test178.csv,56526292,true
instances/n5000_test179.csv,9536875,true
instances/n5000_test18.csv,69535750,false
instances/n5000_test180.csv,9256750,true
instances/n5000_test181.csv,52558458,false
instances/n5000_test182.csv,9048667,true
instances/n5000_test183.csv,57082250,false
instances/n5000_test184.csv,9036084,true
instances/n5000_test185.csv,52898000,false
instances/n5000_test186.csv,9519792,true
instances/n5000_test187.csv,54687000,false
instances/n5000_test188.csv,8981041,true
instances/n5000_test189.csv,53018084,true
instances/n5000_test19.csv,9111625,true
instances/n5000_test190.csv,55731167,false
instances/n5000_test191.csv,9632708,false
instances/n5000_test192.csv,52654584,true
instances/n5000_test193.csv,14667417,false
instances/n5000_test194.csv,52609583,false
instances/n5000_test195.csv,11261459,true
instances/n5000_test196.csv,53078208,false
instances/n5000_test197.csv,9099375,false
instances/n5000_test198.csv,52538000,true
instances/n5000_test199.csv,9435292,false
instances/n5000_test2.csv,63773167,true
instances/n5000_test20.csv,9167500,false
instances/n5000_test200.csv,53096750,false
instances/n5000_test201.csv,12806834,true
instances/n5000_test202.csv,52707250,false
instances/n5000_test203.csv,9209542,true
instances/n5000_test204.csv,53753167,true
instances/n5000_test205.csv,9043208,true
instances/n5000_test206.csv,53693750,false
instances/n5000_test207.csv,19292292,false
instances/n5000_test208.csv,52571292,true
instances/n5000_test209.csv,9014917,false
instances/n5000_test21.csv,61212083,true
instances/n5000_test210.csv,9194875,false
instances/n5000_test211.csv,52557875,true
instances/n5000_test212.csv,8970333,true
instances/n5000_test213.csv,52790917,true
instances/n5000_test214.csv,8938875,false
instances/n5000_test215.csv,62950042,true
instances/n5000_test216.csv,9126584,false
instances/n5000_test217.csv,56596167,true
instances/n5000_test218.csv,17581833,true
instances/n5000_test219.csv,52440625,true
instances/n5000_test22.csv,9905833,false
instances/n5000_test220.csv,53956875,false
instances/n5000_test221.csv,9293875,true
instances/n5000_test222.csv,56667666,false
instances/n5000_test223.csv,9014667,true
instances/n5000_test224.csv,52885625,true
instances/n5000_test225.csv,9178500,true
instances/n5000_test226.csv,53343459,true
instances/n5000_test227.csv,9043042,true
instances/n5000_test228.csv,52899750,false
instances/n5000_test229.csv,9542042,true
instances/n5000_test23.csv,52816625,true
instances/n5000_test230.csv,9051083,false
instances/n5000_test231.csv,52875791,false
instances/n5000_test232.csv,8918292,true
instances/n5000_test233.csv,60594708,false
instances/n5000_test234.csv,9662041,true
instances/n5000_test235.csv,53060750,true
instances/n5000_test236.csv,9184417,false
instances/n5000_test237.csv,52491083,true
instances/n5000_test238.csv,9050625,false
instances/n5000_test239.csv,63322250,false
instances/n5000_test24.csv,8918084,false
instances/n5000_test240.csv,57248416,false
instances/n5000_test241.csv,17933417,true
instances/n5000_test242.csv,53148292,false
instances/n5000_test243.csv,8984000,false
instances/n5000_test244.csv,52632709,false
instances/n5000_test245.csv,8953583,true
instances/n5000_test246.csv,63285375,true
instances/n5000_test247.csv,18905125,false
instances/n5000_test248.csv,53007084,true
instances/n5000_test249.csv,9051542,false
instances/n5000_test25.csv,52586667,true
instances/n5000_test250.csv,11806917,false
instances/n5000_test251.csv,52850958,false
instances/n5000_test252.csv,8957709,false
instances/n5000_test253.csv,52943250,false
instances/n5000_test254.csv,9761750,false
instances/n5000_test255.csv,64689834,true
instances/n5000_test256.csv,9581042,false
instances/n5000_test257.csv,54629625,false
instances/n5000_test258.csv,10021709,true
instances/n5000_test259.csv,52544667,false
instances/n5000_test26.csv,8984292,false
instances/n5000_test260.csv,52700417,true
instances/n5000_test261.csv,10205833,true
instances/n5000_test262.csv,56238042,false
instances/n5000_test263.csv,20055750,true
instances/n5000_test264.csv,52631041,true
instances/n5000_test265.csv,9289083,true
instances/n5000_test266.csv,59341458,false
instances/n5000_test267.csv,9555459,true
instances/n5000_test268.csv,53717208,false
instances/n5000_test269.csv,9361500,true
instances/n5000_test27.csv,58848167,false
instances/n5000_test270.csv,9008250,false
instances/n5000_test271.csv,63621917,true
instances/n5000_test272.csv,8970667,false
instances/n5000_test273.csv,56323542,false
instances/n5000_test274.csv,9516500,false
instances/n5000_test275.csv,52830417,false
instances/n5000_test276.csv,9939583,false
instances/n5000_test277.csv,52550875,true
instances/n5000_test278.csv,8977750,false
instances/n5000_test279.csv,52734708,false
instances/n5000_test28.csv,19532083,true
instances/n5000_test280.csv,52842584,false
instances/n5000_test281.csv,8946417,true
instances/n5000_test282.csv,52769541,true
instances/n5000_test283.csv,9127458,false
instances/n5000_test284.csv,53132583,true
instances/n5000_test285.csv,15533958,false
instances/n5000_test286.csv,55727375,true
instances/n5000_test287.csv,9341667,false
instances/n5000_test288.csv,59141292,false
instances/n5000_test289.csv,9034916,true
instances/n5000_test29.csv,53825292,true
instances/n5000_test290.csv,9087333,false
instances/n5000_test291.csv,53687208,false
instances/n5000_test292.csv,10059209,false
instances/n5000_test293.csv,52783959,true
instances/n5000_test294.csv,10267042,false
instances/n5000_test295.csv,68918667,true
instances/n5000_test296.csv,9988583,false
instances/n5000_test297.csv,56654542,true
instances/n5000_test298.csv,9311375,false
instances/n5000_test299.csv,53023292,true
instances/n5000_test3.csv,9493250,false
instances/n5000_test30.csv,52634917,true
instances/n5000_test300.csv,9299625,true
instances/n5000_test301.csv,52835000,true
instances/n5000_test302.csv,19017250,true
instances/n5000_test303.csv,52440791,true
instances/n5000_test304.csv,8920792,false
instances/n5000_test305.csv,53658000,true
instances/n5000_test306.csv,9042000,false
instances/n5000_test307.csv,52680666,true
instances/n5000_test308.csv,9052791,true
instances/n5000_test309.csv,53460250,false
instances/n5000_test31.csv,9066542,false
instances/n5000_test310.csv,64007125,true
instances/n5000_test311.csv,9002875,false
instances/n5000_test312.csv,71479833,false
instances/n5000_test313.csv,9075625,true
instances/n5000_test314.csv,60797125,true
instances/n5000_test315.csv,9288584,true
instances/n5000_test316.csv,64026875,false
instances/n5000_test317.csv,9047250,true
instances/n5000_test318.csv,65691334,false
instances/n5000_test319.csv,9001042,false
instances/n5000_test32.csv,53272334,false
instances/n5000_test320.csv,9106917,false
instances/n5000_test321.csv,53518500,false
instances/n5000_test322.csv,10364750,true
instances/n5000_test323.csv,54335625,false
instances/n5000_test324.csv,9053916,true
instances/n5000_test325.csv,65851791,true
instances/n5000_test326.csv,9048875,false
instances/n5000_test327.csv,53498167,false
instances/n5000_test328.csv,8999792,true
instances/n5000_test329.csv,54219625,true
instances/n5000_test33.csv,10962750,true
instances/n5000_test330.csv,54319958,false
instances/n5000_test331.csv,8987833,false
instances/n5000_test332.csv,55009083,false
instances/n5000_test333.csv,20171167,false
instances/n5000_test334.csv,2368167208,true
instances/n5000_test335.csv,55079583,true
instances/n5000_test336.csv,9116917,true
instances/n5000_test337.csv,62762542,false
instances/n5000_test338.csv,9006250,true
instances/n5000_test339.csv,54116417,false
instances/n5000_test34.csv,9002042,false
instances/n5000_test340.csv,54383167,false
instances/n5000_test341.csv,9596167,false
instances/n5000_test342.csv,54538542,false
instances/n5000_test343.csv,9149042,true
instances/n5000_test344.csv,54547291,true
instances/n5000_test345.csv,19939125,true
instances/n5000_test346.csv,54314125,false
instances/n5000_test347.csv,8983791,true
instances/n5000_test348.csv,55357583,false
instances/n5000_test349.csv,12175042,false
instances/n5000_test35.csv,54276084,true
instances/n5000_test350.csv,16564084,true
instances/n5000_test351.csv,63807625,true
instances/n5000_test352.csv,20963708,true
instances/n5000_test353.csv,54311042,true
instances/n5000_test354.csv,9092667,false
instances/n5000_test355.csv,54195083,false
instances/n5000_test356.csv,9108750,false
instances/n5000_test357.csv,54969500,true
instances/n5000_test358.csv,9032667,false
instances/n5000_test359.csv,61107334,true
instances/n5000_test36.csv,19562208,true
instances/n5000_test360.csv,54952208,false
instances/n5000_test361.csv,9121541,false
instances/n5000_test362.csv,56247000,false
instances/n5000_test363.csv,11423667,true
instances/n5000_test364.csv,54184084,true
instances/n5000_test365.csv,8964667,false
instances/n5000_test366.csv,54210958,true
instances/n5000_test367.csv,9073334,true
instances/n5000_test368.csv,65059125,false
instances/n5000_test369.csv,16171875,false
instances/n5000_test37.csv,55384125,false
instances/n5000_test370.csv,9025417,false
instances/n5000_test371.csv,54224625,false
instances/n5000_test372.csv,9405458,true
instances/n5000_test373.csv,54177917,true
instances/n5000_test374.csv,10116000,false
instances/n5000_test375.csv,66574417,false
instances/n5000_test376.csv,9080209,false
instances/n5000_test377.csv,55986125,true
instances/n5000_test378.csv,9052625,false
instances/n5000_test379.csv,54770208,true
instances/n5000_test38.csv,9542666,true
instances/n5000_test380.csv,54478416,false
instances/n5000_test381.csv,9111958,true
instances/n5000_test382.csv,65447083,false
instances/n5000_test383.csv,24603000,true
instances/n5000_test384.csv,56327417,false
instances/n5000_test385.csv,9205084,true
instances/n5000_test386.csv,54179209,true
instances/n5000_test387.csv,9210958,true
instances/n5000_test388.csv,54054167,true
instances/n5000_test389.csv,13906583,false
instances/n5000_test39.csv,55053834,true
instances/n5000_test390.csv,20863708,true
instances/n5000_test391.csv,54077375,true
instances/n5000_test392.csv,9081125,false
instances/n5000_test393.csv,63562375,true
instances/n5000_test394.csv,52889292,false
instances/n5000_test395.csv,54320292,false
instances/n5000_test396.csv,9085667,false
instances/n5000_test397.csv,55100708,true
instances/n5000_test398.csv,20848000,false
instances/n5000_test399.csv,54312042,false
instances/n5000_test4.csv,12028958,false
instances/n5000_test40.csv,55397833,false
instances/n5000_test400.csv,9089334,false
instances/n5000_test401.csv,54201667,false
instances/n5000_test402.csv,17398458,true
instances/n5000_test403.csv,56769708,false
instances/n5000_test404.csv,13444000,true
instances/n5000_test405.csv,54452500,false
instances/n5000_test406.csv,9158834,false
instances/n5000_test407.csv,56785250,false
instances/n5000_test408.csv,9069250,false
instances/n5000_test409.csv,54155667,true
instances/n5000_test41.csv,12731833,false
instances/n5000_test410.csv,55744750,false
instances/n5000_test411.csv,20646541,false
instances/n5000_test412.csv,54068458,true
instances/n5000_test413.csv,9609250,true
instances/n5000_test414.csv,56523375,false
instances/n5000_test415.csv,9052709,false
instances/n5000_test416.csv,54095208,true
instances/n5000_test417.csv,10425167,false
instances/n5000_test418.csv,60179958,true
instances/n5000_test419.csv,24222583,false
instances/n5000_test42.csv,54457000,false
instances/n5000_test420.csv,9176083,true
instances/n5000_test421.csv,54715167,true
instances/n5000_test422.csv,60770000,true
instances/n5000_test423.csv,54116250,true
instances/n5000_test424.csv,9059833,false
instances/n5000_test425.csv,54323959,false
instances/n5000_test426.csv,19508208,false
instances/n5000_test427.csv,54259542,true
instances/n5000_test428.csv,9957250,false
instances/n5000_test429.csv,139219334,true
instances/n5000_test43.csv,17869542,false
instances/n5000_test430.csv,54321416,true
instances/n5000_test431.csv,9020292,true
instances/n5000_test432.csv,54505250,true
instances/n5000_test433.csv,11126792,false
instances/n5000_test434.csv,73854708,true
instances/n5000_test435.csv,10120500,false
instances/n5000_test436.csv,55419166,true
instances/n5000_test437.csv,9879416,false
instances/n5000_test438.csv,54700125,false
instances/n5000_test439.csv,9582833,false
instances/n5000_test44.csv,56750417,false
instances/n5000_test440.csv,9119500,false
instances/n5000_test441.csv,66096167,true
instances/n5000_test442.csv,9743417,false
instances/n5000_test443.csv,54410500,false
instances/n5000_test444.csv,9434250,false
instances/n5000_test445.csv,54240250,false
instances/n5000_test446.csv,9674958,true
instances/n5000_test447.csv,58378500,false
instances/n5000_test448.csv,10183625,true
instances/n5000_test449.csv,66614375,false
instances/n5000_test45.csv,9044875,false
instances/n5000_test450.csv,54444083,true
instances/n5000_test451.csv,9340125,true
instances/n5000_test452.csv,54370542,false
instances/n5000_test453.csv,9005209,true
instances/n5000_test454.csv,54391916,false
instances/n5000_test455.csv,9612083,false
instances/n5000_test456.csv,65094916,false
instances/n5000_test457.csv,9078500,false
instances/n5000_test458.csv,54393417,true
instances/n5000_test459.csv,9701834,true
instances/n5000_test46.csv,59598125,false
instances/n5000_test460.csv,9471333,false
instances/n5000_test461.csv,54337417,true
instances/n5000_test462.csv,9141666,false
instances/n5000_test463.csv,58582917,false
instances/n5000_test464.csv,9134083,false
instances/n5000_test465.csv,53998792,true
instances/n5000_test466.csv,9465042,false
instances/n5000_test467.csv,54612375,true
instances/n5000_test468.csv,9290375,false
instances/n5000_test469.csv,54285333,false
instances/n5000_test47.csv,9106292,false
instances/n5000_test470.csv,55071375,false
instances/n5000_test471.csv,9108458,false
instances/n5000_test472.csv,54091375,false
instances/n5000_test473.csv,9086750,true
instances/n5000_test474.csv,61575958,false
instances/n5000_test475.csv,18030167,false
instances/n5000_test476.csv,54554458,false
instances/n5000_test477.csv,9349500,false
instances/n5000_test478.csv,54030125,false
instances/n5000_test479.csv,19874666,false
instances/n5000_test48.csv,54258792,false
instances/n5000_test480.csv,9201458,true
instances/n5000_test481.csv,54056291,true
instances/n5000_test482.csv,13127917,true
instances/n5000_test483.csv,54284000,false
instances/n5000_test484.csv,15343792,true
instances/n5000_test485.csv,55388167,false
instances/n5000_test486.csv,9167291,true
instances/n5000_test487.csv,70671250,false
instances/n5000_test488.csv,30820708,true
instances/n5000_test489.csv,82709416,true
instances/n5000_test49.csv,9509208,true
instances/n5000_test490.csv,54486916,true
instances/n5000_test491.csv,9072375,true
instances/n5000_test492.csv,84776750,false
instances/n5000_test493.csv,9188375,true
instances/n5000_test494.csv,65693875,false
instances/n5000_test495.csv,8969292,true
instances/n5000_test496.csv,56888625,true
instances/n5000_test497.csv,9068459,false
instances/n5000_test498.csv,54322125,true
instances/n5000_test499.csv,9888833,false
instances/n5000_test5.csv,54635417,false
instances/n5000_test50.csv,10893583,false
instances/n5000_test500.csv,66267209,false
instances/n5000_test51.csv,9225458,true
instances/n5000_test52.csv,54492166,false
instances/n5000_test53.csv,17512458,false
instances/n5000_test54.csv,54426208,false
instances/n5000_test55.csv,9828583,false
instances/n5000_test56.csv,54360041,false
instances/n5000_test57.csv,2435971375,false
instances/n5000_test58.csv,55835959,true
instances/n5000_test59.csv,19333042,false
instances/n5000_test6.csv,69937959,true
instances/n5000_test60.csv,9451791,false
instances/n5000_test61.csv,55562875,false
instances/n5000_test62.csv,9064042,true
instances/n5000_test63.csv,55499958,true
instances/n5000_test64.csv,10023875,false
instances/n5000_test65.csv,54077167,false
instances/n5000_test66.csv,9084125,false
instances/n5000_test67.csv,54115292,false
instances/n5000_test68.csv,9351500,true
instances/n5000_test69.csv,62529334,false
instances/n5000_test7.csv,12317792,true
instances/n5000_test70.csv,64778042,false
instances/n5000_test71.csv,18476833,false
instances/n5000_test72.csv,58312042,true
instances/n5000_test73.csv,13935792,false
instances/n5000_test74.csv,55961458,true
instances/n5000_test75.csv,9590084,true
instances/n5000_test76.csv,61301750,false
instances/n5000_test77.csv,9453375,false
instances/n5000_test78.csv,55192084,false
instances/n5000_test79.csv,9790708,true
instances/n5000_test8.csv,56353666,false
instances/n5000_test80.csv,21247000,false
instances/n5000_test81.csv,58111916,false
instances/n5000_test82.csv,9786125,true
instances/n5000_test83.csv,54948625,false
instances/n5000_test84.csv,9164167,true
instances/n5000_test85.csv,55105458,false
instances/n5000_test86.csv,9259417,true
instances/n5000_test87.csv,2403305584,false
instances/n5000_test88.csv,55264625,true
instances/n5000_test89.csv,11558583,false
instances/n5000_test9.csv,54132542,true
instances/n5000_test90.csv,9393208,false
instances/n5000_test91.csv,54239709,false
instances/n5000_test92.csv,9066166,false
instances/n5000_test93.csv,57260208,true
instances/n5000_test94.csv,38784083,true
instances/n5000_test95.csv,56155792,false
instances/n5000_test96.csv,20974416,false
instances/n5000_test97.csv,54621750,false
instances/n5000_test98.csv,9196583,true
instances/n5000_test99.csv,57582459,false
instances/n500_test1.csv,51708,true
instances/n500_test10.csv,48167,false
instances/n500_test100.csv,53917,true
instances/n500_test101.csv,52959,false
instances/n500_test102.csv,50042,false
instances/n500_test103.csv,48959,true
instances/n500_test104.csv,52875,true
instances/n500_test105.csv,50042,false
instances/n500_test106.csv,55334,false
instances/n500_test107.csv,55125,true
instances/n500_test108.csv,53125,false
instances/n500_test109.csv,53458,true
instances/n500_test11.csv,49916,true
instances/n500_test110.csv,54583,true
instances/n500_test111.csv,50417,true
instances/n500_test112.csv,48542,false
instances/n500_test113.csv,54209,true
instances/n500_test114.csv,51250,false
instances/n500_test115.csv,53000,false
instances/n500_test116.csv,52541,true
instances/n500_test117.csv,49625,true
instances/n500_test118.csv,50083,true
instances/n500_test119.csv,49291,true
instances/n500_test12.csv,48167,false
instances/n500_test120.csv,55125,false
instances/n500_test121.csv,45625,true
instances/n500_test122.csv,49667,false
instances/n500_test123.csv,47375,false
instances/n500_test124.csv,47208,false
instances/n500_test125.csv,48959,false
instances/n500_test126.csv,49584,false
instances/n500_test127.csv,53083,true
instances/n500_test128.csv,50167,false
instances/n500_test129.csv,46791,false
instances/n500_test13.csv,55250,true
instances/n500_test130.csv,43667,false
instances/n500_test131.csv,49833,false
instances/n500_test132.csv,51250,false
instances/n500_test133.csv,50333,true
instances/n500_test134.csv,51541,true
instances/n500_test135.csv,51708,true
instances/n500_test136.csv,46875,true
instances/n500_test137.csv,324416,true
instances/n500_test138.csv,47375,false
instances/n500_test139.csv,194958,false
instances/n500_test14.csv,194750,true
instances/n500_test140.csv,3528417,false
instances/n500_test141.csv,51092458,true
instances/n500_test142.csv,48834,false
instances/n500_test143.csv,47500,true
instances/n500_test144.csv,51292,true
instances/n500_test145.csv,48709,false
instances/n500_test146.csv,48125,true
instances/n500_test147.csv,44416,true
instances/n500_test148.csv,50625,true
instances/n500_test149.csv,49958,false
instances/n500_test15.csv,54209,false
instances/n500_test150.csv,3531417,false
instances/n500_test151.csv,47417,true
instances/n500_test152.csv,49500,true
instances/n500_test153.csv,51666,false
instances/n500_test154.csv,50583,false
instances/n500_test155.csv,49042,false
instances/n500_test156.csv,46541,false
instances/n500_test157.csv,235625,true
instances/n500_test158.csv,49708,true
instances/n500_test159.csv,66250,true
instances/n500_test16.csv,2532000,true
instances/n500_test160.csv,43250,true
instances/n500_test161.csv,50958,false
instances/n500_test162.csv,47875,true
instances/n500_test163.csv,53542,false
instances/n500_test164.csv,50792,true
instances/n500_test165.csv,48500,true
instances/n500_test166.csv,47583,false
instances/n500_test167.csv,55309250,true
instances/n500_test168.csv,51500,false
instances/n500_test169.csv,49667,false
instances/n500_test17.csv,46834,true
instances/n500_test170.csv,49541,true
instances/n500_test171.csv,50500,false
instances/n500_test172.csv,56500,true
instances/n500_test173.csv,4052625,true
instances/n500_test174.csv,51750,true
instances/n500_test175.csv,54333,false
instances/n500_test176.csv,58167,false
instances/n500_test177.csv,48375,false
instances/n500_test178.csv,46041,true
instances/n500_test179.csv,50625,true
instances/n500_test18.csv,230750,false
instances/n500_test180.csv,49083,true
instances/n500_test181.csv,50042,true
instances/n500_test182.csv,50583,true
instances/n500_test183.csv,50125,true
instances/n500_test184.csv,48875,true
instances/n500_test185.csv,49084,false
instances/n500_test186.csv,3512541,true
instances/n500_test187.csv,48959,true
instances/n500_test188.csv,47667,false
instances/n500_test189.csv,58166,true
instances/n500_test19.csv,49167,false
instances/n500_test190.csv,49167,false
instances/n500_test191.csv,46875,false
instances/n500_test192.csv,255417,true
instances/n500_test193.csv,54917,false
instances/n500_test194.csv,44917,false
instances/n500_test195.csv,46000,true
instances/n500_test196.csv,46250,true
instances/n500_test197.csv,44000,true
instances/n500_test198.csv,50208,true
instances/n500_test199.csv,3516583,true
instances/n500_test2.csv,48375,true
instances/n500_test20.csv,48041,true
instances/n500_test200.csv,54875,true
instances/n500_test201.csv,46458,true
instances/n500_test202.csv,54542,true
instances/n500_test203.csv,50042,false
instances/n500_test204.csv,235542,false
instances/n500_test205.csv,47042,false
instances/n500_test206.csv,52458,true
instances/n500_test207.csv,50416,true
instances/n500_test208.csv,49542,true
instances/n500_test209.csv,48292,true
instances/n500_test21.csv,48500,true
instances/n500_test210.csv,3547958,true
instances/n500_test211.csv,50958,false
instances/n500_test212.csv,159708,false
instances/n500_test213.csv,49042,false
instances/n500_test214.csv,9210667,true
instances/n500_test215.csv,49042,true
instances/n500_test216.csv,275750,true
instances/n500_test217.csv,49084,false
instances/n500_test218.csv,98167,true
instances/n500_test219.csv,48708,false
instances/n500_test22.csv,50791,true
instances/n500_test220.csv,420833,false
instances/n500_test221.csv,48541,true
instances/n500_test222.csv,49250,false
instances/n500_test223.csv,50084,false
instances/n500_test224.csv,168667,true
instances/n500_test225.csv,50208,true
instances/n500_test226.csv,53292,false
instances/n500_test227.csv,3833125,true
instances/n500_test228.csv,50000,true
instances/n500_test229.csv,46625,true
instances/n500_test23.csv,50500,true
instances/n500_test230.csv,47000,true
instances/n500_test231.csv,48334,true
instances/n500_test232.csv,49458,true
instances/n500_test233.csv,231666,true
instances/n500_test234.csv,51333,false
instances/n500_test235.csv,62959,true
instances/n500_test236.csv,48541,false
instances/n500_test237.csv,51417,false
instances/n500_test238.csv,49084,true
instances/n500_test239.csv,48458,true
instances/n500_test24.csv,3549209,true
instances/n500_test240.csv,51500,true
instances/n500_test241.csv,48667,true
instances/n500_test242.csv,53625,false
instances/n500_test243.csv,49458,false
instances/n500_test244.csv,4282292,false
instances/n500_test245.csv,47958,false
instances/n500_test246.csv,54625,true
instances/n500_test247.csv,48542,true
instances/n500_test248.csv,307958,false
instances/n500_test249.csv,50208,true
instances/n500_test25.csv,308833,true
instances/n500_test250.csv,48708,true
instances/n500_test251.csv,48292,true
instances/n500_test252.csv,50458,true
instances/n500_test253.csv,47333,false
instances/n500_test254.csv,50042,false
instances/n500_test255.csv,52208,false
instances/n500_test256.csv,3720166,true
instances/n500_test257.csv,46625,false
instances/n500_test258.csv,48917,true
instances/n500_test259.csv,47875,true
instances/n500_test26.csv,55167,false
instances/n500_test260.csv,48292,false
instances/n500_test261.csv,49042,false
instances/n500_test262.csv,244208,false
instances/n500_test263.csv,49417,true
instances/n500_test264.csv,44458,true
instances/n500_test265.csv,53000,false
instances/n500_test266.csv,50083,true
instances/n500_test267.csv,50833,true
instances/n500_test268.csv,48875,true
instances/n500_test269.csv,3742625,true
instances/n500_test27.csv,51166,true
instances/n500_test270.csv,47167,false
instances/n500_test271.csv,51625,false
instances/n500_test272.csv,49791,true
instances/n500_test273.csv,49000,true
instances/n500_test274.csv,50625,false
instances/n500_test275.csv,285834,false
instances/n500_test276.csv,49750,true
instances/n500_test277.csv,58292,true
instances/n500_test278.csv,48458,false
instances/n500_test279.csv,52208,false
instances/n500_test28.csv,50042,true
instances/n500_test280.csv,47959,true
instances/n500_test281.csv,4244625,true
instances/n500_test282.csv,46583,false
instances/n500_test283.csv,48667,true
instances/n500_test284.csv,48250,true
instances/n500_test285.csv,51000,true
instances/n500_test286.csv,49458,false
instances/n500_test287.csv,51750,true
instances/n500_test288.csv,247208,false
instances/n500_test289.csv,49625,false
instances/n500_test29.csv,47667,true
instances/n500_test290.csv,46000,true
instances/n500_test291.csv,47083,true
instances/n500_test292.csv,50125,false
instances/n500_test293.csv,48667,false
instances/n500_test294.csv,3475583,false
instances/n500_test295.csv,46750,true
instances/n500_test296.csv,53750,true
instances/n500_test297.csv,49209,true
instances/n500_test298.csv,49625,true
instances/n500_test299.csv,50875,false
instances/n500_test3.csv,48875,true
instances/n500_test30.csv,242125,false
instances/n500_test300.csv,47167,true
instances/n500_test301.csv,46209,false
instances/n500_test302.csv,48625,true
instances/n500_test303.csv,50792,true
instances/n500_test304.csv,52167,true
instances/n500_test305.csv,49917,false
instances/n500_test306.csv,3759833,true
instances/n500_test307.csv,49041,true
instances/n500_test308.csv,47791,true
instances/n500_test309.csv,52833,true
instances/n500_test31.csv,50250,false
instances/n500_test310.csv,49042,false
instances/n500_test311.csv,48917,false
instances/n500_test312.csv,285917,true
instances/n500_test313.csv,48125,false
instances/n500_test314.csv,44666,false
instances/n500_test315.csv,50542,false
instances/n500_test316.csv,47291,false
instances/n500_test317.csv,48583,false
instances/n500_test318.csv,54708,false
instances/n500_test319.csv,3432542,true
instances/n500_test32.csv,46583,true
instances/n500_test320.csv,49500,false
instances/n500_test321.csv,51958,false
instances/n500_test322.csv,8647333,false
instances/n500_test323.csv,48625,true
instances/n500_test324.csv,50334,false
instances/n500_test325.csv,48584,false
instances/n500_test326.csv,49875,true
instances/n500_test327.csv,48042,false
instances/n500_test328.csv,46958,true
instances/n500_test329.csv,244583,true
instances/n500_test33.csv,48625,false
instances/n500_test330.csv,45833,false
instances/n500_test331.csv,63750,false
instances/n500_test332.csv,43500,true
instances/n500_test333.csv,48667,true
instances/n500_test334.csv,3686916,true
instances/n500_test335.csv,46375,false
instances/n500_test336.csv,45584,false
instances/n500_test337.csv,50083,false
instances/n500_test338.csv,50000,false
instances/n500_test339.csv,6555583,false
instances/n500_test34.csv,49750,true
instances/n500_test340.csv,52500,true
instances/n500_test341.csv,48417,false
instances/n500_test342.csv,49833,true
instances/n500_test343.csv,49542,true
instances/n500_test344.csv,48875,true
instances/n500_test345.csv,253625,false
instances/n500_test346.csv,49709,false
instances/n500_test347.csv,45750,false
instances/n500_test348.csv,48750,false
instances/n500_test349.csv,95584,true
instances/n500_test35.csv,50292,true
instances/n500_test350.csv,53875,false
instances/n500_test351.csv,3569708,false
instances/n500_test352.csv,49083,false
instances/n500_test353.csv,45667,false
instances/n500_test354.csv,43833,true
instances/n500_test355.csv,49917,true
instances/n500_test356.csv,46083,false
instances/n500_test357.csv,47208,true
instances/n500_test358.csv,236625,true
instances/n500_test359.csv,702266875,false
instances/n500_test36.csv,49583,false
instances/n500_test360.csv,3955625,true
instances/n500_test361.csv,49875,false
instances/n500_test362.csv,47666,true
instances/n500_test363.csv,52000,true
instances/n500_test364.csv,49000,true
instances/n500_test365.csv,50000,false
instances/n500_test366.csv,49709,false
instances/n500_test367.csv,69756292,false
instances/n500_test368.csv,47834,false
instances/n500_test369.csv,49542,true
instances/n500_test37.csv,45125,false
instances/n500_test370.csv,44500,false
instances/n500_test371.csv,53250,false
instances/n500_test372.csv,61000,true
instances/n500_test373.csv,3850875,false
instances/n500_test374.csv,49167,false
instances/n500_test375.csv,48000,true
instances/n500_test376.csv,48417,true
instances/n500_test377.csv,48292,false
instances/n500_test378.csv,47583,false
instances/n500_test379.csv,46500,true
instances/n500_test38.csv,236917,true
instances/n500_test380.csv,49750,true
instances/n500_test381.csv,52083,true
instances/n500_test382.csv,49583,true
instances/n500_test383.csv,47792,false
instances/n500_test384.csv,49667,false
instances/n500_test385.csv,48708,false
instances/n500_test386.csv,3645916,false
instances/n500_test387.csv,46792,false
instances/n500_test388.csv,2392750,true
instances/n500_test389.csv,41750,false
instances/n500_test39.csv,3496167,true
instances/n500_test390.csv,47667,false
instances/n500_test391.csv,48750,true
instances/n500_test392.csv,53792,false
instances/n500_test393.csv,7949875,false
instances/n500_test394.csv,47500,false
instances/n500_test395.csv,49708,true
instances/n500_test396.csv,49584,false
instances/n500_test397.csv,47625,true
instances/n500_test398.csv,51334,false
instances/n500_test399.csv,57375,false
instances/n500_test4.csv,523125,false
instances/n500_test40.csv,77209,true
instances/n500_test400.csv,51125,true
instances/n500_test401.csv,4704000,true
instances/n500_test402.csv,41875,true
instances/n500_test403.csv,98458,false
instances/n500_test404.csv,48459,true
instances/n500_test405.csv,48334,false
instances/n500_test406.csv,49000,true
instances/n500_test407.csv,49500,true
instances/n500_test408.csv,118208,true
instances/n500_test409.csv,75201875,true
instances/n500_test41.csv,52459,true
instances/n500_test410.csv,683087875,false
instances/n500_test411.csv,49958,true
instances/n500_test412.csv,90000,true
instances/n500_test413.csv,49208,false
instances/n500_test414.csv,3955500,false
instances/n500_test415.csv,96458,true
instances/n500_test416.csv,49834,true
instances/n500_test417.csv,47375,false
instances/n500_test418.csv,48167,false
instances/n500_test419.csv,50417,true
instances/n500_test42.csv,50042,false
instances/n500_test420.csv,250166,true
instances/n500_test421.csv,47333,false
instances/n500_test422.csv,56708,true
instances/n500_test423.csv,48584,true
instances/n500_test424.csv,50667,true
instances/n500_test425.csv,48542,false
instances/n500_test426.csv,47625,true
instances/n500_test427.csv,3572958,false
instances/n500_test428.csv,49417,false
instances/n500_test429.csv,47833,true
instances/n500_test43.csv,48375,false
instances/n500_test430.csv,48625,false
instances/n500_test431.csv,48291,false
instances/n500_test432.csv,47375,false
instances/n500_test433.csv,232250,false
instances/n500_test434.csv,49000,true
instances/n500_test435.csv,44917,true
instances/n500_test436.csv,50291,false
instances/n500_test437.csv,46958,true
instances/n500_test438.csv,49459,false
instances/n500_test439.csv,48292,false
instances/n500_test44.csv,3506584,true
instances/n500_test440.csv,3704292,false
instances/n500_test441.csv,48167,false
instances/n500_test442.csv,46875,true
instances/n500_test443.csv,4046750,true
instances/n500_test444.csv,100125,false
instances/n500_test445.csv,3481125,true
instances/n500_test446.csv,53041,true
instances/n500_test447.csv,4546084,true
instances/n500_test448.csv,56708,true
instances/n500_test449.csv,54458,false
instances/n500_test45.csv,52250,false
instances/n500_test450.csv,104834,false
instances/n500_test451.csv,46000,true
instances/n500_test452.csv,55916,true
instances/n500_test453.csv,255375,false
instances/n500_test454.csv,49958,true
instances/n500_test455.csv,46250,true
instances/n500_test456.csv,48125,false
instances/n500_test457.csv,48625,true
instances/n500_test458.csv,47083,true
instances/n500_test459.csv,49083,true
instances/n500_test46.csv,3670541,true
instances/n500_test460.csv,48792,false
instances/n500_test461.csv,47875,false
instances/n500_test462.csv,48417,false
instances/n500_test463.csv,49083,true
instances/n500_test464.csv,44792,false
instances/n500_test465.csv,56667,true
instances/n500_test466.csv,270875,true
instances/n500_test467.csv,50792,false
instances/n500_test468.csv,47166,true
instances/n500_test469.csv,48500,true
instances/n500_test47.csv,47042,true
instances/n500_test470.csv,49166,false
instances/n500_test471.csv,53125,false
instances/n500_test472.csv,3506625,false
instances/n500_test473.csv,49292,false
instances/n500_test474.csv,47667,true
instances/n500_test475.csv,47750,true
instances/n500_test476.csv,48583,true
instances/n500_test477.csv,50000,true
instances/n500_test478.csv,48125,false
instances/n500_test479.csv,239500,false
instances/n500_test48.csv,50125,true
instances/n500_test480.csv,46916,true
instances/n500_test481.csv,49000,true
instances/n500_test482.csv,52042,true
instances/n500_test483.csv,49125,true
instances/n500_test484.csv,57250,false
instances/n500_test485.csv,3638667,true
instances/n500_test486.csv,49583,true
instances/n500_test487.csv,47458,true
instances/n500_test488.csv,48542,true
instances/n500_test489.csv,49625,true
instances/n500_test49.csv,49875,true
instances/n500_test490.csv,43416,false
instances/n500_test491.csv,236500,true
instances/n500_test492.csv,43541,false
instances/n500_test493.csv,47625,false
instances/n500_test494.csv,48834,true
instances/n500_test495.csv,48167,false
instances/n500_test496.csv,46875,true
instances/n500_test497.csv,48833,false
instances/n500_test498.csv,3476167,true
instances/n500_test499.csv,48167,false
instances/n500_test5.csv,47792,true
instances/n500_test50.csv,50583,false
instances/n500_test500.csv,48958,false
instances/n500_test51.csv,45250,true
instances/n500_test52.csv,3776541,true
instances/n500_test53.csv,48167,false
instances/n500_test54.csv,49958,true
instances/n500_test55.csv,46458,true
instances/n500_test56.csv,47500,false
instances/n500_test57.csv,261125,true
instances/n500_test58.csv,48083,true
instances/n500_test59.csv,50125,true
instances/n500_test6.csv,51708,false
instances/n500_test60.csv,47166,true
instances/n500_test61.csv,54792,false
instances/n500_test62.csv,47958,false
instances/n500_test63.csv,3587375,true
instances/n500_test64.csv,45750,true
instances/n500_test65.csv,47833,false
instances/n500_test66.csv,51375,true
instances/n500_test67.csv,48125,false
instances/n500_test68.csv,4051250,false
instances/n500_test69.csv,47459,true
instances/n500_test7.csv,49083,true
instances/n500_test70.csv,47167,false
instances/n500_test71.csv,45000,true
instances/n500_test72.csv,47750,false
instances/n500_test73.csv,245542,false
instances/n500_test74.csv,52375,false
instances/n500_test75.csv,46458,true
instances/n500_test76.csv,48416,false
instances/n500_test77.csv,48000,false
instances/n500_test78.csv,49709,true
instances/n500_test79.csv,48458,false
instances/n500_test8.csv,3557208,false
instances/n500_test80.csv,49167,false
instances/n500_test81.csv,45125,false
instances/n500_test82.csv,48083,true
instances/n500_test83.csv,48833,true
instances/n500_test84.csv,47000,true
instances/n500_test85.csv,46916,true
instances/n500_test86.csv,239292,false
instances/n500_test87.csv,49041,false
instances/n500_test88.csv,44250,true
instances/n500_test89.csv,49875,false
instances/n500_test9.csv,46542,false
instances/n500_test90.csv,51875,true
instances/n500_test91.csv,49667,true
instances/n500_test92.csv,3538125,true
instances/n500_test93.csv,47583,true
instances/n500_test94.csv,47459,false
instances/n500_test95.csv,49291,true
instances/n500_test96.csv,48625,true
instances/n500_test97.csv,48375,false
instances/n500_test98.csv,48417,false
instances/n500_test99.csv,228416,false
instances/n50_test1.csv,3083,false
instances/n50_test10.csv,2791,false
instances/n50_test100.csv,2917,false
instances/n50_test101.csv,2959,true
instances/n50_test102.csv,1625,false
instances/n50_test103.csv,1875,false
instances/n50_test104.csv,2125,false
instances/n50_test105.csv,1541,false
instances/n50_test106.csv,1417,false
instances/n50_test107.csv,1708,true
instances/n50_test108.csv,23625,true
instances/n50_test109.csv,13000,true
instances/n50_test11.csv,1541,true
instances/n50_test110.csv,1107708,false
instances/n50_test111.csv,1958,false
instances/n50_test112.csv,1666,false
instances/n50_test113.csv,1917,false
instances/n50_test114.csv,10875,false
instances/n50_test115.csv,1709,false
instances/n50_test116.csv,1667,true
instances/n50_test117.csv,1458,false
instances/n50_test118.csv,1708,false
instances/n50_test119.csv,2542,false
instances/n50_test12.csv,12417,true
instances/n50_test120.csv,1625,true
instances/n50_test121.csv,1709,true
instances/n50_test122.csv,1018542,false
instances/n50_test123.csv,1625,true
instances/n50_test124.csv,1917,true
instances/n50_test125.csv,1542,false
instances/n50_test126.csv,1917,true
instances/n50_test127.csv,1792,true
instances/n50_test128.csv,1792,true
instances/n50_test129.csv,2250,false
instances/n50_test13.csv,1792,true
instances/n50_test130.csv,1666,true
instances/n50_test131.csv,2250,false
instances/n50_test132.csv,3292,true
instances/n50_test133.csv,1625,true
instances/n50_test134.csv,2958,false
instances/n50_test135.csv,1750,false
instances/n50_test136.csv,2708,true
instances/n50_test137.csv,40417,true
instances/n50_test138.csv,2583,false
instances/n50_test139.csv,1833,false
instances/n50_test14.csv,1875,true
instances/n50_test140.csv,2625,false
instances/n50_test141.csv,2000,false
instances/n50_test142.csv,5334,true
instances/n50_test143.csv,417,false
instances/n50_test144.csv,584,false
instances/n50_test145.csv,9375,false
instances/n50_test146.csv,500,true
instances/n50_test147.csv,708,true
instances/n50_test148.csv,584,false
instances/n50_test149.csv,458,true
instances/n50_test15.csv,8958,false
instances/n50_test150.csv,666,true
instances/n50_test151.csv,500,true
instances/n50_test152.csv,8875,true
instances/n50_test153.csv,375,false
instances/n50_test154.csv,8167,false
instances/n50_test155.csv,459,true
instances/n50_test156.csv,500,true
instances/n50_test157.csv,417,true
instances/n50_test158.csv,583,false
instances/n50_test159.csv,458,true
instances/n50_test16.csv,458,false
instances/n50_test160.csv,416,false
instances/n50_test161.csv,1167,true
instances/n50_test162.csv,625,false
instances/n50_test163.csv,583,true
instances/n50_test164.csv,500,false
instances/n50_test165.csv,542,false
instances/n50_test166.csv,750,false
instances/n50_test167.csv,500,true
instances/n50_test168.csv,875,false
instances/n50_test169.csv,1000,false
instances/n50_test17.csv,709,true
instances/n50_test170.csv,625,true
instances/n50_test171.csv,542,true
instances/n50_test172.csv,583,true
instances/n50_test173.csv,417,true
instances/n50_test174.csv,583,true
instances/n50_test175.csv,9708,false
instances/n50_test176.csv,750,true
instances/n50_test177.csv,750,true
instances/n50_test178.csv,459,true
instances/n50_test179.csv,583,false
instances/n50_test18.csv,541,false
instances/n50_test180.csv,667,false
instances/n50_test181.csv,500,true
instances/n50_test182.csv,917,true
instances/n50_test183.csv,8166,false
instances/n50_test184.csv,625,true
instances/n50_test185.csv,583,false
instances/n50_test186.csv,958,true
instances/n50_test187.csv,625,false
instances/n50_test188.csv,8958,true
instances/n50_test189.csv,583,false
instances/n50_test19.csv,500,true
instances/n50_test190.csv,500,true
instances/n50_test191.csv,583,false
instances/n50_test192.csv,458,false
instances/n50_test193.csv,883542,false
instances/n50_test194.csv,11208,false
instances/n50_test195.csv,542,true
instances/n50_test196.csv,667,false
instances/n50_test197.csv,458,true
instances/n50_test198.csv,500,false
instances/n50_test199.csv,583,true
instances/n50_test2.csv,458,true
instances/n50_test20.csv,1000,false
instances/n50_test200.csv,416,true
instances/n50_test201.csv,1125,false
instances/n50_test202.csv,500,false
instances/n50_test203.csv,500,true
instances/n50_test204.csv,792,false
instances/n50_test205.csv,500,true
instances/n50_test206.csv,584,false
instances/n50_test207.csv,625,true
instances/n50_test208.csv,542,false
instances/n50_test209.csv,1000,true
instances/n50_test21.csv,583,true
instances/n50_test210.csv,833,true
instances/n50_test211.csv,583,true
instances/n50_test212.csv,583,false
instances/n50_test213.csv,917,false
instances/n50_test214.csv,1958,true
instances/n50_test215.csv,583,true
instances/n50_test216.csv,833,true
instances/n50_test217.csv,666,true
instances/n50_test218.csv,750,false
instances/n50_test219.csv,500,false
instances/n50_test22.csv,958,false
instances/n50_test220.csv,541,true
instances/n50_test221.csv,708,false
instances/n50_test222.csv,708,false
instances/n50_test223.csv,500,true
instances/n50_test224.csv,667,false
instances/n50_test225.csv,958,false
instances/n50_test226.csv,500,true
instances/n50_test227.csv,542,false
instances/n50_test228.csv,500,true
instances/n50_test229.csv,500,false
instances/n50_test23.csv,1167,false
instances/n50_test230.csv,541,false
instances/n50_test231.csv,1000,false
instances/n50_test232.csv,917,true
instances/n50_test233.csv,500,false
instances/n50_test234.csv,667,false
instances/n50_test235.csv,23292,true
instances/n50_test236.csv,458,true
instances/n50_test237.csv,875,true
instances/n50_test238.csv,42833,true
instances/n50_test239.csv,625,true
instances/n50_test24.csv,417,false
instances/n50_test240.csv,541,true
instances/n50_test241.csv,542,true
instances/n50_test242.csv,584,true
instances/n50_test243.csv,625,false
instances/n50_test244.csv,584,false
instances/n50_test245.csv,784000,false
instances/n50_test246.csv,542,false
instances/n50_test247.csv,756417,false
instances/n50_test248.csv,500,true
instances/n50_test249.csv,8250,true
instances/n50_test25.csv,917,false
instances/n50_test250.csv,500,true
instances/n50_test251.csv,583,true
instances/n50_test252.csv,1958,true
instances/n50_test253.csv,2208,true
instances/n50_test254.csv,1834,false
instances/n50_test255.csv,1625,true
instances/n50_test256.csv,29334,false
instances/n50_test257.csv,1750,false
instances/n50_test258.csv,1750,true
instances/n50_test259.csv,1625,true
instances/n50_test26.csv,1792,false
instances/n50_test260.csv,1833,true
instances/n50_test261.csv,1833,false
instances/n50_test262.csv,1500,false
instances/n50_test263.csv,1792,false
instances/n50_test264.csv,458,false
instances/n50_test265.csv,500,true
instances/n50_test266.csv,9458,true
instances/n50_test267.csv,542,true
instances/n50_test268.csv,875,true
instances/n50_test269.csv,9000,false
instances/n50_test27.csv,417,true
instances/n50_test270.csv,417,false
instances/n50_test271.csv,416,false
instances/n50_test272.csv,417,true
instances/n50_test273.csv,500,false
instances/n50_test274.csv,1000,false
instances/n50_test275.csv,542,true
instances/n50_test276.csv,625,true
instances/n50_test277.csv,625,true
instances/n50_test278.csv,625,false
instances/n50_test279.csv,708,true
instances/n50_test28.csv,625,true
instances/n50_test280.csv,542,false
instances/n50_test281.csv,500,true
instances/n50_test282.csv,1167,true
instances/n50_test283.csv,542,true
instances/n50_test284.csv,958,false
instances/n50_test285.csv,584,false
instances/n50_test286.csv,916,false
instances/n50_test287.csv,708,false
instances/n50_test288.csv,750,false
instances/n50_test289.csv,8792,true
instances/n50_test29.csv,625,false
instances/n50_test290.csv,500,true
instances/n50_test291.csv,833,false
instances/n50_test292.csv,459,true
instances/n50_test293.csv,542,true
instances/n50_test294.csv,8375,true
instances/n50_test295.csv,583,true
instances/n50_test296.csv,458,true
instances/n50_test297.csv,541,false
instances/n50_test298.csv,917,false
instances/n50_test299.csv,542,false
instances/n50_test3.csv,542,true
instances/n50_test30.csv,542,false
instances/n50_test300.csv,833,true
instances/n50_test301.csv,1000,true
instances/n50_test302.csv,917,true
instances/n50_test303.csv,115583,false
instances/n50_test304.csv,500,false
instances/n50_test305.csv,541,true
instances/n50_test306.csv,8916,false
instances/n50_test307.csv,917,false
instances/n50_test308.csv,625,true
instances/n50_test309.csv,833,true
instances/n50_test31.csv,917,false
instances/n50_test310.csv,1000,false
instances/n50_test311.csv,584,true
instances/n50_test312.csv,584,false
instances/n50_test313.csv,750,true
instances/n50_test314.csv,583,false
instances/n50_test315.csv,583,true
instances/n50_test316.csv,625,true
instances/n50_test317.csv,19583,true
instances/n50_test318.csv,9500,false
instances/n50_test319.csv,542,true
instances/n50_test32.csv,625,false
instances/n50_test320.csv,500,true
instances/n50_test321.csv,459,false
instances/n50_test322.csv,542,true
instances/n50_test323.csv,1042,true
instances/n50_test324.csv,584,false
instances/n50_test325.csv,542,true
instances/n50_test326.csv,10958,true
instances/n50_test327.csv,916,true
instances/n50_test328.csv,583,false
instances/n50_test329.csv,583,true
instances/n50_test33.csv,9959,false
instances/n50_test330.csv,417,false
instances/n50_test331.csv,9375,false
instances/n50_test332.csv,958,false
instances/n50_test333.csv,541,false
instances/n50_test334.csv,667,true
instances/n50_test335.csv,792,false
instances/n50_test336.csv,8792,false
instances/n50_test337.csv,1042,true
instances/n50_test338.csv,833,false
instances/n50_test339.csv,1000,true
instances/n50_test34.csv,500,false
instances/n50_test340.csv,417,false
instances/n50_test341.csv,916,true
instances/n50_test342.csv,541,true
instances/n50_test343.csv,9667,true
instances/n50_test344.csv,10167,false
instances/n50_test345.csv,584,true
instances/n50_test346.csv,8584,true
instances/n50_test347.csv,667,true
instances/n50_test348.csv,625,false
instances/n50_test349.csv,833,false
instances/n50_test35.csv,541,true
instances/n50_test350.csv,958,true
instances/n50_test351.csv,458,false
instances/n50_test352.csv,500,false
instances/n50_test353.csv,917,false
instances/n50_test354.csv,584,false
instances/n50_test355.csv,458,false
instances/n50_test356.csv,583,true
instances/n50_test357.csv,750,true
instances/n50_test358.csv,416,false
instances/n50_test359.csv,625,true
instances/n50_test36.csv,500,false
instances/n50_test360.csv,542,false
instances/n50_test361.csv,667,true
instances/n50_test362.csv,708,false
instances/n50_test363.csv,458,false
instances/n50_test364.csv,583,false
instances/n50_test365.csv,625,false
instances/n50_test366.csv,14917,false
instances/n50_test367.csv,500,true
instances/n50_test368.csv,500,false
instances/n50_test369.csv,583,false
instances/n50_test37.csv,708,true
instances/n50_test370.csv,1000,true
instances/n50_test371.csv,958,false
instances/n50_test372.csv,1092958,false
instances/n50_test373.csv,750,false
instances/n50_test374.csv,10208,true
instances/n50_test375.csv,542,false
instances/n50_test376.csv,4375,false
instances/n50_test377.csv,625,false
instances/n50_test378.csv,584,false
instances/n50_test379.csv,2375,true
instances/n50_test38.csv,9917,false
instances/n50_test380.csv,625,false
instances/n50_test381.csv,625,true
instances/n50_test382.csv,875,false
instances/n50_test383.csv,1125,true
instances/n50_test384.csv,792,true
instances/n50_test385.csv,583,false
instances/n50_test386.csv,8750,true
instances/n50_test387.csv,750,false
instances/n50_test388.csv,542,true
instances/n50_test389.csv,1000,false
instances/n50_test39.csv,1000,true
instances/n50_test390.csv,917,true
instances/n50_test391.csv,625,true
instances/n50_test392.csv,583,false
instances/n50_test393.csv,875,true
instances/n50_test394.csv,14375,false
instances/n50_test395.csv,542,false
instances/n50_test396.csv,833,false
instances/n50_test397.csv,541,true
instances/n50_test398.csv,9042,true
instances/n50_test399.csv,417,true
instances/n50_test4.csv,542,false
instances/n50_test40.csv,500,false
instances/n50_test400.csv,459,false
instances/n50_test401.csv,458,true
instances/n50_test402.csv,459,true
instances/n50_test403.csv,750,true
instances/n50_test404.csv,500,false
instances/n50_test405.csv,375,true
instances/n50_test406.csv,458,false
instances/n50_test407.csv,833,true
instances/n50_test408.csv,20417,true
instances/n50_test409.csv,500,false
instances/n50_test41.csv,1083,false
instances/n50_test410.csv,541,false
instances/n50_test411.csv,500,false
instances/n50_test412.csv,584,true
instances/n50_test413.csv,416,false
instances/n50_test414.csv,8708,true
instances/n50_test415.csv,542,false
instances/n50_test416.csv,791,false
instances/n50_test417.csv,458,true
instances/n50_test418.csv,458,true
instances/n50_test419.csv,667,true
instances/n50_test42.csv,584,false
instances/n50_test420.csv,1000,false
instances/n50_test421.csv,417,false
instances/n50_test422.csv,666,false
instances/n50_test423.csv,500,true
instances/n50_test424.csv,583,false
instances/n50_test425.csv,416,true
instances/n50_test426.csv,8500,true
instances/n50_test427.csv,500,false
instances/n50_test428.csv,1165334,false
instances/n50_test429.csv,500,true
instances/n50_test43.csv,458,false
instances/n50_test430.csv,833,true
instances/n50_test431.csv,750,false
instances/n50_test432.csv,875,false
instances/n50_test433.csv,917,true
instances/n50_test434.csv,500,true
instances/n50_test435.csv,500,true
instances/n50_test436.csv,542,true
instances/n50_test437.csv,667,true
instances/n50_test438.csv,1167,true
instances/n50_test439.csv,19500,true
instances/n50_test44.csv,500,true
instances/n50_test440.csv,500,false
instances/n50_test441.csv,541,true
instances/n50_test442.csv,1000,false
instances/n50_test443.csv,542,true
instances/n50_test444.csv,1084,false
instances/n50_test445.csv,667,false
instances/n50_test446.csv,583,true
instances/n50_test447.csv,875,true
instances/n50_test448.csv,917,true
instances/n50_test449.csv,542,true
instances/n50_test45.csv,625,true
instances/n50_test450.csv,916,false
instances/n50_test451.csv,500,true
instances/n50_test452.csv,625,false
instances/n50_test453.csv,459,true
instances/n50_test454.csv,459,false
instances/n50_test455.csv,541,false
instances/n50_test456.csv,708,false
instances/n50_test457.csv,458,true
instances/n50_test458.csv,666,false
instances/n50_test459.csv,542,false
instances/n50_test46.csv,709,true
instances/n50_test460.csv,541,true
instances/n50_test461.csv,584,true
instances/n50_test462.csv,458,true
instances/n50_test463.csv,13834,false
instances/n50_test464.csv,500,true
instances/n50_test465.csv,667,false
instances/n50_test466.csv,541,true
instances/n50_test467.csv,541,false
instances/n50_test468.csv,458,true
instances/n50_test469.csv,500,false
instances/n50_test47.csv,542,false
instances/n50_test470.csv,875,true
instances/n50_test471.csv,1250,false
instances/n50_test472.csv,1000,true
instances/n50_test473.csv,541,true
instances/n50_test474.csv,916,true
instances/n50_test475.csv,541,false
instances/n50_test476.csv,875,true
instances/n50_test477.csv,1330083,false
instances/n50_test478.csv,1042,false
instances/n50_test479.csv,1042,false
instances/n50_test48.csv,958,false
instances/n50_test480.csv,750,true
instances/n50_test481.csv,541,true
instances/n50_test482.csv,666,false
instances/n50_test483.csv,584,false
instances/n50_test484.csv,833,false
instances/n50_test485.csv,750,false
instances/n50_test486.csv,625,true
instances/n50_test487.csv,625,false
instances/n50_test488.csv,625,false
instances/n50_test489.csv,542,false
instances/n50_test49.csv,500,false
instances/n50_test490.csv,958,true
instances/n50_test491.csv,500,true
instances/n50_test492.csv,541,false
instances/n50_test493.csv,1235833,false
instances/n50_test494.csv,709,false
instances/n50_test495.csv,500,false
instances/n50_test496.csv,541,false
instances/n50_test497.csv,542,false
instances/n50_test498.csv,542,false
instances/n50_test499.csv,584,true
instances/n50_test5.csv,583,false
instances/n50_test50.csv,583,true
instances/n50_test500.csv,750,false
instances/n50_test51.csv,542,false
instances/n50_test52.csv,875,false
instances/n50_test53.csv,667,true
instances/n50_test54.csv,1208,true
instances/n50_test55.csv,625,true
instances/n50_test56.csv,833,false
instances/n50_test57.csv,1165875,false
instances/n50_test58.csv,2083,false
instances/n50_test59.csv,1750,true
instances/n50_test6.csv,1708,false
instances/n50_test60.csv,1625,false
instances/n50_test61.csv,2791,false
instances/n50_test62.csv,1750,true
instances/n50_test63.csv,1833,false
instances/n50_test64.csv,500,true
instances/n50_test65.csv,500,false
instances/n50_test66.csv,583,false
instances/n50_test67.csv,416,false
instances/n50_test68.csv,500,false
instances/n50_test69.csv,458,false
instances/n50_test7.csv,416,true
instances/n50_test70.csv,541,false
instances/n50_test71.csv,416,false
instances/n50_test72.csv,458,false
instances/n50_test73.csv,583,false
instances/n50_test74.csv,666,true
instances/n50_test75.csv,583,false
instances/n50_test76.csv,792,true
instances/n50_test77.csv,583,false
instances/n50_test78.csv,584,true
instances/n50_test79.csv,709,true
instances/n50_test8.csv,833,true
instances/n50_test80.csv,8708,false
instances/n50_test81.csv,1100459,false
instances/n50_test82.csv,542,true
instances/n50_test83.csv,584,false
instances/n50_test84.csv,500,false
instances/n50_test85.csv,792,false
instances/n50_test86.csv,916,true
instances/n50_test87.csv,833,false
instances/n50_test88.csv,500,false
instances/n50_test89.csv,1896208,false
instances/n50_test9.csv,500,true
instances/n50_test90.csv,875,true
instances/n50_test91.csv,959,true
instances/n50_test92.csv,875,true
instances/n50_test93.csv,750,true
instances/n50_test94.csv,542,false
instances/n50_test95.csv,1000,true
instances/n50_test96.csv,542,true
instances/n50_test97.csv,750,false
instances/n50_test98.csv,542,false
instances/n50_test99.csv,1000,true
