file,time,result
instances/n1000_test1.csv,822916,false
instances/n1000_test10.csv,902583,true
instances/n1000_test100.csv,207791,true
instances/n1000_test101.csv,207667,true
instances/n1000_test102.csv,212667,false
instances/n1000_test103.csv,170782292,true
instances/n1000_test104.csv,374583,true
instances/n1000_test105.csv,373875,true
instances/n1000_test106.csv,219917,true
instances/n1000_test107.csv,225917,false
instances/n1000_test108.csv,415625,true
instances/n1000_test109.csv,223625,true
instances/n1000_test11.csv,219875,true
instances/n1000_test110.csv,395333,true
instances/n1000_test111.csv,248333,false
instances/n1000_test112.csv,162541208,false
instances/n1000_test113.csv,212667,true
instances/n1000_test114.csv,288167,true
instances/n1000_test115.csv,225166,false
instances/n1000_test116.csv,412083,true
instances/n1000_test117.csv,227792,false
instances/n1000_test118.csv,227958,false
instances/n1000_test119.csv,162674792,false
instances/n1000_test12.csv,240292,false
instances/n1000_test120.csv,52578875,false
instances/n1000_test121.csv,212958,false
instances/n1000_test122.csv,222417,false
instances/n1000_test123.csv,225959,true
instances/n1000_test124.csv,425125,false
instances/n1000_test125.csv,233625,true
instances/n1000_test126.csv,243834,false
instances/n1000_test127.csv,396209,false
instances/n1000_test128.csv,163169292,false
instances/n1000_test129.csv,404667,true
instances/n1000_test13.csv,224417,true
instances/n1000_test130.csv,215708,false
instances/n1000_test131.csv,385625,true
instances/n1000_test132.csv,218209,true
instances/n1000_test133.csv,225833,true
instances/n1000_test134.csv,405500,false
instances/n1000_test135.csv,225958,true
instances/n1000_test136.csv,228209,false
instances/n1000_test137.csv,407458,false
instances/n1000_test138.csv,219375,true
instances/n1000_test139.csv,219500,false
instances/n1000_test14.csv,394083,true
instances/n1000_test140.csv,213000,true
instances/n1000_test141.csv,238375,false
instances/n1000_test142.csv,392459,true
instances/n1000_test143.csv,309708,true
instances/n1000_test144.csv,244291,false
instances/n1000_test145.csv,389416,false
instances/n1000_test146.csv,220208,true
instances/n1000_test147.csv,221625,true
instances/n1000_test148.csv,415084,false
instances/n1000_test149.csv,208375,true
instances/n1000_test15.csv,212417,false
instances/n1000_test150.csv,387041,true
instances/n1000_test151.csv,212459,false
instances/n1000_test152.csv,214875,true
instances/n1000_test153.csv,380834,false
instances/n1000_test154.csv,213708,false
instances/n1000_test155.csv,231458,false
instances/n1000_test156.csv,388917,false
instances/n1000_test157.csv,209458,true
instances/n1000_test158.csv,259875,true
instances/n1000_test159.csv,520791,false
instances/n1000_test16.csv,251959,true
instances/n1000_test160.csv,228834,false
instances/n1000_test161.csv,428292,false
instances/n1000_test162.csv,231958,false
instances/n1000_test163.csv,221667,false
instances/n1000_test164.csv,393833,false
instances/n1000_test165.csv,217167,true
instances/n1000_test166.csv,229250,false
instances/n1000_test167.csv,391375,true
instances/n1000_test168.csv,225208,false
instances/n1000_test169.csv,224625,false
instances/n1000_test17.csv,447833,true
instances/n1000_test170.csv,215417,true
instances/n1000_test171.csv,227208,false
instances/n1000_test172.csv,478500,false
instances/n1000_test173.csv,220750,false
instances/n1000_test174.csv,229334,true
instances/n1000_test175.csv,397125,false
instances/n1000_test176.csv,221834,true
instances/n1000_test177.csv,250833,false
instances/n1000_test178.csv,400458,false
instances/n1000_test179.csv,217833,true
instances/n1000_test18.csv,225417,true
instances/n1000_test180.csv,410250,true
instances/n1000_test181.csv,218042,false
instances/n1000_test182.csv,242792,true
instances/n1000_test183.csv,398542,true
instances/n1000_test184.csv,215500,false
instances/n1000_test185.csv,245042,false
instances/n1000_test186.csv,382708,true
instances/n1000_test187.csv,212916,true
instances/n1000_test188.csv,221500,true
instances/n1000_test189.csv,468791,true
instances/n1000_test19.csv,212959,true
instances/n1000_test190.csv,219500,false
instances/n1000_test191.csv,397583,true
instances/n1000_test192.csv,212042,false
instances/n1000_test193.csv,226250,true
instances/n1000_test194.csv,412042,true
instances/n1000_test195.csv,218750,true
instances/n1000_test196.csv,218958,false
instances/n1000_test197.csv,393375,true
instances/n1000_test198.csv,227708,true
instances/n1000_test199.csv,227500,true
instances/n1000_test2.csv,399542,true
instances/n1000_test20.csv,211125,true
instances/n1000_test200.csv,222542,false
instances/n1000_test201.csv,421625,true
instances/n1000_test202.csv,215708,false
instances/n1000_test203.csv,255875,false
instances/n1000_test204.csv,388625,false
instances/n1000_test205.csv,254833,false
instances/n1000_test206.csv,257625,false
instances/n1000_test207.csv,389833,false
instances/n1000_test208.csv,228375,true
instances/n1000_test209.csv,219875,false
instances/n1000_test21.csv,402625,true
instances/n1000_test210.csv,231459,false
instances/n1000_test211.csv,226000,true
instances/n1000_test212.csv,397459,true
instances/n1000_test213.csv,218625,false
instances/n1000_test214.csv,220958,true
instances/n1000_test215.csv,394750,true
instances/n1000_test216.csv,217333,false
instances/n1000_test217.csv,252500,true
instances/n1000_test218.csv,387250,false
instances/n1000_test219.csv,215500,false
instances/n1000_test22.csv,225375,false
instances/n1000_test220.csv,397208,true
instances/n1000_test221.csv,221625,false
instances/n1000_test222.csv,218458,false
instances/n1000_test223.csv,404625,false
instances/n1000_test224.csv,219375,true
instances/n1000_test225.csv,219625,true
instances/n1000_test226.csv,163250167,false
instances/n1000_test227.csv,241083,false
instances/n1000_test228.csv,51618791,false
instances/n1000_test229.csv,215167,true
instances/n1000_test23.csv,220250,false
instances/n1000_test230.csv,235834,true
instances/n1000_test231.csv,401333,false
instances/n1000_test232.csv,215292,false
instances/n1000_test233.csv,235000,false
instances/n1000_test234.csv,388667,false
instances/n1000_test235.csv,218250,false
instances/n1000_test236.csv,223625,true
instances/n1000_test237.csv,387875,true
instances/n1000_test238.csv,215541,false
instances/n1000_test239.csv,232084,true
instances/n1000_test24.csv,387625,true
instances/n1000_test240.csv,217834,false
instances/n1000_test241.csv,224458,false
instances/n1000_test242.csv,414417,false
instances/n1000_test243.csv,212500,true
instances/n1000_test244.csv,225041,true
instances/n1000_test245.csv,404542,false
instances/n1000_test246.csv,216000,true
instances/n1000_test247.csv,224542,false
instances/n1000_test248.csv,397042,false
instances/n1000_test249.csv,231125,true
instances/n1000_test25.csv,219875,false
instances/n1000_test250.csv,401583,false
instances/n1000_test251.csv,215750,false
instances/n1000_test252.csv,223667,false
instances/n1000_test253.csv,409292,false
instances/n1000_test254.csv,235916,false
instances/n1000_test255.csv,213917,true
instances/n1000_test256.csv,377000,true
instances/n1000_test257.csv,204209,true
instances/n1000_test258.csv,226291,false
instances/n1000_test259.csv,404667,false
instances/n1000_test26.csv,216042,true
instances/n1000_test260.csv,270291,true
instances/n1000_test261.csv,436000,false
instances/n1000_test262.csv,214042,true
instances/n1000_test263.csv,322750,true
instances/n1000_test264.csv,399416,false
instances/n1000_test265.csv,207375,false
instances/n1000_test266.csv,217333,true
instances/n1000_test267.csv,409125,false
instances/n1000_test268.csv,2452083,true
instances/n1000_test269.csv,229291,true
instances/n1000_test27.csv,391917,true
instances/n1000_test270.csv,256334,true
instances/n1000_test271.csv,239333,false
instances/n1000_test272.csv,392000,false
instances/n1000_test273.csv,246375,false
instances/n1000_test274.csv,237709,false
instances/n1000_test275.csv,630333,false
instances/n1000_test276.csv,232166,false
instances/n1000_test277.csv,236417,false
instances/n1000_test278.csv,390750,false
instances/n1000_test279.csv,228958,true
instances/n1000_test28.csv,222375,false
instances/n1000_test280.csv,171893584,false
instances/n1000_test281.csv,226791,false
instances/n1000_test282.csv,52904333,false
instances/n1000_test283.csv,254333,true
instances/n1000_test284.csv,225375,false
instances/n1000_test285.csv,223458,true
instances/n1000_test286.csv,397042,true
instances/n1000_test287.csv,211083,true
instances/n1000_test288.csv,219167,false
instances/n1000_test289.csv,379541,false
instances/n1000_test29.csv,217792,true
instances/n1000_test290.csv,220291,false
instances/n1000_test291.csv,398000,false
instances/n1000_test292.csv,220333,false
instances/n1000_test293.csv,225958,true
instances/n1000_test294.csv,420584,false
instances/n1000_test295.csv,220792,false
instances/n1000_test296.csv,222416,true
instances/n1000_test297.csv,400584,false
instances/n1000_test298.csv,215875,false
instances/n1000_test299.csv,226458,true
instances/n1000_test3.csv,401709,false
instances/n1000_test30.csv,217625,false
instances/n1000_test300.csv,235500,false
instances/n1000_test301.csv,400125,false
instances/n1000_test302.csv,221209,true
instances/n1000_test303.csv,226500,true
instances/n1000_test304.csv,385459,false
instances/n1000_test305.csv,243333,true
instances/n1000_test306.csv,224833,true
instances/n1000_test307.csv,402625,true
instances/n1000_test308.csv,271375,false
instances/n1000_test309.csv,229583,true
instances/n1000_test31.csv,391083,false
instances/n1000_test310.csv,233541,true
instances/n1000_test311.csv,224333,true
instances/n1000_test312.csv,400791,true
instances/n1000_test313.csv,224916,false
instances/n1000_test314.csv,250709,true
instances/n1000_test315.csv,388334,true
instances/n1000_test316.csv,250417,true
instances/n1000_test317.csv,222125,false
instances/n1000_test318.csv,422791,false
instances/n1000_test319.csv,257541,true
instances/n1000_test32.csv,247208,false
instances/n1000_test320.csv,417792,true
instances/n1000_test321.csv,240791,true
instances/n1000_test322.csv,242625,false
instances/n1000_test323.csv,396041,true
instances/n1000_test324.csv,229500,true
instances/n1000_test325.csv,256583,false
instances/n1000_test326.csv,410167,false
instances/n1000_test327.csv,254584,true
instances/n1000_test328.csv,266541,true
instances/n1000_test329.csv,398584,true
instances/n1000_test33.csv,239250,false
instances/n1000_test330.csv,230500,false
instances/n1000_test331.csv,398000,true
instances/n1000_test332.csv,234750,true
instances/n1000_test333.csv,242708,false
instances/n1000_test334.csv,440708,true
instances/n1000_test335.csv,250208,true
instances/n1000_test336.csv,253792,false
instances/n1000_test337.csv,512375,false
instances/n1000_test338.csv,623958,false
instances/n1000_test339.csv,210250,false
instances/n1000_test34.csv,391583,true
instances/n1000_test340.csv,207500,true
instances/n1000_test341.csv,234667,false
instances/n1000_test342.csv,375792,false
instances/n1000_test343.csv,207417,true
instances/n1000_test344.csv,212083,true
instances/n1000_test345.csv,371709,false
instances/n1000_test346.csv,205000,false
instances/n1000_test347.csv,208917,false
instances/n1000_test348.csv,377583,true
instances/n1000_test349.csv,206208,false
instances/n1000_test35.csv,236208,false
instances/n1000_test350.csv,391666,false
instances/n1000_test351.csv,210458,false
instances/n1000_test352.csv,210833,true
instances/n1000_test353.csv,398917,true
instances/n1000_test354.csv,206875,true
instances/n1000_test355.csv,247708,true
instances/n1000_test356.csv,428167,false
instances/n1000_test357.csv,211208,false
instances/n1000_test358.csv,215167,false
instances/n1000_test359.csv,384500,false
instances/n1000_test36.csv,219792,false
instances/n1000_test360.csv,227583,false
instances/n1000_test361.csv,414459,false
instances/n1000_test362.csv,252916,true
instances/n1000_test363.csv,237000,false
instances/n1000_test364.csv,502584,true
instances/n1000_test365.csv,231500,false
instances/n1000_test366.csv,243084,true
instances/n1000_test367.csv,462875,true
instances/n1000_test368.csv,220500,true
instances/n1000_test369.csv,252417,true
instances/n1000_test37.csv,426250,true
instances/n1000_test370.csv,246584,false
instances/n1000_test371.csv,280542,true
instances/n1000_test372.csv,421000,true
instances/n1000_test373.csv,231959,false
instances/n1000_test374.csv,234542,true
instances/n1000_test375.csv,421416,true
instances/n1000_test376.csv,225084,true
instances/n1000_test377.csv,251750,false
instances/n1000_test378.csv,398959,false
instances/n1000_test379.csv,217625,false
instances/n1000_test38.csv,239833,true
instances/n1000_test380.csv,489000,true
instances/n1000_test381.csv,239458,false
instances/n1000_test382.csv,236791,true
instances/n1000_test383.csv,402125,false
instances/n1000_test384.csv,241750,true
instances/n1000_test385.csv,235750,true
instances/n1000_test386.csv,428916,false
instances/n1000_test387.csv,242042,false
instances/n1000_test388.csv,221250,true
instances/n1000_test389.csv,400833,true
instances/n1000_test39.csv,216250,false
instances/n1000_test390.csv,225042,true
instances/n1000_test391.csv,428459,false
instances/n1000_test392.csv,222750,true
instances/n1000_test393.csv,222083,false
instances/n1000_test394.csv,391417,false
instances/n1000_test395.csv,230209,true
instances/n1000_test396.csv,221708,false
instances/n1000_test397.csv,417042,false
instances/n1000_test398.csv,215792,false
instances/n1000_test399.csv,228084,false
instances/n1000_test4.csv,398875,true
instances/n1000_test40.csv,216916,false
instances/n1000_test400.csv,219542,true
instances/n1000_test401.csv,457333,true
instances/n1000_test402.csv,222041,false
instances/n1000_test403.csv,225667,false
instances/n1000_test404.csv,408333,false
instances/n1000_test405.csv,214834,false
instances/n1000_test406.csv,223500,false
instances/n1000_test407.csv,388292,true
instances/n1000_test408.csv,217958,false
instances/n1000_test409.csv,217792,true
instances/n1000_test41.csv,397000,false
instances/n1000_test410.csv,217583,true
instances/n1000_test411.csv,219458,false
instances/n1000_test412.csv,412042,false
instances/n1000_test413.csv,219458,false
instances/n1000_test414.csv,220625,true
instances/n1000_test415.csv,437250,true
instances/n1000_test416.csv,230292,false
instances/n1000_test417.csv,233959,false
instances/n1000_test418.csv,389333,true
instances/n1000_test419.csv,214916,false
instances/n1000_test42.csv,221917,true
instances/n1000_test420.csv,392000,false
instances/n1000_test421.csv,220625,false
instances/n1000_test422.csv,163283959,true
instances/n1000_test423.csv,217250,true
instances/n1000_test424.csv,256000,true
instances/n1000_test425.csv,264208,true
instances/n1000_test426.csv,400541,true
instances/n1000_test427.csv,248584,false
instances/n1000_test428.csv,216916,true
instances/n1000_test429.csv,419250,false
instances/n1000_test43.csv,234792,false
instances/n1000_test430.csv,219459,false
instances/n1000_test431.csv,399958,true
instances/n1000_test432.csv,218625,false
instances/n1000_test433.csv,236792,true
instances/n1000_test434.csv,400542,true
instances/n1000_test435.csv,215625,false
instances/n1000_test436.csv,222541,false
instances/n1000_test437.csv,398541,true
instances/n1000_test438.csv,216958,true
instances/n1000_test439.csv,218958,true
instances/n1000_test44.csv,384291,false
instances/n1000_test440.csv,217666,true
instances/n1000_test441.csv,237875,false
instances/n1000_test442.csv,536083,true
instances/n1000_test443.csv,216542,true
instances/n1000_test444.csv,218000,false
instances/n1000_test445.csv,395292,false
instances/n1000_test446.csv,220167,false
instances/n1000_test447.csv,218875,true
instances/n1000_test448.csv,389625,false
instances/n1000_test449.csv,225042,false
instances/n1000_test45.csv,221833,false
instances/n1000_test450.csv,406167,true
instances/n1000_test451.csv,217583,false
instances/n1000_test452.csv,248167,false
instances/n1000_test453.csv,386916,true
instances/n1000_test454.csv,214125,true
instances/n1000_test455.csv,218708,false
instances/n1000_test456.csv,400625,true
instances/n1000_test457.csv,217542,true
instances/n1000_test458.csv,220208,true
instances/n1000_test459.csv,416042,true
instances/n1000_test46.csv,213208,true
instances/n1000_test460.csv,236083,false
instances/n1000_test461.csv,391959,true
instances/n1000_test462.csv,216042,false
instances/n1000_test463.csv,218792,false
instances/n1000_test464.csv,397583,true
instances/n1000_test465.csv,218041,true
instances/n1000_test466.csv,217333,false
instances/n1000_test467.csv,412250,true
instances/n1000_test468.csv,212083,false
instances/n1000_test469.csv,232625,true
instances/n1000_test47.csv,402167,false
instances/n1000_test470.csv,253459,false
instances/n1000_test471.csv,239416,false
instances/n1000_test472.csv,389458,true
instances/n1000_test473.csv,210250,false
instances/n1000_test474.csv,268042,true
instances/n1000_test475.csv,400792,false
instances/n1000_test476.csv,228875,false
instances/n1000_test477.csv,219791,true
instances/n1000_test478.csv,7745667,true
instances/n1000_test479.csv,211917,true
instances/n1000_test48.csv,229333,false
instances/n1000_test480.csv,388416,false
instances/n1000_test481.csv,218667,true
instances/n1000_test482.csv,223000,false
instances/n1000_test483.csv,390667,true
instances/n1000_test484.csv,215958,false
instances/n1000_test485.csv,220750,false
instances/n1000_test486.csv,395708,true
instances/n1000_test487.csv,241833,true
instances/n1000_test488.csv,220959,false
instances/n1000_test489.csv,420500,true
instances/n1000_test49.csv,229542,false
instances/n1000_test490.csv,219291,false
instances/n1000_test491.csv,384375,true
instances/n1000_test492.csv,214083,true
instances/n1000_test493.csv,218833,false
instances/n1000_test494.csv,396083,false
instances/n1000_test495.csv,217833,true
instances/n1000_test496.csv,162989958,false
instances/n1000_test497.csv,529375,false
instances/n1000_test498.csv,213667,false
instances/n1000_test499.csv,227125,true
instances/n1000_test5.csv,382167,true
instances/n1000_test50.csv,162627958,true
instances/n1000_test500.csv,401708,false
instances/n1000_test51.csv,214959,false
instances/n1000_test52.csv,162425292,false
instances/n1000_test53.csv,217542,false
instances/n1000_test54.csv,211833,false
instances/n1000_test55.csv,162155959,false
instances/n1000_test56.csv,214917,false
instances/n1000_test57.csv,243750,true
instances/n1000_test58.csv,223625,false
instances/n1000_test59.csv,422083,true
instances/n1000_test6.csv,282167,false
instances/n1000_test60.csv,223834,true
instances/n1000_test61.csv,386791,false
instances/n1000_test62.csv,220000,false
instances/n1000_test63.csv,220750,true
instances/n1000_test64.csv,402750,true
instances/n1000_test65.csv,225875,false
instances/n1000_test66.csv,226917,true
instances/n1000_test67.csv,403250,false
instances/n1000_test68.csv,213250,false
instances/n1000_test69.csv,227542,true
instances/n1000_test7.csv,400083,false
instances/n1000_test70.csv,217750,false
instances/n1000_test71.csv,221833,false
instances/n1000_test72.csv,429666,true
instances/n1000_test73.csv,219500,true
instances/n1000_test74.csv,231292,true
instances/n1000_test75.csv,400375,false
instances/n1000_test76.csv,211500,false
instances/n1000_test77.csv,218958,true
instances/n1000_test78.csv,397208,false
instances/n1000_test79.csv,260041,true
instances/n1000_test8.csv,220917,false
instances/n1000_test80.csv,391167,true
instances/n1000_test81.csv,216667,true
instances/n1000_test82.csv,221792,false
instances/n1000_test83.csv,386500,true
instances/n1000_test84.csv,226209,false
instances/n1000_test85.csv,219041,false
instances/n1000_test86.csv,387000,false
instances/n1000_test87.csv,218083,true
instances/n1000_test88.csv,228250,true
instances/n1000_test89.csv,396208,true
instances/n1000_test9.csv,217792,true
instances/n1000_test90.csv,227542,false
instances/n1000_test91.csv,415750,false
instances/n1000_test92.csv,213083,false
instances/n1000_test93.csv,228708,true
instances/n1000_test94.csv,396042,false
instances/n1000_test95.csv,219958,true
instances/n1000_test96.csv,162764792,true
instances/n1000_test97.csv,213583,true
instances/n1000_test98.csv,211750,true
instances/n1000_test99.csv,258959,false
instances/n100_test1.csv,15834,true
instances/n100_test10.csv,446833,false
instances/n100_test100.csv,1833,true
instances/n100_test101.csv,1750,false
instances/n100_test102.csv,11791,false
instances/n100_test103.csv,2041,true
instances/n100_test104.csv,2584,false
instances/n100_test105.csv,3334,false
instances/n100_test106.csv,5750,true
instances/n100_test107.csv,2625,false
instances/n100_test108.csv,754959,true
instances/n100_test109.csv,2167,false
instances/n100_test11.csv,2500,false
instances/n100_test110.csv,8250,false
instances/n100_test111.csv,2167,false
instances/n100_test112.csv,2500,true
instances/n100_test113.csv,13208,true
instances/n100_test114.csv,2250,false
instances/n100_test115.csv,2667,true
instances/n100_test116.csv,2334,false
instances/n100_test117.csv,2125,false
instances/n100_test118.csv,1875,false
instances/n100_test119.csv,29791,true
instances/n100_test12.csv,5417,true
instances/n100_test120.csv,254125,true
instances/n100_test121.csv,1875,false
instances/n100_test122.csv,8459,true
instances/n100_test123.csv,2041,false
instances/n100_test124.csv,26375,true
instances/n100_test125.csv,2292,true
instances/n100_test126.csv,1791,true
instances/n100_test127.csv,1709,true
instances/n100_test128.csv,2208,false
instances/n100_test129.csv,5500,false
instances/n100_test13.csv,2083,false
instances/n100_test130.csv,3208,false
instances/n100_test131.csv,6000,true
instances/n100_test132.csv,5208,false
instances/n100_test133.csv,2833,false
instances/n100_test134.csv,2083,false
instances/n100_test135.csv,2292,true
instances/n100_test136.csv,2625,false
instances/n100_test137.csv,2541,true
instances/n100_test138.csv,12417,true
instances/n100_test139.csv,2250,true
instances/n100_test14.csv,2000,false
instances/n100_test140.csv,2208,true
instances/n100_test141.csv,2250,true
instances/n100_test142.csv,11334,true
instances/n100_test143.csv,2125,false
instances/n100_test144.csv,1875,false
instances/n100_test145.csv,1875,false
instances/n100_test146.csv,2084,false
instances/n100_test147.csv,1833,false
instances/n100_test148.csv,2084,true
instances/n100_test149.csv,7250,true
instances/n100_test15.csv,2208,true
instances/n100_test150.csv,2542,false
instances/n100_test151.csv,2000,false
instances/n100_test152.csv,1958,false
instances/n100_test153.csv,6625,false
instances/n100_test154.csv,1875,false
instances/n100_test155.csv,7417,false
instances/n100_test156.csv,5875,true
instances/n100_test157.csv,7583,true
instances/n100_test158.csv,4958,false
instances/n100_test159.csv,7250,true
instances/n100_test16.csv,7416,false
instances/n100_test160.csv,8000,true
instances/n100_test161.csv,7292,true
instances/n100_test162.csv,9250,false
instances/n100_test163.csv,9292,true
instances/n100_test164.csv,13916,false
instances/n100_test165.csv,7208,false
instances/n100_test166.csv,7083,true
instances/n100_test167.csv,7167,true
instances/n100_test168.csv,6708,true
instances/n100_test169.csv,7458,false
instances/n100_test17.csv,74792,false
instances/n100_test170.csv,206167,false
instances/n100_test171.csv,2458,false
instances/n100_test172.csv,2375,false
instances/n100_test173.csv,2750,true
instances/n100_test174.csv,2125,true
instances/n100_test175.csv,5042,true
instances/n100_test176.csv,1875,true
instances/n100_test177.csv,2000,true
instances/n100_test178.csv,1875,true
instances/n100_test179.csv,2250,false
instances/n100_test18.csv,2042,false
instances/n100_test180.csv,1833,true
instances/n100_test181.csv,2042,false
instances/n100_test182.csv,2000,true
instances/n100_test183.csv,2417,false
instances/n100_test184.csv,6209,false
instances/n100_test185.csv,2958,true
instances/n100_test186.csv,15416,true
instances/n100_test187.csv,1750,true
instances/n100_test188.csv,2166,false
instances/n100_test189.csv,2500,false
instances/n100_test19.csv,2250,false
instances/n100_test190.csv,1875,false
instances/n100_test191.csv,2166,false
instances/n100_test192.csv,5500,true
instances/n100_test193.csv,2500,true
instances/n100_test194.csv,2334,true
instances/n100_test195.csv,6000,true
instances/n100_test196.csv,2166,false
instances/n100_test197.csv,6709,true
instances/n100_test198.csv,2041,false
instances/n100_test199.csv,1875,false
instances/n100_test2.csv,1959,false
instances/n100_test20.csv,2125,false
instances/n100_test200.csv,4958,false
instances/n100_test201.csv,204833,true
instances/n100_test202.csv,2083,true
instances/n100_test203.csv,387042,false
instances/n100_test204.csv,2042,true
instances/n100_test205.csv,238416,false
instances/n100_test206.csv,1916,true
instances/n100_test207.csv,1833,true
instances/n100_test208.csv,2500,true
instances/n100_test209.csv,2125,true
instances/n100_test21.csv,1875,false
instances/n100_test210.csv,2000,true
instances/n100_test211.csv,1917,true
instances/n100_test212.csv,450916,false
instances/n100_test213.csv,2959,true
instances/n100_test214.csv,2333,true
instances/n100_test215.csv,234250,true
instances/n100_test216.csv,1875,true
instances/n100_test217.csv,2125,false
instances/n100_test218.csv,5459,true
instances/n100_test219.csv,2125,false
instances/n100_test22.csv,1958,false
instances/n100_test220.csv,1959,true
instances/n100_test221.csv,2000,false
instances/n100_test222.csv,2166,true
instances/n100_test223.csv,2250,true
instances/n100_test224.csv,5583,true
instances/n100_test225.csv,1958,true
instances/n100_test226.csv,195167,true
instances/n100_test227.csv,1791,true
instances/n100_test228.csv,5375,false
instances/n100_test229.csv,1792,false
instances/n100_test23.csv,1625,true
instances/n100_test230.csv,1750,false
instances/n100_test231.csv,1916,true
instances/n100_test232.csv,1875,false
instances/n100_test233.csv,1750,false
instances/n100_test234.csv,1625,false
instances/n100_test235.csv,1834,false
instances/n100_test236.csv,2000,true
instances/n100_test237.csv,1625,true
instances/n100_test238.csv,2084,false
instances/n100_test239.csv,1875,false
instances/n100_test24.csv,1792,true
instances/n100_test240.csv,1833,true
instances/n100_test241.csv,1750,true
instances/n100_test242.csv,1833,false
instances/n100_test243.csv,1792,false
instances/n100_test244.csv,2042,false
instances/n100_test245.csv,1875,true
instances/n100_test246.csv,2209,false
instances/n100_test247.csv,1792,false
instances/n100_test248.csv,2208,true
instances/n100_test249.csv,1750,false
instances/n100_test25.csv,1833,true
instances/n100_test250.csv,1709,false
instances/n100_test251.csv,1750,true
instances/n100_test252.csv,1750,true
instances/n100_test253.csv,2333,false
instances/n100_test254.csv,1667,false
instances/n100_test255.csv,1833,true
instances/n100_test256.csv,1750,true
instances/n100_test257.csv,7042,true
instances/n100_test258.csv,2333,true
instances/n100_test259.csv,2500,true
instances/n100_test26.csv,2583,true
instances/n100_test260.csv,2291,false
instances/n100_test261.csv,2208,false
instances/n100_test262.csv,2000,true
instances/n100_test263.csv,1791,true
instances/n100_test264.csv,2167,true
instances/n100_test265.csv,2125,false
instances/n100_test266.csv,2084,false
instances/n100_test267.csv,1625,true
instances/n100_test268.csv,6625,false
instances/n100_test269.csv,2708,false
instances/n100_test27.csv,545291,true
instances/n100_test270.csv,2042,false
instances/n100_test271.csv,2125,false
instances/n100_test272.csv,1917,true
instances/n100_test273.csv,1709,false
instances/n100_test274.csv,2292,true
instances/n100_test275.csv,2084,true
instances/n100_test276.csv,1959,false
instances/n100_test277.csv,2000,true
instances/n100_test278.csv,1791,false
instances/n100_test279.csv,1916,true
instances/n100_test28.csv,1792,true
instances/n100_test280.csv,1959,false
instances/n100_test281.csv,1791,false
instances/n100_test282.csv,1708,true
instances/n100_test283.csv,1625,true
instances/n100_test284.csv,280667,false
instances/n100_test285.csv,1708,false
instances/n100_test286.csv,2083,true
instances/n100_test287.csv,1792,true
instances/n100_test288.csv,5875,true
instances/n100_test289.csv,2125,true
instances/n100_test29.csv,1833,false
instances/n100_test290.csv,1917,false
instances/n100_test291.csv,5041,true
instances/n100_test292.csv,1792,false
instances/n100_test293.csv,1875,false
instances/n100_test294.csv,1542,true
instances/n100_test295.csv,2291,false
instances/n100_test296.csv,1833,true
instances/n100_test297.csv,1667,true
instances/n100_test298.csv,1625,false
instances/n100_test299.csv,1875,true
instances/n100_test3.csv,1750,false
instances/n100_test30.csv,1666,true
instances/n100_test300.csv,2209,false
instances/n100_test301.csv,2416,false
instances/n100_test302.csv,1667,true
instances/n100_test303.csv,1792,true
instances/n100_test304.csv,194875,true
instances/n100_test305.csv,1791,false
instances/n100_test306.csv,1750,true
instances/n100_test307.csv,2333,false
instances/n100_test308.csv,2042,true
instances/n100_test309.csv,2125,true
instances/n100_test31.csv,1958,false
instances/n100_test310.csv,1958,false
instances/n100_test311.csv,1750,false
instances/n100_test312.csv,1750,false
instances/n100_test313.csv,2375,false
instances/n100_test314.csv,2000,false
instances/n100_test315.csv,2041,true
instances/n100_test316.csv,1791,true
instances/n100_test317.csv,1833,false
instances/n100_test318.csv,1833,false
instances/n100_test319.csv,1917,true
instances/n100_test32.csv,1958,false
instances/n100_test320.csv,2125,true
instances/n100_test321.csv,1750,false
instances/n100_test322.csv,1834,false
instances/n100_test323.csv,1667,true
instances/n100_test324.csv,1875,true
instances/n100_test325.csv,1958,false
instances/n100_test326.csv,1708,true
instances/n100_test327.csv,1875,true
instances/n100_test328.csv,1792,true
instances/n100_test329.csv,1958,true
instances/n100_test33.csv,1667,true
instances/n100_test330.csv,1791,true
instances/n100_test331.csv,1750,true
instances/n100_test332.csv,1750,false
instances/n100_test333.csv,1917,true
instances/n100_test334.csv,1667,true
instances/n100_test335.csv,1792,true
instances/n100_test336.csv,1708,true
instances/n100_test337.csv,1666,true
instances/n100_test338.csv,2459,false
instances/n100_test339.csv,2167,false
instances/n100_test34.csv,2333,false
instances/n100_test340.csv,1875,true
instances/n100_test341.csv,1625,true
instances/n100_test342.csv,1791,false
instances/n100_test343.csv,2000,true
instances/n100_test344.csv,2542,false
instances/n100_test345.csv,1750,false
instances/n100_test346.csv,1875,false
instances/n100_test347.csv,1708,false
instances/n100_test348.csv,1917,true
instances/n100_test349.csv,202750,false
instances/n100_test35.csv,2250,true
instances/n100_test350.csv,2334,false
instances/n100_test351.csv,1875,true
instances/n100_test352.csv,1750,false
instances/n100_test353.csv,1959,true
instances/n100_test354.csv,1834,false
instances/n100_test355.csv,2250,true
instances/n100_test356.csv,1917,true
instances/n100_test357.csv,1833,false
instances/n100_test358.csv,199000,true
instances/n100_test359.csv,2417,true
instances/n100_test36.csv,1958,false
instances/n100_test360.csv,1833,true
instances/n100_test361.csv,2208,true
instances/n100_test362.csv,5375,true
instances/n100_test363.csv,4750,false
instances/n100_test364.csv,2292,false
instances/n100_test365.csv,2041,true
instances/n100_test366.csv,430333,false
instances/n100_test367.csv,2084,false
instances/n100_test368.csv,43607167,false
instances/n100_test369.csv,14084,false
instances/n100_test37.csv,1917,true
instances/n100_test370.csv,13792,true
instances/n100_test371.csv,12042,true
instances/n100_test372.csv,18458,false
instances/n100_test373.csv,13958,true
instances/n100_test374.csv,15625,true
instances/n100_test375.csv,1750,true
instances/n100_test376.csv,2125,false
instances/n100_test377.csv,2167,false
instances/n100_test378.csv,1958,true
instances/n100_test379.csv,2042,false
instances/n100_test38.csv,197000,false
instances/n100_test380.csv,1916,false
instances/n100_test381.csv,1750,false
instances/n100_test382.csv,1916,true
instances/n100_test383.csv,2208,true
instances/n100_test384.csv,2209,true
instances/n100_test385.csv,2083,true
instances/n100_test386.csv,2000,true
instances/n100_test387.csv,2125,true
instances/n100_test388.csv,268916,true
instances/n100_test389.csv,2667,false
instances/n100_test39.csv,5416,false
instances/n100_test390.csv,2042,false
instances/n100_test391.csv,2000,true
instances/n100_test392.csv,2083,true
instances/n100_test393.csv,38387625,false
instances/n100_test394.csv,1958,true
instances/n100_test395.csv,1666,true
instances/n100_test396.csv,1708,false
instances/n100_test397.csv,1750,true
instances/n100_test398.csv,1625,false
instances/n100_test399.csv,2000,false
instances/n100_test4.csv,1791,false
instances/n100_test40.csv,1750,true
instances/n100_test400.csv,1792,false
instances/n100_test401.csv,5500,true
instances/n100_test402.csv,1666,true
instances/n100_test403.csv,2042,false
instances/n100_test404.csv,2042,true
instances/n100_test405.csv,1583,true
instances/n100_test406.csv,1958,true
instances/n100_test407.csv,2000,false
instances/n100_test408.csv,1750,true
instances/n100_test409.csv,2000,true
instances/n100_test41.csv,1709,true
instances/n100_test410.csv,1708,true
instances/n100_test411.csv,199000,true
instances/n100_test412.csv,1959,false
instances/n100_test413.csv,1917,false
instances/n100_test414.csv,237541,true
instances/n100_test415.csv,1791,true
instances/n100_test416.csv,1833,true
instances/n100_test417.csv,1792,true
instances/n100_test418.csv,1791,true
instances/n100_test419.csv,2166,false
instances/n100_test42.csv,1667,false
instances/n100_test420.csv,1875,false
instances/n100_test421.csv,1625,false
instances/n100_test422.csv,1625,true
instances/n100_test423.csv,1833,false
instances/n100_test424.csv,1709,true
instances/n100_test425.csv,1708,true
instances/n100_test426.csv,1875,true
instances/n100_test427.csv,1625,true
instances/n100_test428.csv,1791,true
instances/n100_test429.csv,4583,false
instances/n100_test43.csv,1541,true
instances/n100_test430.csv,1750,false
instances/n100_test431.csv,1750,false
instances/n100_test432.csv,1917,false
instances/n100_test433.csv,1500,false
instances/n100_test434.csv,1709,false
instances/n100_test435.csv,2833,false
instances/n100_test436.csv,1792,true
instances/n100_test437.csv,1750,true
instances/n100_test438.csv,1791,true
instances/n100_test439.csv,1959,true
instances/n100_test44.csv,194584,false
instances/n100_test440.csv,1708,true
instances/n100_test441.csv,1583,true
instances/n100_test442.csv,2208,false
instances/n100_test443.csv,1708,true
instances/n100_test444.csv,1750,false
instances/n100_test445.csv,1708,true
instances/n100_test446.csv,17500,true
instances/n100_test447.csv,1750,false
instances/n100_test448.csv,1750,false
instances/n100_test449.csv,1959,false
instances/n100_test45.csv,1834,true
instances/n100_test450.csv,1667,true
instances/n100_test451.csv,1584,true
instances/n100_test452.csv,1833,false
instances/n100_test453.csv,2500,false
instances/n100_test454.csv,1709,false
instances/n100_test455.csv,1708,true
instances/n100_test456.csv,7834,true
instances/n100_test457.csv,1750,true
instances/n100_test458.csv,2000,false
instances/n100_test459.csv,2708,false
instances/n100_test46.csv,1959,false
instances/n100_test460.csv,2500,false
instances/n100_test461.csv,1709,false
instances/n100_test462.csv,1875,true
instances/n100_test463.csv,1875,false
instances/n100_test464.csv,2250,true
instances/n100_test465.csv,1625,false
instances/n100_test466.csv,13792,true
instances/n100_test467.csv,1750,false
instances/n100_test468.csv,2167,false
instances/n100_test469.csv,2209,true
instances/n100_test47.csv,2083,true
instances/n100_test470.csv,1917,true
instances/n100_test471.csv,17083,false
instances/n100_test472.csv,36547250,false
instances/n100_test473.csv,4209,false
instances/n100_test474.csv,1792,true
instances/n100_test475.csv,1666,true
instances/n100_test476.csv,1709,true
instances/n100_test477.csv,5625,false
instances/n100_test478.csv,1833,true
instances/n100_test479.csv,1833,true
instances/n100_test48.csv,1750,true
instances/n100_test480.csv,2542,false
instances/n100_test481.csv,195166,true
instances/n100_test482.csv,2250,false
instances/n100_test483.csv,1750,false
instances/n100_test484.csv,1750,false
instances/n100_test485.csv,1709,true
instances/n100_test486.csv,194958,false
instances/n100_test487.csv,1792,false
instances/n100_test488.csv,1833,true
instances/n100_test489.csv,2000,true
instances/n100_test49.csv,1833,true
instances/n100_test490.csv,1750,false
instances/n100_test491.csv,37723000,false
instances/n100_test492.csv,2334,false
instances/n100_test493.csv,195250,true
instances/n100_test494.csv,2042,false
instances/n100_test495.csv,1708,true
instances/n100_test496.csv,1750,false
instances/n100_test497.csv,1667,true
instances/n100_test498.csv,1584,true
instances/n100_test499.csv,1792,true
instances/n100_test5.csv,1625,true
instances/n100_test50.csv,462292,true
instances/n100_test500.csv,1416,false
instances/n100_test51.csv,1625,true
instances/n100_test52.csv,1708,false
instances/n100_test53.csv,1709,false
instances/n100_test54.csv,1792,false
instances/n100_test55.csv,2167,true
instances/n100_test56.csv,2041,false
instances/n100_test57.csv,1833,false
instances/n100_test58.csv,1833,false
instances/n100_test59.csv,1750,false
instances/n100_test6.csv,1834,true
instances/n100_test60.csv,1667,false
instances/n100_test61.csv,2041,true
instances/n100_test62.csv,1792,true
instances/n100_test63.csv,33000,false
instances/n100_test64.csv,1917,false
instances/n100_test65.csv,1792,false
instances/n100_test66.csv,1875,false
instances/n100_test67.csv,1958,true
instances/n100_test68.csv,5042,false
instances/n100_test69.csv,2250,true
instances/n100_test7.csv,1792,false
instances/n100_test70.csv,8125,false
instances/n100_test71.csv,1625,true
instances/n100_test72.csv,2125,true
instances/n100_test73.csv,1667,false
instances/n100_test74.csv,2125,true
instances/n100_test75.csv,2000,true
instances/n100_test76.csv,1667,true
instances/n100_test77.csv,37101917,false
instances/n100_test78.csv,2166,true
instances/n100_test79.csv,1667,false
instances/n100_test8.csv,1667,true
instances/n100_test80.csv,1833,false
instances/n100_test81.csv,2000,false
instances/n100_test82.csv,1625,false
instances/n100_test83.csv,1583,false
instances/n100_test84.csv,6667,false
instances/n100_test85.csv,1708,true
instances/n100_test86.csv,1709,false
instances/n100_test87.csv,1667,false
instances/n100_test88.csv,1750,true
instances/n100_test89.csv,1709,true
instances/n100_test9.csv,194541,false
instances/n100_test90.csv,1833,false
instances/n100_test91.csv,1834,false
instances/n100_test92.csv,1917,false
instances/n100_test93.csv,1708,false
instances/n100_test94.csv,1958,true
instances/n100_test95.csv,1958,true
instances/n100_test96.csv,1708,true
instances/n100_test97.csv,5042,true
instances/n100_test98.csv,5959,false
instances/n100_test99.csv,2000,false
instances/n10_test1.csv,750,false
instances/n10_test10.csv,125,false
instances/n10_test100.csv,83,false
instances/n10_test101.csv,84,true
instances/n10_test102.csv,125,true
instances/n10_test103.csv,7417,false
instances/n10_test104.csv,541,false
instances/n10_test105.csv,84,true
instances/n10_test106.csv,458,false
instances/n10_test107.csv,292,true
instances/n10_test108.csv,166,true
instances/n10_test109.csv,250,true
instances/n10_test11.csv,83,true
instances/n10_test110.csv,125,false
instances/n10_test111.csv,6625,false
instances/n10_test112.csv,167,true
instances/n10_test113.csv,84,false
instances/n10_test114.csv,41,true
instances/n10_test115.csv,125,false
instances/n10_test116.csv,42,true
instances/n10_test117.csv,500,false
instances/n10_test118.csv,83,true
instances/n10_test119.csv,7459,false
instances/n10_test12.csv,83,true
instances/n10_test120.csv,41,false
instances/n10_test121.csv,500,true
instances/n10_test122.csv,166,false
instances/n10_test123.csv,334,true
instances/n10_test124.csv,83,false
instances/n10_test125.csv,84,true
instances/n10_test126.csv,41,false
instances/n10_test127.csv,125,true
instances/n10_test128.csv,1541,true
instances/n10_test129.csv,83,false
instances/n10_test13.csv,5250,false
instances/n10_test130.csv,125,false
instances/n10_test131.csv,416,true
instances/n10_test132.csv,42,false
instances/n10_test133.csv,42,true
instances/n10_test134.csv,42,true
instances/n10_test135.csv,125,true
instances/n10_test136.csv,42,true
instances/n10_test137.csv,42,true
instances/n10_test138.csv,83,true
instances/n10_test139.csv,125,true
instances/n10_test14.csv,83,false
instances/n10_test140.csv,666,false
instances/n10_test141.csv,125,true
instances/n10_test142.csv,42,false
instances/n10_test143.csv,125,true
instances/n10_test144.csv,83,false
instances/n10_test145.csv,5833,false
instances/n10_test146.csv,42,false
instances/n10_test147.csv,84,true
instances/n10_test148.csv,458,false
instances/n10_test149.csv,84,false
instances/n10_test15.csv,250,true
instances/n10_test150.csv,584,true
instances/n10_test151.csv,84,false
instances/n10_test152.csv,125,true
instances/n10_test153.csv,125,true
instances/n10_test154.csv,709,true
instances/n10_test155.csv,6542,false
instances/n10_test156.csv,584,true
instances/n10_test157.csv,541,false
instances/n10_test158.csv,83,true
instances/n10_test159.csv,125,false
instances/n10_test16.csv,41,true
instances/n10_test160.csv,1375,false
instances/n10_test161.csv,125,false
instances/n10_test162.csv,41,true
instances/n10_test163.csv,42,true
instances/n10_test164.csv,209,false
instances/n10_test165.csv,625,false
instances/n10_test166.csv,5541,false
instances/n10_test167.csv,83,false
instances/n10_test168.csv,42,false
instances/n10_test169.csv,125,false
instances/n10_test17.csv,6333,false
instances/n10_test170.csv,6333,false
instances/n10_test171.csv,542,false
instances/n10_test172.csv,83,true
instances/n10_test173.csv,166,true
instances/n10_test174.csv,250,false
instances/n10_test175.csv,84,false
instances/n10_test176.csv,84,true
instances/n10_test177.csv,41,false
instances/n10_test178.csv,167,false
instances/n10_test179.csv,5500,false
instances/n10_test18.csv,83,true
instances/n10_test180.csv,125,false
instances/n10_test181.csv,167,true
instances/n10_test182.csv,83,false
instances/n10_test183.csv,167,true
instances/n10_test184.csv,125,false
instances/n10_test185.csv,792,false
instances/n10_test186.csv,84,false
instances/n10_test187.csv,83,true
instances/n10_test188.csv,83,true
instances/n10_test189.csv,125,true
instances/n10_test19.csv,167,true
instances/n10_test190.csv,84,true
instances/n10_test191.csv,5375,false
instances/n10_test192.csv,125,false
instances/n10_test193.csv,708,true
instances/n10_test194.csv,458,true
instances/n10_test195.csv,125,false
instances/n10_test196.csv,167,true
instances/n10_test197.csv,41,true
instances/n10_test198.csv,83,false
instances/n10_test199.csv,708,false
instances/n10_test2.csv,500,true
instances/n10_test20.csv,958,true
instances/n10_test200.csv,458,true
instances/n10_test201.csv,167,false
instances/n10_test202.csv,125,false
instances/n10_test203.csv,83,false
instances/n10_test204.csv,125,true
instances/n10_test205.csv,42,true
instances/n10_test206.csv,83,true
instances/n10_test207.csv,6917,false
instances/n10_test208.csv,125,true
instances/n10_test209.csv,83,false
instances/n10_test21.csv,5709,false
instances/n10_test210.csv,125,true
instances/n10_test211.csv,125,true
instances/n10_test212.csv,667,true
instances/n10_test213.csv,41,false
instances/n10_test214.csv,83,false
instances/n10_test215.csv,208,true
instances/n10_test216.csv,5500,false
instances/n10_test217.csv,6041,false
instances/n10_test218.csv,1209,true
instances/n10_test219.csv,83,true
instances/n10_test22.csv,208,false
instances/n10_test220.csv,583,true
instances/n10_test221.csv,5625,false
instances/n10_test222.csv,84,true
instances/n10_test223.csv,125,true
instances/n10_test224.csv,584,false
instances/n10_test225.csv,750,true
instances/n10_test226.csv,166,false
instances/n10_test227.csv,125,false
instances/n10_test228.csv,167,true
instances/n10_test229.csv,84,false
instances/n10_test23.csv,83,true
instances/n10_test230.csv,125,true
instances/n10_test231.csv,875,true
instances/n10_test232.csv,23625,false
instances/n10_test233.csv,6208,false
instances/n10_test234.csv,208,true
instances/n10_test235.csv,125,true
instances/n10_test236.csv,500,false
instances/n10_test237.csv,125,false
instances/n10_test238.csv,166,true
instances/n10_test239.csv,125,true
instances/n10_test24.csv,750,false
instances/n10_test240.csv,84,true
instances/n10_test241.csv,5625,false
instances/n10_test242.csv,84,true
instances/n10_test243.csv,125,false
instances/n10_test244.csv,125,false
instances/n10_test245.csv,125,true
instances/n10_test246.csv,500,false
instances/n10_test247.csv,459,false
instances/n10_test248.csv,125,false
instances/n10_test249.csv,42,false
instances/n10_test25.csv,83,false
instances/n10_test250.csv,6500,false
instances/n10_test251.csv,125,false
instances/n10_test252.csv,500,true
instances/n10_test253.csv,125,false
instances/n10_test254.csv,583,true
instances/n10_test255.csv,83,false
instances/n10_test256.csv,583,false
instances/n10_test257.csv,83,false
instances/n10_test258.csv,167,true
instances/n10_test259.csv,125,false
instances/n10_test26.csv,42,false
instances/n10_test260.csv,125,false
instances/n10_test261.csv,5833,false
instances/n10_test262.csv,83,false
instances/n10_test263.csv,83,true
instances/n10_test264.csv,41,true
instances/n10_test265.csv,42,false
instances/n10_test266.csv,84,true
instances/n10_test267.csv,83,true
instances/n10_test268.csv,208,false
instances/n10_test269.csv,459,false
instances/n10_test27.csv,84,true
instances/n10_test270.csv,84,true
instances/n10_test271.csv,458,true
instances/n10_test272.csv,84,false
instances/n10_test273.csv,250,true
instances/n10_test274.csv,333,false
instances/n10_test275.csv,84,false
instances/n10_test276.csv,416,true
instances/n10_test277.csv,125,true
instances/n10_test278.csv,83,true
instances/n10_test279.csv,208,true
instances/n10_test28.csv,42,false
instances/n10_test280.csv,500,false
instances/n10_test281.csv,84,false
instances/n10_test282.csv,84,false
instances/n10_test283.csv,167,true
instances/n10_test284.csv,583,false
instances/n10_test285.csv,542,true
instances/n10_test286.csv,208,false
instances/n10_test287.csv,83,true
instances/n10_test288.csv,83,true
instances/n10_test289.csv,458,false
instances/n10_test29.csv,83,true
instances/n10_test290.csv,125,false
instances/n10_test291.csv,83,true
instances/n10_test292.csv,625,false
instances/n10_test293.csv,5833,false
instances/n10_test294.csv,84,true
instances/n10_test295.csv,83,false
instances/n10_test296.csv,84,true
instances/n10_test297.csv,83,true
instances/n10_test298.csv,125,false
instances/n10_test299.csv,125,false
instances/n10_test3.csv,542,true
instances/n10_test30.csv,83,false
instances/n10_test300.csv,6875,false
instances/n10_test301.csv,84,false
instances/n10_test302.csv,42,true
instances/n10_test303.csv,42,false
instances/n10_test304.csv,500,true
instances/n10_test305.csv,417,true
instances/n10_test306.csv,583,false
instances/n10_test307.csv,458,false
instances/n10_test308.csv,125,false
instances/n10_test309.csv,84,true
instances/n10_test31.csv,83,false
instances/n10_test310.csv,14709,false
instances/n10_test311.csv,19750,false
instances/n10_test312.csv,583,true
instances/n10_test313.csv,125,true
instances/n10_test314.csv,167,true
instances/n10_test315.csv,125,false
instances/n10_test316.csv,1416,false
instances/n10_test317.csv,167,true
instances/n10_test318.csv,167,false
instances/n10_test319.csv,83,true
instances/n10_test32.csv,209,true
instances/n10_test320.csv,83,false
instances/n10_test321.csv,29875,false
instances/n10_test322.csv,125,false
instances/n10_test323.csv,84,false
instances/n10_test324.csv,125,false
instances/n10_test325.csv,208,false
instances/n10_test326.csv,167,true
instances/n10_test327.csv,125,true
instances/n10_test328.csv,5875,false
instances/n10_test329.csv,125,false
instances/n10_test33.csv,42,false
instances/n10_test330.csv,209,true
instances/n10_test331.csv,125,true
instances/n10_test332.csv,208,false
instances/n10_test333.csv,167,false
instances/n10_test334.csv,42,false
instances/n10_test335.csv,167,false
instances/n10_test336.csv,41,true
instances/n10_test337.csv,416,false
instances/n10_test338.csv,84,true
instances/n10_test339.csv,541,true
instances/n10_test34.csv,42,true
instances/n10_test340.csv,334,false
instances/n10_test341.csv,83,true
instances/n10_test342.csv,83,true
instances/n10_test343.csv,1625,false
instances/n10_test344.csv,334,false
instances/n10_test345.csv,125,false
instances/n10_test346.csv,5667,false
instances/n10_test347.csv,500,true
instances/n10_test348.csv,125,true
instances/n10_test349.csv,125,true
instances/n10_test35.csv,5750,false
instances/n10_test350.csv,125,true
instances/n10_test351.csv,625,false
instances/n10_test352.csv,125,true
instances/n10_test353.csv,83,true
instances/n10_test354.csv,84,true
instances/n10_test355.csv,500,true
instances/n10_test356.csv,125,false
instances/n10_test357.csv,6250,false
instances/n10_test358.csv,459,true
instances/n10_test359.csv,83,true
instances/n10_test36.csv,83,true
instances/n10_test360.csv,416,true
instances/n10_test361.csv,83,false
instances/n10_test362.csv,16667,false
instances/n10_test363.csv,6291,false
instances/n10_test364.csv,166,true
instances/n10_test365.csv,125,false
instances/n10_test366.csv,83,true
instances/n10_test367.csv,83,false
instances/n10_test368.csv,83,true
instances/n10_test369.csv,6000,false
instances/n10_test37.csv,125,false
instances/n10_test370.csv,25792,false
instances/n10_test371.csv,125,true
instances/n10_test372.csv,52833,false
instances/n10_test373.csv,209,false
instances/n10_test374.csv,5292,false
instances/n10_test375.csv,6375,false
instances/n10_test376.csv,125,true
instances/n10_test377.csv,167,true
instances/n10_test378.csv,125,false
instances/n10_test379.csv,42,true
instances/n10_test38.csv,83,false
instances/n10_test380.csv,125,true
instances/n10_test381.csv,167,false
instances/n10_test382.csv,583,true
instances/n10_test383.csv,5708,false
instances/n10_test384.csv,625,true
instances/n10_test385.csv,167,false
instances/n10_test386.csv,167,false
instances/n10_test387.csv,83,false
instances/n10_test388.csv,167,true
instances/n10_test389.csv,208,false
instances/n10_test39.csv,84,false
instances/n10_test390.csv,209,true
instances/n10_test391.csv,167,false
instances/n10_test392.csv,1041,true
instances/n10_test393.csv,83,false
instances/n10_test394.csv,125,true
instances/n10_test395.csv,166,false
instances/n10_test396.csv,166,true
instances/n10_test397.csv,125,true
instances/n10_test398.csv,542,false
instances/n10_test399.csv,42,true
instances/n10_test4.csv,6000,false
instances/n10_test40.csv,83,true
instances/n10_test400.csv,167,false
instances/n10_test401.csv,125,true
instances/n10_test402.csv,166,true
instances/n10_test403.csv,625,true
instances/n10_test404.csv,6208,false
instances/n10_test405.csv,500,false
instances/n10_test406.csv,6500,false
instances/n10_test407.csv,7167,false
instances/n10_test408.csv,125,true
instances/n10_test409.csv,83,false
instances/n10_test41.csv,6959,false
instances/n10_test410.csv,167,true
instances/n10_test411.csv,83,false
instances/n10_test412.csv,1334,false
instances/n10_test413.csv,125,false
instances/n10_test414.csv,167,false
instances/n10_test415.csv,83,true
instances/n10_test416.csv,42,true
instances/n10_test417.csv,84,true
instances/n10_test418.csv,5292,false
instances/n10_test419.csv,83,false
instances/n10_test42.csv,83,true
instances/n10_test420.csv,42,false
instances/n10_test421.csv,333,false
instances/n10_test422.csv,83,true
instances/n10_test423.csv,83,true
instances/n10_test424.csv,5791,false
instances/n10_test425.csv,375,false
instances/n10_test426.csv,41,true
instances/n10_test427.csv,83,true
instances/n10_test428.csv,83,true
instances/n10_test429.csv,166,true
instances/n10_test43.csv,625,true
instances/n10_test430.csv,584,true
instances/n10_test431.csv,83,false
instances/n10_test432.csv,125,true
instances/n10_test433.csv,333,false
instances/n10_test434.csv,1542,true
instances/n10_test435.csv,6042,false
instances/n10_test436.csv,375,false
instances/n10_test437.csv,458,false
instances/n10_test438.csv,459,true
instances/n10_test439.csv,42,true
instances/n10_test44.csv,6875,false
instances/n10_test440.csv,84,true
instances/n10_test441.csv,83,false
instances/n10_test442.csv,42,true
instances/n10_test443.csv,167,false
instances/n10_test444.csv,500,true
instances/n10_test445.csv,542,false
instances/n10_test446.csv,208,true
instances/n10_test447.csv,333,false
instances/n10_test448.csv,667,false
instances/n10_test449.csv,917,false
instances/n10_test45.csv,1500,true
instances/n10_test450.csv,19542,false
instances/n10_test451.csv,625,false
instances/n10_test452.csv,84,false
instances/n10_test453.csv,875,false
instances/n10_test454.csv,7708,false
instances/n10_test455.csv,125,true
instances/n10_test456.csv,2500,true
instances/n10_test457.csv,1208,true
instances/n10_test458.csv,167,false
instances/n10_test459.csv,208,true
instances/n10_test46.csv,2084,true
instances/n10_test460.csv,166,false
instances/n10_test461.csv,167,true
instances/n10_test462.csv,7834,false
instances/n10_test463.csv,2291,false
instances/n10_test464.csv,458,false
instances/n10_test465.csv,42,false
instances/n10_test466.csv,584,true
instances/n10_test467.csv,167,true
instances/n10_test468.csv,84,true
instances/n10_test469.csv,500,false
instances/n10_test47.csv,1250,true
instances/n10_test470.csv,84,false
instances/n10_test471.csv,125,true
instances/n10_test472.csv,83,true
instances/n10_test473.csv,84,false
instances/n10_test474.csv,83,true
instances/n10_test475.csv,84,false
instances/n10_test476.csv,42,false
instances/n10_test477.csv,416,false
instances/n10_test478.csv,125,true
instances/n10_test479.csv,125,false
instances/n10_test48.csv,166,false
instances/n10_test480.csv,125,false
instances/n10_test481.csv,83,true
instances/n10_test482.csv,84,false
instances/n10_test483.csv,125,false
instances/n10_test484.csv,42,true
instances/n10_test485.csv,1583,true
instances/n10_test486.csv,125,false
instances/n10_test487.csv,83,false
instances/n10_test488.csv,84,true
instances/n10_test489.csv,125,true
instances/n10_test49.csv,167,true
instances/n10_test490.csv,42,true
instances/n10_test491.csv,125,true
instances/n10_test492.csv,83,true
instances/n10_test493.csv,84,true
instances/n10_test494.csv,6542,false
instances/n10_test495.csv,83,true
instances/n10_test496.csv,83,true
instances/n10_test497.csv,41,false
instances/n10_test498.csv,6500,false
instances/n10_test499.csv,458,true
instances/n10_test5.csv,84,false
instances/n10_test50.csv,84,true
instances/n10_test500.csv,83,true
instances/n10_test51.csv,83,false
instances/n10_test52.csv,83,true
instances/n10_test53.csv,83,true
instances/n10_test54.csv,125,true
instances/n10_test55.csv,125,false
instances/n10_test56.csv,500,true
instances/n10_test57.csv,166,false
instances/n10_test58.csv,84,false
instances/n10_test59.csv,708,false
instances/n10_test6.csv,209,true
instances/n10_test60.csv,83,false
instances/n10_test61.csv,84,true
instances/n10_test62.csv,584,false
instances/n10_test63.csv,10750,false
instances/n10_test64.csv,41,false
instances/n10_test65.csv,42,true
instances/n10_test66.csv,500,false
instances/n10_test67.csv,1875,false
instances/n10_test68.csv,166,false
instances/n10_test69.csv,84,true
instances/n10_test7.csv,7042,false
instances/n10_test70.csv,625,true
instances/n10_test71.csv,166,false
instances/n10_test72.csv,458,true
instances/n10_test73.csv,42,true
instances/n10_test74.csv,2209,false
instances/n10_test75.csv,83,true
instances/n10_test76.csv,7208,false
instances/n10_test77.csv,625,true
instances/n10_test78.csv,84,true
instances/n10_test79.csv,84,false
instances/n10_test8.csv,83,false
instances/n10_test80.csv,125,true
instances/n10_test81.csv,636959,true
instances/n10_test82.csv,42,true
instances/n10_test83.csv,125,true
instances/n10_test84.csv,6833,false
instances/n10_test85.csv,55375,false
instances/n10_test86.csv,83,false
instances/n10_test87.csv,125,false
instances/n10_test88.csv,84,false
instances/n10_test89.csv,125,false
instances/n10_test9.csv,667,false
instances/n10_test90.csv,584,true
instances/n10_test91.csv,83,true
instances/n10_test92.csv,84,false
instances/n10_test93.csv,84,false
instances/n10_test94.csv,84,false
instances/n10_test95.csv,500,true
instances/n10_test96.csv,42,false
instances/n10_test97.csv,125,true
instances/n10_test98.csv,125,false
instances/n10_test99.csv,42,false
instances/n5000_test1.csv,41733209,true
instances/n5000_test10.csv,68470875,true
instances/n5000_test100.csv,86975459,true
instances/n5000_test101.csv,9840167,false
instances/n5000_test102.csv,9866166,false
instances/n5000_test103.csv,9675250,true
instances/n5000_test104.csv,9437083,false
instances/n5000_test105.csv,10557167,false
instances/n5000_test106.csv,10115666,true
instances/n5000_test107.csv,10355458,false
instances/n5000_test108.csv,23295500,false
instances/n5000_test109.csv,18942333,true
instances/n5000_test11.csv,9579542,true
instances/n5000_test110.csv,10758625,true
instances/n5000_test111.csv,10543875,true
instances/n5000_test112.csv,32267375,false
instances/n5000_test113.csv,99611250,true
instances/n5000_test114.csv,10358792,true
instances/n5000_test115.csv,23544667,false
instances/n5000_test116.csv,10459833,true
instances/n5000_test117.csv,10466000,false
instances/n5000_test118.csv,12101792,true
instances/n5000_test119.csv,10446792,false
instances/n5000_test12.csv,10555125,true
instances/n5000_test120.csv,10763666,true
instances/n5000_test121.csv,9981291,true
instances/n5000_test122.csv,16406542,false
instances/n5000_test123.csv,22262000,false
instances/n5000_test124.csv,10947209,false
instances/n5000_test125.csv,19396416,true
instances/n5000_test126.csv,10733959,false
instances/n5000_test127.csv,11528375,true
instances/n5000_test128.csv,10997333,false
instances/n5000_test129.csv,10056375,false
instances/n5000_test13.csv,10489500,true
instances/n5000_test130.csv,22832458,true
instances/n5000_test131.csv,9889541,false
instances/n5000_test132.csv,10538500,false
instances/n5000_test133.csv,10053500,true
instances/n5000_test134.csv,9879375,true
instances/n5000_test135.csv,9960542,false
instances/n5000_test136.csv,10813417,false
instances/n5000_test137.csv,14624250,false
instances/n5000_test138.csv,21125584,true
instances/n5000_test139.csv,9850084,false
instances/n5000_test14.csv,9925875,true
instances/n5000_test140.csv,25493620958,true
instances/n5000_test141.csv,9953750,false
instances/n5000_test142.csv,47836333,true
instances/n5000_test143.csv,11214209,true
instances/n5000_test144.csv,10503000,false
instances/n5000_test145.csv,28088457667,false
instances/n5000_test146.csv,15868250,false
instances/n5000_test147.csv,9742542,false
instances/n5000_test148.csv,9741584,false
instances/n5000_test149.csv,9995917,true
instances/n5000_test15.csv,10421000,false
instances/n5000_test150.csv,11151625,true
instances/n5000_test151.csv,9903958,true
instances/n5000_test152.csv,23729000,false
instances/n5000_test153.csv,9836166,true
instances/n5000_test154.csv,10019917,false
instances/n5000_test155.csv,13141208,true
instances/n5000_test156.csv,10014625,true
instances/n5000_test157.csv,11308375,true
instances/n5000_test158.csv,10189916,false
instances/n5000_test159.csv,10020583,false
instances/n5000_test16.csv,10212709,true
instances/n5000_test160.csv,9838667,false
instances/n5000_test161.csv,16652542,false
instances/n5000_test162.csv,9883917,true
instances/n5000_test163.csv,10806959,true
instances/n5000_test164.csv,11167000,true
instances/n5000_test165.csv,80463916,false
instances/n5000_test166.csv,9497167,true
instances/n5000_test167.csv,9816542,true
instances/n5000_test168.csv,10054709,true
instances/n5000_test169.csv,9741042,false
instances/n5000_test17.csv,12079292,true
instances/n5000_test170.csv,9893042,true
instances/n5000_test171.csv,22278625,true
instances/n5000_test172.csv,9747250,false
instances/n5000_test173.csv,9732917,true
instances/n5000_test174.csv,9815917,false
instances/n5000_test175.csv,13796500,true
instances/n5000_test176.csv,22718417,true
instances/n5000_test177.csv,27523203792,true
instances/n5000_test178.csv,32182125,true
instances/n5000_test179.csv,21432958,true
instances/n5000_test18.csv,10825250,false
instances/n5000_test180.csv,11039875,true
instances/n5000_test181.csv,10712708,false
instances/n5000_test182.csv,9777500,true
instances/n5000_test183.csv,16808833,false
instances/n5000_test184.csv,10330042,true
instances/n5000_test185.csv,10384792,false
instances/n5000_test186.csv,10022209,true
instances/n5000_test187.csv,11515708,false
instances/n5000_test188.csv,79877667,true
instances/n5000_test189.csv,19698500,true
instances/n5000_test19.csv,10500000,true
instances/n5000_test190.csv,15543208,false
instances/n5000_test191.csv,9581417,false
instances/n5000_test192.csv,22433875,true
instances/n5000_test193.csv,10465417,false
instances/n5000_test194.csv,9492209,false
instances/n5000_test195.csv,10157458,true
instances/n5000_test196.csv,10366042,false
instances/n5000_test197.csv,10015291,false
instances/n5000_test198.csv,9921125,true
instances/n5000_test199.csv,17636167,false
instances/n5000_test2.csv,25420125,true
instances/n5000_test20.csv,9930459,false
instances/n5000_test200.csv,9945250,false
instances/n5000_test201.csv,14189458,true
instances/n5000_test202.csv,15093417,false
instances/n5000_test203.csv,10080917,true
instances/n5000_test204.csv,10570167,true
instances/n5000_test205.csv,25387250,true
instances/n5000_test206.csv,9836500,false
instances/n5000_test207.csv,13848375,false
instances/n5000_test208.csv,9731542,true
instances/n5000_test209.csv,10239333,false
instances/n5000_test21.csv,9887334,true
instances/n5000_test210.csv,11239541,false
instances/n5000_test211.csv,23175833,true
instances/n5000_test212.csv,10085583,true
instances/n5000_test213.csv,10053208,true
instances/n5000_test214.csv,12321500,false
instances/n5000_test215.csv,13333583,true
instances/n5000_test216.csv,10361292,false
instances/n5000_test217.csv,17798959,true
instances/n5000_test218.csv,18002292,true
instances/n5000_test219.csv,14431250,true
instances/n5000_test22.csv,9821875,false
instances/n5000_test220.csv,10107334,false
instances/n5000_test221.csv,9954208,true
instances/n5000_test222.csv,10026959,false
instances/n5000_test223.csv,9749084,true
instances/n5000_test224.csv,12294583,true
instances/n5000_test225.csv,22091792,true
instances/n5000_test226.csv,11048125,true
instances/n5000_test227.csv,12498167,true
instances/n5000_test228.csv,10558000,false
instances/n5000_test229.csv,10059459,true
instances/n5000_test23.csv,10428875,true
instances/n5000_test230.csv,10073083,false
instances/n5000_test231.csv,24146083,false
instances/n5000_test232.csv,12744375,true
instances/n5000_test233.csv,10432250,false
instances/n5000_test234.csv,10424250,true
instances/n5000_test235.csv,9981167,true
instances/n5000_test236.csv,14548375,false
instances/n5000_test237.csv,10370583,true
instances/n5000_test238.csv,10651875,false
instances/n5000_test239.csv,22476709,false
instances/n5000_test24.csv,9687459,false
instances/n5000_test240.csv,9827167,false
instances/n5000_test241.csv,16621125,true
instances/n5000_test242.csv,9643333,false
instances/n5000_test243.csv,9796417,false
instances/n5000_test244.csv,10172833,false
instances/n5000_test245.csv,23182542,true
instances/n5000_test246.csv,9868084,true
instances/n5000_test247.csv,10551208,false
instances/n5000_test248.csv,34241542,true
instances/n5000_test249.csv,9525958,false
instances/n5000_test25.csv,10143417,true
instances/n5000_test250.csv,17736500,false
instances/n5000_test251.csv,22403792,false
instances/n5000_test252.csv,9986834,false
instances/n5000_test253.csv,11401167,false
instances/n5000_test254.csv,10560750,false
instances/n5000_test255.csv,10713416,true
instances/n5000_test256.csv,10183542,false
instances/n5000_test257.csv,10644916,false
instances/n5000_test258.csv,14732917,true
instances/n5000_test259.csv,26164708,false
instances/n5000_test26.csv,10454583,false
instances/n5000_test260.csv,10263583,true
instances/n5000_test261.csv,10342209,true
instances/n5000_test262.csv,11436167,false
instances/n5000_test263.csv,10142541,true
instances/n5000_test264.csv,10424125,true
instances/n5000_test265.csv,21872125,true
instances/n5000_test266.csv,9902875,false
instances/n5000_test267.csv,9855541,true
instances/n5000_test268.csv,11466375,false
instances/n5000_test269.csv,10093208,true
instances/n5000_test27.csv,9785042,false
instances/n5000_test270.csv,10529833,false
instances/n5000_test271.csv,10789542,true
instances/n5000_test272.csv,25371958,false
instances/n5000_test273.csv,9640458,false
instances/n5000_test274.csv,9768791,false
instances/n5000_test275.csv,9959917,false
instances/n5000_test276.csv,9988708,false
instances/n5000_test277.csv,10042375,true
instances/n5000_test278.csv,10618042,false
instances/n5000_test279.csv,38690917,false
instances/n5000_test28.csv,9752375,true
instances/n5000_test280.csv,10934250,false
instances/n5000_test281.csv,9886333,true
instances/n5000_test282.csv,10456333,true
instances/n5000_test283.csv,19453125,false
instances/n5000_test284.csv,10768042,true
instances/n5000_test285.csv,22494875,false
instances/n5000_test286.csv,10425000,true
instances/n5000_test287.csv,19250458,false
instances/n5000_test288.csv,10097625,false
instances/n5000_test289.csv,10032166,true
instances/n5000_test29.csv,14849000,true
instances/n5000_test290.csv,10071500,false
instances/n5000_test291.csv,24814500,false
instances/n5000_test292.csv,11913708,false
instances/n5000_test293.csv,10042833,true
instances/n5000_test294.csv,10462583,false
instances/n5000_test295.csv,21329125,true
instances/n5000_test296.csv,10102000,false
instances/n5000_test297.csv,10056666,true
instances/n5000_test298.csv,15905333,false
instances/n5000_test299.csv,24946416,true
instances/n5000_test3.csv,17361375,false
instances/n5000_test30.csv,9974417,true
instances/n5000_test300.csv,9685083,true
instances/n5000_test301.csv,9614917,true
instances/n5000_test302.csv,10306875,true
instances/n5000_test303.csv,10030541,true
instances/n5000_test304.csv,22413583,false
instances/n5000_test305.csv,10017333,true
instances/n5000_test306.csv,21852917,false
instances/n5000_test307.csv,17540083,true
instances/n5000_test308.csv,17766709,true
instances/n5000_test309.csv,17756083,false
instances/n5000_test31.csv,9812583,false
instances/n5000_test310.csv,23057000,true
instances/n5000_test311.csv,10864333,false
instances/n5000_test312.csv,9979708,false
instances/n5000_test313.csv,11172416,true
instances/n5000_test314.csv,9916167,true
instances/n5000_test315.csv,10570042,true
instances/n5000_test316.csv,10326000,false
instances/n5000_test317.csv,22597458,true
instances/n5000_test318.csv,10593167,false
instances/n5000_test319.csv,9729500,false
instances/n5000_test32.csv,10576125,false
instances/n5000_test320.csv,10300417,false
instances/n5000_test321.csv,10461667,false
instances/n5000_test322.csv,9831708,true
instances/n5000_test323.csv,11076792,false
instances/n5000_test324.csv,33746167,true
instances/n5000_test325.csv,13362542,true
instances/n5000_test326.csv,10575208,false
instances/n5000_test327.csv,10334375,false
instances/n5000_test328.csv,10544792,true
instances/n5000_test329.csv,10113458,true
instances/n5000_test33.csv,9657042,true
instances/n5000_test330.csv,21864500,false
instances/n5000_test331.csv,9892375,false
instances/n5000_test332.csv,10442959,false
instances/n5000_test333.csv,9574500,false
instances/n5000_test334.csv,27519786500,true
instances/n5000_test335.csv,9909333,true
instances/n5000_test336.csv,12313583,true
instances/n5000_test337.csv,12197625,false
instances/n5000_test338.csv,10497292,true
instances/n5000_test339.csv,11689833,false
instances/n5000_test34.csv,10950959,false
instances/n5000_test340.csv,12126333,false
instances/n5000_test341.csv,10883333,false
instances/n5000_test342.csv,45269875,false
instances/n5000_test343.csv,23412375,true
instances/n5000_test344.csv,38207833,true
instances/n5000_test345.csv,10399208,true
instances/n5000_test346.csv,9957917,false
instances/n5000_test347.csv,15552000,true
instances/n5000_test348.csv,23540042,false
instances/n5000_test349.csv,23215458,false
instances/n5000_test35.csv,10307375,true
instances/n5000_test350.csv,9888250,true
instances/n5000_test351.csv,10104500,true
instances/n5000_test352.csv,10359209,true
instances/n5000_test353.csv,9870958,true
instances/n5000_test354.csv,10410333,false
instances/n5000_test355.csv,11957500,false
instances/n5000_test356.csv,23475333,false
instances/n5000_test357.csv,9745917,true
instances/n5000_test358.csv,10073958,false
instances/n5000_test359.csv,10754625,true
instances/n5000_test36.csv,10840542,true
instances/n5000_test360.csv,9943959,false
instances/n5000_test361.csv,10653833,false
instances/n5000_test362.csv,65498875,false
instances/n5000_test363.csv,10063208,true
instances/n5000_test364.csv,18474208,true
instances/n5000_test365.csv,10428000,false
instances/n5000_test366.csv,10857625,true
instances/n5000_test367.csv,10858208,true
instances/n5000_test368.csv,10951625,false
instances/n5000_test369.csv,21950291,false
instances/n5000_test37.csv,10525875,false
instances/n5000_test370.csv,10687333,false
instances/n5000_test371.csv,16366709,false
instances/n5000_test372.csv,10511875,true
instances/n5000_test373.csv,9817958,true
instances/n5000_test374.csv,9829250,false
instances/n5000_test375.csv,10153875,false
instances/n5000_test376.csv,22875417,false
instances/n5000_test377.csv,14767458,true
instances/n5000_test378.csv,10477667,false
instances/n5000_test379.csv,10207333,true
instances/n5000_test38.csv,13506042,true
instances/n5000_test380.csv,9990375,false
instances/n5000_test381.csv,10276833,true
instances/n5000_test382.csv,21880750,false
instances/n5000_test383.csv,17151458,true
instances/n5000_test384.csv,11210291,false
instances/n5000_test385.csv,9843208,true
instances/n5000_test386.csv,10443333,true
instances/n5000_test387.csv,20991417,true
instances/n5000_test388.csv,9691250,true
instances/n5000_test389.csv,10863375,false
instances/n5000_test39.csv,25199583,true
instances/n5000_test390.csv,9542834,true
instances/n5000_test391.csv,16933291,true
instances/n5000_test392.csv,15047959,false
instances/n5000_test393.csv,88003917,true
instances/n5000_test394.csv,10207667,false
instances/n5000_test395.csv,9783292,false
instances/n5000_test396.csv,24067500,false
instances/n5000_test397.csv,10068000,true
instances/n5000_test398.csv,10271584,false
instances/n5000_test399.csv,9739958,false
instances/n5000_test4.csv,10494709,false
instances/n5000_test40.csv,10373916,false
instances/n5000_test400.csv,10372417,false
instances/n5000_test401.csv,22345917,false
instances/n5000_test402.csv,10388375,true
instances/n5000_test403.csv,10231791,false
instances/n5000_test404.csv,10703291,true
instances/n5000_test405.csv,15518250,false
instances/n5000_test406.csv,10819833,false
instances/n5000_test407.csv,9981625,false
instances/n5000_test408.csv,11949375,false
instances/n5000_test409.csv,23242875,true
instances/n5000_test41.csv,9841583,false
instances/n5000_test410.csv,9836167,false
instances/n5000_test411.csv,10363875,false
instances/n5000_test412.csv,12964000,true
instances/n5000_test413.csv,9620125,true
instances/n5000_test414.csv,10373625,false
instances/n5000_test415.csv,22876959,false
instances/n5000_test416.csv,10858292,true
instances/n5000_test417.csv,9658417,false
instances/n5000_test418.csv,9889958,true
instances/n5000_test419.csv,9765708,false
instances/n5000_test42.csv,9857334,false
instances/n5000_test420.csv,10096208,true
instances/n5000_test421.csv,10734000,true
instances/n5000_test422.csv,61023125,true
instances/n5000_test423.csv,12315791,true
instances/n5000_test424.csv,10129333,false
instances/n5000_test425.csv,10021750,false
instances/n5000_test426.csv,10095125,false
instances/n5000_test427.csv,9843417,true
instances/n5000_test428.csv,24982542,false
instances/n5000_test429.csv,9827208,true
instances/n5000_test43.csv,10521791,false
instances/n5000_test430.csv,18575292,true
instances/n5000_test431.csv,10735208,true
instances/n5000_test432.csv,10246750,true
instances/n5000_test433.csv,36211166,false
instances/n5000_test434.csv,9808291,true
instances/n5000_test435.csv,22048250,false
instances/n5000_test436.csv,11575042,true
instances/n5000_test437.csv,10602791,false
instances/n5000_test438.csv,9982417,false
instances/n5000_test439.csv,10770666,false
instances/n5000_test44.csv,16726833,false
instances/n5000_test440.csv,10405916,false
instances/n5000_test441.csv,21841083,true
instances/n5000_test442.csv,11945458,false
instances/n5000_test443.csv,10724917,false
instances/n5000_test444.csv,11528208,false
instances/n5000_test445.csv,9958750,false
instances/n5000_test446.csv,9797125,true
instances/n5000_test447.csv,9637417,false
instances/n5000_test448.csv,11096667,true
instances/n5000_test449.csv,21662875,false
instances/n5000_test45.csv,10626250,false
instances/n5000_test450.csv,10507375,true
instances/n5000_test451.csv,9887667,true
instances/n5000_test452.csv,12061292,false
instances/n5000_test453.csv,95584708,true
instances/n5000_test454.csv,11120542,false
instances/n5000_test455.csv,24105667,false
instances/n5000_test456.csv,9897625,false
instances/n5000_test457.csv,10315666,false
instances/n5000_test458.csv,10858625,true
instances/n5000_test459.csv,9719416,true
instances/n5000_test46.csv,9842958,false
instances/n5000_test460.csv,9926875,false
instances/n5000_test461.csv,22102875,true
instances/n5000_test462.csv,10432083,false
instances/n5000_test463.csv,10513959,false
instances/n5000_test464.csv,10007417,false
instances/n5000_test465.csv,10496042,true
instances/n5000_test466.csv,12165334,false
instances/n5000_test467.csv,9718000,true
instances/n5000_test468.csv,11276708,false
instances/n5000_test469.csv,48932000,false
instances/n5000_test47.csv,10089250,false
instances/n5000_test470.csv,9907500,false
instances/n5000_test471.csv,10603750,false
instances/n5000_test472.csv,29096375,false
instances/n5000_test473.csv,18930708,true
instances/n5000_test474.csv,9832542,false
instances/n5000_test475.csv,24330916,false
instances/n5000_test476.csv,10051750,false
instances/n5000_test477.csv,10932875,false
instances/n5000_test478.csv,10249459,false
instances/n5000_test479.csv,10066709,false
instances/n5000_test48.csv,10287417,false
instances/n5000_test480.csv,9530959,true
instances/n5000_test481.csv,9744666,true
instances/n5000_test482.csv,23836750,true
instances/n5000_test483.csv,102044333,false
instances/n5000_test484.csv,10597958,true
instances/n5000_test485.csv,9761667,false
instances/n5000_test486.csv,10649167,true
instances/n5000_test487.csv,9875208,false
instances/n5000_test488.csv,22457959,true
instances/n5000_test489.csv,9822084,true
instances/n5000_test49.csv,27293459,true
instances/n5000_test490.csv,9975333,true
instances/n5000_test491.csv,9965625,true
instances/n5000_test492.csv,10019542,false
instances/n5000_test493.csv,10029875,true
instances/n5000_test494.csv,9807125,false
instances/n5000_test495.csv,10203958,true
instances/n5000_test496.csv,9954667,true
instances/n5000_test497.csv,23030958,false
instances/n5000_test498.csv,10077458,true
instances/n5000_test499.csv,10531250,false
instances/n5000_test5.csv,10981000,false
instances/n5000_test50.csv,10622083,false
instances/n5000_test500.csv,22622834,false
instances/n5000_test51.csv,10483958,true
instances/n5000_test52.csv,10027709,false
instances/n5000_test53.csv,10081666,false
instances/n5000_test54.csv,10318834,false
instances/n5000_test55.csv,11084542,false
instances/n5000_test56.csv,10302208,false
instances/n5000_test57.csv,27159290709,false
instances/n5000_test58.csv,21494083,true
instances/n5000_test59.csv,9711666,false
instances/n5000_test6.csv,10446042,true
instances/n5000_test60.csv,10382667,false
instances/n5000_test61.csv,12962667,false
instances/n5000_test62.csv,9843542,true
instances/n5000_test63.csv,19608375,true
instances/n5000_test64.csv,10727625,false
instances/n5000_test65.csv,22184166,false
instances/n5000_test66.csv,10388708,false
instances/n5000_test67.csv,13459042,false
instances/n5000_test68.csv,10323167,true
instances/n5000_test69.csv,35826542,false
instances/n5000_test7.csv,10814500,true
instances/n5000_test70.csv,9959833,false
instances/n5000_test71.csv,9945958,false
instances/n5000_test72.csv,23658791,true
instances/n5000_test73.csv,9806667,false
instances/n5000_test74.csv,10745833,true
instances/n5000_test75.csv,9999833,true
instances/n5000_test76.csv,9945500,false
instances/n5000_test77.csv,11130750,false
instances/n5000_test78.csv,15062125,false
instances/n5000_test79.csv,9937917,true
instances/n5000_test8.csv,23203875,false
instances/n5000_test80.csv,10050125,false
instances/n5000_test81.csv,9641917,false
instances/n5000_test82.csv,11237708,true
instances/n5000_test83.csv,14731208,false
instances/n5000_test84.csv,22089084,true
instances/n5000_test85.csv,10017792,false
instances/n5000_test86.csv,25106542,true
instances/n5000_test87.csv,27880127667,false
instances/n5000_test88.csv,24345417,true
instances/n5000_test89.csv,11054833,false
instances/n5000_test9.csv,10397375,true
instances/n5000_test90.csv,10791750,false
instances/n5000_test91.csv,25560625,false
instances/n5000_test92.csv,26132292,false
instances/n5000_test93.csv,9948959,true
instances/n5000_test94.csv,9771708,true
instances/n5000_test95.csv,9680125,false
instances/n5000_test96.csv,9683292,false
instances/n5000_test97.csv,9670584,false
instances/n5000_test98.csv,9574792,true
instances/n5000_test99.csv,10673541,false
instances/n500_test1.csv,41667,true
instances/n500_test10.csv,49833,false
instances/n500_test100.csv,47458,true
instances/n500_test101.csv,46708,false
instances/n500_test102.csv,43250,false
instances/n500_test103.csv,4357584,true
instances/n500_test104.csv,47500,true
instances/n500_test105.csv,46584,false
instances/n500_test106.csv,39250,false
instances/n500_test107.csv,40541,true
instances/n500_test108.csv,55125,false
instances/n500_test109.csv,49000,true
instances/n500_test11.csv,48417,true
instances/n500_test110.csv,40333,true
instances/n500_test111.csv,53459,true
instances/n500_test112.csv,53834,false
instances/n500_test113.csv,50041,true
instances/n500_test114.csv,44084,false
instances/n500_test115.csv,45083,false
instances/n500_test116.csv,43417,true
instances/n500_test117.csv,54500,true
instances/n500_test118.csv,45834,true
instances/n500_test119.csv,44209,true
instances/n500_test12.csv,36708,false
instances/n500_test120.csv,39875,false
instances/n500_test121.csv,53500,true
instances/n500_test122.csv,100375,false
instances/n500_test123.csv,44375,false
instances/n500_test124.csv,39958,false
instances/n500_test125.csv,42667,false
instances/n500_test126.csv,56250,false
instances/n500_test127.csv,75583,true
instances/n500_test128.csv,43417,false
instances/n500_test129.csv,37125,false
instances/n500_test13.csv,42791,true
instances/n500_test130.csv,53000,false
instances/n500_test131.csv,44375,false
instances/n500_test132.csv,42541,false
instances/n500_test133.csv,42292,true
instances/n500_test134.csv,45042,true
instances/n500_test135.csv,54792,true
instances/n500_test136.csv,49375,true
instances/n500_test137.csv,43708,true
instances/n500_test138.csv,40917,false
instances/n500_test139.csv,41750,false
instances/n500_test14.csv,51625,true
instances/n500_test140.csv,42500,false
instances/n500_test141.csv,42416,true
instances/n500_test142.csv,47208,false
instances/n500_test143.csv,49083,true
instances/n500_test144.csv,55125,true
instances/n500_test145.csv,48166,false
instances/n500_test146.csv,44708,true
instances/n500_test147.csv,37458,true
instances/n500_test148.csv,40375,true
instances/n500_test149.csv,52666,false
instances/n500_test15.csv,48000,false
instances/n500_test150.csv,54208,false
instances/n500_test151.csv,54584,true
instances/n500_test152.csv,57417,true
instances/n500_test153.csv,94292,false
instances/n500_test154.csv,45542,false
instances/n500_test155.csv,39750,false
instances/n500_test156.csv,42875,false
instances/n500_test157.csv,45500,true
instances/n500_test158.csv,62250,true
instances/n500_test159.csv,41166,true
instances/n500_test16.csv,23130625,true
instances/n500_test160.csv,39416,true
instances/n500_test161.csv,43500,false
instances/n500_test162.csv,58958,true
instances/n500_test163.csv,44542,false
instances/n500_test164.csv,38917,true
instances/n500_test165.csv,40458,true
instances/n500_test166.csv,44334,false
instances/n500_test167.csv,40416,true
instances/n500_test168.csv,44750,false
instances/n500_test169.csv,44541,false
instances/n500_test17.csv,49375,true
instances/n500_test170.csv,44625,true
instances/n500_test171.csv,51708,false
instances/n500_test172.csv,45000,true
instances/n500_test173.csv,47666,true
instances/n500_test174.csv,45125,true
instances/n500_test175.csv,42750,false
instances/n500_test176.csv,43500,false
instances/n500_test177.csv,40541,false
instances/n500_test178.csv,42500,true
instances/n500_test179.csv,48958,true
instances/n500_test18.csv,42542,false
instances/n500_test180.csv,44917,true
instances/n500_test181.csv,41834,true
instances/n500_test182.csv,43459,true
instances/n500_test183.csv,43667,true
instances/n500_test184.csv,41458,true
instances/n500_test185.csv,47250,false
instances/n500_test186.csv,41250,true
instances/n500_test187.csv,42458,true
instances/n500_test188.csv,50459,false
instances/n500_test189.csv,44792,true
instances/n500_test19.csv,39792,false
instances/n500_test190.csv,42958,false
instances/n500_test191.csv,44042,false
instances/n500_test192.csv,46000,true
instances/n500_test193.csv,41666,false
instances/n500_test194.csv,72500,false
instances/n500_test195.csv,44208,true
instances/n500_test196.csv,41959,true
instances/n500_test197.csv,49041,true
instances/n500_test198.csv,41250,true
instances/n500_test199.csv,49375,true
instances/n500_test2.csv,45083,true
instances/n500_test20.csv,44875,true
instances/n500_test200.csv,45875,true
instances/n500_test201.csv,41500,true
instances/n500_test202.csv,38042,true
instances/n500_test203.csv,41875,false
instances/n500_test204.csv,44042,false
instances/n500_test205.csv,51209,false
instances/n500_test206.csv,42084,true
instances/n500_test207.csv,39416,true
instances/n500_test208.csv,42042,true
instances/n500_test209.csv,43083,true
instances/n500_test21.csv,50583,true
instances/n500_test210.csv,42459,true
instances/n500_test211.csv,42583,false
instances/n500_test212.csv,43333,false
instances/n500_test213.csv,44708,false
instances/n500_test214.csv,28501041,true
instances/n500_test215.csv,56375,true
instances/n500_test216.csv,62709,true
instances/n500_test217.csv,76667,false
instances/n500_test218.csv,58958,true
instances/n500_test219.csv,47334,false
instances/n500_test22.csv,54833,true
instances/n500_test220.csv,162583,false
instances/n500_test221.csv,56958,true
instances/n500_test222.csv,80708,false
instances/n500_test223.csv,46416,false
instances/n500_test224.csv,45500,true
instances/n500_test225.csv,51375,true
instances/n500_test226.csv,72959,false
instances/n500_test227.csv,45875,true
instances/n500_test228.csv,45875,true
instances/n500_test229.csv,42875,true
instances/n500_test23.csv,44458,true
instances/n500_test230.csv,51458,true
instances/n500_test231.csv,44709,true
instances/n500_test232.csv,44083,true
instances/n500_test233.csv,46209,true
instances/n500_test234.csv,84708,false
instances/n500_test235.csv,154750,true
instances/n500_test236.csv,51625,false
instances/n500_test237.csv,45458,false
instances/n500_test238.csv,45000,true
instances/n500_test239.csv,53083,true
instances/n500_test24.csv,70416,true
instances/n500_test240.csv,67541,true
instances/n500_test241.csv,43250,true
instances/n500_test242.csv,42709,false
instances/n500_test243.csv,44209,false
instances/n500_test244.csv,24360084,false
instances/n500_test245.csv,43750,false
instances/n500_test246.csv,44083,true
instances/n500_test247.csv,41667,true
instances/n500_test248.csv,44542,false
instances/n500_test249.csv,49375,true
instances/n500_test25.csv,45291,true
instances/n500_test250.csv,47084,true
instances/n500_test251.csv,44459,true
instances/n500_test252.csv,55083,true
instances/n500_test253.csv,42708,false
instances/n500_test254.csv,45834,false
instances/n500_test255.csv,45000,false
instances/n500_test256.csv,65000,true
instances/n500_test257.csv,49500,false
instances/n500_test258.csv,61250,true
instances/n500_test259.csv,67542,true
instances/n500_test26.csv,84875,false
instances/n500_test260.csv,48750,false
instances/n500_test261.csv,42792,false
instances/n500_test262.csv,44792,false
instances/n500_test263.csv,49833,true
instances/n500_test264.csv,169917,true
instances/n500_test265.csv,54166,false
instances/n500_test266.csv,46625,true
instances/n500_test267.csv,53125,true
instances/n500_test268.csv,46458,true
instances/n500_test269.csv,51000,true
instances/n500_test27.csv,49916,true
instances/n500_test270.csv,42000,false
instances/n500_test271.csv,44250,false
instances/n500_test272.csv,46542,true
instances/n500_test273.csv,47584,true
instances/n500_test274.csv,50375,false
instances/n500_test275.csv,48042,false
instances/n500_test276.csv,42583,true
instances/n500_test277.csv,43583,true
instances/n500_test278.csv,46208,false
instances/n500_test279.csv,48334,false
instances/n500_test28.csv,44709,true
instances/n500_test280.csv,50417,true
instances/n500_test281.csv,43791,true
instances/n500_test282.csv,47125,false
instances/n500_test283.csv,49250,true
instances/n500_test284.csv,45667,true
instances/n500_test285.csv,45666,true
instances/n500_test286.csv,42208,false
instances/n500_test287.csv,50834,true
instances/n500_test288.csv,51000,false
instances/n500_test289.csv,44792,false
instances/n500_test29.csv,46209,true
instances/n500_test290.csv,52916,true
instances/n500_test291.csv,49625,true
instances/n500_test292.csv,50084,false
instances/n500_test293.csv,41875,false
instances/n500_test294.csv,45500,false
instances/n500_test295.csv,44333,true
instances/n500_test296.csv,44250,true
instances/n500_test297.csv,48791,true
instances/n500_test298.csv,57416,true
instances/n500_test299.csv,41750,false
instances/n500_test3.csv,44792,true
instances/n500_test30.csv,43542,false
instances/n500_test300.csv,49083,true
instances/n500_test301.csv,51083,false
instances/n500_test302.csv,41625,true
instances/n500_test303.csv,44208,true
instances/n500_test304.csv,43667,true
instances/n500_test305.csv,49666,false
instances/n500_test306.csv,48625,true
instances/n500_test307.csv,42417,true
instances/n500_test308.csv,46625,true
instances/n500_test309.csv,44625,true
instances/n500_test31.csv,49416,false
instances/n500_test310.csv,50542,false
instances/n500_test311.csv,44875,false
instances/n500_test312.csv,43750,true
instances/n500_test313.csv,45166,false
instances/n500_test314.csv,49375,false
instances/n500_test315.csv,48875,false
instances/n500_test316.csv,44500,false
instances/n500_test317.csv,43250,false
instances/n500_test318.csv,47042,false
instances/n500_test319.csv,50333,true
instances/n500_test32.csv,120792,true
instances/n500_test320.csv,42000,false
instances/n500_test321.csv,41792,false
instances/n500_test322.csv,23310875,false
instances/n500_test323.csv,44708,true
instances/n500_test324.csv,58750,false
instances/n500_test325.csv,53583,false
instances/n500_test326.csv,229042,true
instances/n500_test327.csv,209041,false
instances/n500_test328.csv,59917,true
instances/n500_test329.csv,44958,true
instances/n500_test33.csv,44833,false
instances/n500_test330.csv,55917,false
instances/n500_test331.csv,49000,false
instances/n500_test332.csv,45000,true
instances/n500_test333.csv,45542,true
instances/n500_test334.csv,23294583,true
instances/n500_test335.csv,45708,false
instances/n500_test336.csv,51250,false
instances/n500_test337.csv,42541,false
instances/n500_test338.csv,41208,false
instances/n500_test339.csv,42708,false
instances/n500_test34.csv,42458,true
instances/n500_test340.csv,44750,true
instances/n500_test341.csv,44916,false
instances/n500_test342.csv,45791,true
instances/n500_test343.csv,51750,true
instances/n500_test344.csv,47500,true
instances/n500_test345.csv,47875,false
instances/n500_test346.csv,44417,false
instances/n500_test347.csv,49875,false
instances/n500_test348.csv,50000,false
instances/n500_test349.csv,42625,true
instances/n500_test35.csv,45167,true
instances/n500_test350.csv,45042,false
instances/n500_test351.csv,52417,false
instances/n500_test352.csv,49542,false
instances/n500_test353.csv,51917,false
instances/n500_test354.csv,43750,true
instances/n500_test355.csv,45042,true
instances/n500_test356.csv,49500,false
instances/n500_test357.csv,45625,true
instances/n500_test358.csv,47750,true
instances/n500_test359.csv,25820495042,false
instances/n500_test36.csv,44375,false
instances/n500_test360.csv,23325125,true
instances/n500_test361.csv,46750,false
instances/n500_test362.csv,44209,true
instances/n500_test363.csv,44208,true
instances/n500_test364.csv,41584,true
instances/n500_test365.csv,3770541,false
instances/n500_test366.csv,44333,false
instances/n500_test367.csv,42916,false
instances/n500_test368.csv,41875,false
instances/n500_test369.csv,47084,true
instances/n500_test37.csv,55000,false
instances/n500_test370.csv,48084,false
instances/n500_test371.csv,40500,false
instances/n500_test372.csv,38833,true
instances/n500_test373.csv,39958,false
instances/n500_test374.csv,53250,false
instances/n500_test375.csv,44250,true
instances/n500_test376.csv,40459,true
instances/n500_test377.csv,54209,false
instances/n500_test378.csv,42209,false
instances/n500_test379.csv,52959,true
instances/n500_test38.csv,46875,true
instances/n500_test380.csv,39375,true
instances/n500_test381.csv,69709,true
instances/n500_test382.csv,48416,true
instances/n500_test383.csv,63833,false
instances/n500_test384.csv,42375,false
instances/n500_test385.csv,41042,false
instances/n500_test386.csv,41958,false
instances/n500_test387.csv,43916,false
instances/n500_test388.csv,22508250,true
instances/n500_test389.csv,44417,false
instances/n500_test39.csv,41375,true
instances/n500_test390.csv,46000,false
instances/n500_test391.csv,45583,true
instances/n500_test392.csv,115000,false
instances/n500_test393.csv,76772542,false
instances/n500_test394.csv,41834,false
instances/n500_test395.csv,46041,true
instances/n500_test396.csv,42625,false
instances/n500_test397.csv,39584,true
instances/n500_test398.csv,49792,false
instances/n500_test399.csv,39208,false
instances/n500_test4.csv,134167,false
instances/n500_test40.csv,53708,true
instances/n500_test400.csv,59875,true
instances/n500_test401.csv,23279917,true
instances/n500_test402.csv,50750,true
instances/n500_test403.csv,50375,false
instances/n500_test404.csv,60459,true
instances/n500_test405.csv,51667,false
instances/n500_test406.csv,46500,true
instances/n500_test407.csv,44625,true
instances/n500_test408.csv,51584,true
instances/n500_test409.csv,72000,true
instances/n500_test41.csv,43250,true
instances/n500_test410.csv,26870845958,false
instances/n500_test411.csv,46666,true
instances/n500_test412.csv,49917,true
instances/n500_test413.csv,39750,false
instances/n500_test414.csv,39750,false
instances/n500_test415.csv,41334,true
instances/n500_test416.csv,43167,true
instances/n500_test417.csv,45875,false
instances/n500_test418.csv,40791,false
instances/n500_test419.csv,73375,true
instances/n500_test42.csv,41708,false
instances/n500_test420.csv,42417,true
instances/n500_test421.csv,47084,false
instances/n500_test422.csv,42000,true
instances/n500_test423.csv,44750,true
instances/n500_test424.csv,40625,true
instances/n500_test425.csv,43209,false
instances/n500_test426.csv,47875,true
instances/n500_test427.csv,40000,false
instances/n500_test428.csv,45833,false
instances/n500_test429.csv,39750,true
instances/n500_test43.csv,42666,false
instances/n500_test430.csv,43375,false
instances/n500_test431.csv,40333,false
instances/n500_test432.csv,46125,false
instances/n500_test433.csv,40625,false
instances/n500_test434.csv,46583,true
instances/n500_test435.csv,48083,true
instances/n500_test436.csv,40709,false
instances/n500_test437.csv,51458,true
instances/n500_test438.csv,42542,false
instances/n500_test439.csv,44125,false
instances/n500_test44.csv,45333,true
instances/n500_test440.csv,22441083,false
instances/n500_test441.csv,36250,false
instances/n500_test442.csv,50208,true
instances/n500_test443.csv,43084,true
instances/n500_test444.csv,43500,false
instances/n500_test445.csv,22724375,true
instances/n500_test446.csv,40625,true
instances/n500_test447.csv,46250,true
instances/n500_test448.csv,50833,true
instances/n500_test449.csv,42750,false
instances/n500_test45.csv,38709,false
instances/n500_test450.csv,42875,false
instances/n500_test451.csv,45792,true
instances/n500_test452.csv,39875,true
instances/n500_test453.csv,42459,false
instances/n500_test454.csv,47375,true
instances/n500_test455.csv,39625,true
instances/n500_test456.csv,48625,false
instances/n500_test457.csv,41666,true
instances/n500_test458.csv,42958,true
instances/n500_test459.csv,44500,true
instances/n500_test46.csv,40583,true
instances/n500_test460.csv,37709,false
instances/n500_test461.csv,47167,false
instances/n500_test462.csv,47375,false
instances/n500_test463.csv,50667,true
instances/n500_test464.csv,50292,false
instances/n500_test465.csv,58625,true
instances/n500_test466.csv,56542,true
instances/n500_test467.csv,45208,false
instances/n500_test468.csv,44917,true
instances/n500_test469.csv,42708,true
instances/n500_test47.csv,51959,true
instances/n500_test470.csv,48750,false
instances/n500_test471.csv,44917,false
instances/n500_test472.csv,52333,false
instances/n500_test473.csv,38375,false
instances/n500_test474.csv,40709,true
instances/n500_test475.csv,43958,true
instances/n500_test476.csv,44334,true
instances/n500_test477.csv,50917,true
instances/n500_test478.csv,39125,false
instances/n500_test479.csv,41459,false
instances/n500_test48.csv,44458,true
instances/n500_test480.csv,104709,true
instances/n500_test481.csv,50750,true
instances/n500_test482.csv,47791,true
instances/n500_test483.csv,46250,true
instances/n500_test484.csv,46417,false
instances/n500_test485.csv,44333,true
instances/n500_test486.csv,50167,true
instances/n500_test487.csv,37833,true
instances/n500_test488.csv,38250,true
instances/n500_test489.csv,44125,true
instances/n500_test49.csv,45917,true
instances/n500_test490.csv,50084,false
instances/n500_test491.csv,40375,true
instances/n500_test492.csv,40416,false
instances/n500_test493.csv,43334,false
instances/n500_test494.csv,44041,true
instances/n500_test495.csv,50125,false
instances/n500_test496.csv,39250,true
instances/n500_test497.csv,39625,false
instances/n500_test498.csv,44875,true
instances/n500_test499.csv,44917,false
instances/n500_test5.csv,53291,true
instances/n500_test50.csv,38833,false
instances/n500_test500.csv,43250,false
instances/n500_test51.csv,45917,true
instances/n500_test52.csv,22435750,true
instances/n500_test53.csv,40416,false
instances/n500_test54.csv,39625,true
instances/n500_test55.csv,64500,true
instances/n500_test56.csv,60583,false
instances/n500_test57.csv,43666,true
instances/n500_test58.csv,42750,true
instances/n500_test59.csv,43208,true
instances/n500_test6.csv,50625,false
instances/n500_test60.csv,62542,true
instances/n500_test61.csv,44791,false
instances/n500_test62.csv,39917,false
instances/n500_test63.csv,39750,true
instances/n500_test64.csv,46375,true
instances/n500_test65.csv,52459,false
instances/n500_test66.csv,42750,true
instances/n500_test67.csv,39667,false
instances/n500_test68.csv,22925500,false
instances/n500_test69.csv,39250,true
instances/n500_test7.csv,42417,true
instances/n500_test70.csv,45584,false
instances/n500_test71.csv,42209,true
instances/n500_test72.csv,37625,false
instances/n500_test73.csv,39625,false
instances/n500_test74.csv,46083,false
instances/n500_test75.csv,44166,true
instances/n500_test76.csv,44292,false
instances/n500_test77.csv,57667,false
instances/n500_test78.csv,59083,true
instances/n500_test79.csv,42334,false
instances/n500_test8.csv,46291,false
instances/n500_test80.csv,42208,false
instances/n500_test81.csv,49875,false
instances/n500_test82.csv,45459,true
instances/n500_test83.csv,53500,true
instances/n500_test84.csv,44041,true
instances/n500_test85.csv,44709,true
instances/n500_test86.csv,52708,false
instances/n500_test87.csv,47084,false
instances/n500_test88.csv,51042,true
instances/n500_test89.csv,45375,false
instances/n500_test9.csv,44000,false
instances/n500_test90.csv,46167,true
instances/n500_test91.csv,42375,true
instances/n500_test92.csv,53208,true
instances/n500_test93.csv,53666,true
instances/n500_test94.csv,45125,false
instances/n500_test95.csv,45334,true
instances/n500_test96.csv,40667,true
instances/n500_test97.csv,43958,false
instances/n500_test98.csv,41291,false
instances/n500_test99.csv,64792,false
instances/n50_test1.csv,3041,false
instances/n50_test10.csv,3625,false
instances/n50_test100.csv,3334,false
instances/n50_test101.csv,2208,true
instances/n50_test102.csv,1541,false
instances/n50_test103.csv,1542,false
instances/n50_test104.csv,1583,false
instances/n50_test105.csv,1917,false
instances/n50_test106.csv,1875,false
instances/n50_test107.csv,1792,true
instances/n50_test108.csv,1708,true
instances/n50_test109.csv,128042,true
instances/n50_test11.csv,3000,true
instances/n50_test110.csv,3012375,false
instances/n50_test111.csv,3209,false
instances/n50_test112.csv,1500,false
instances/n50_test113.csv,2750,false
instances/n50_test114.csv,32834,false
instances/n50_test115.csv,2959,false
instances/n50_test116.csv,1709,true
instances/n50_test117.csv,3167,false
instances/n50_test118.csv,1208,false
instances/n50_test119.csv,3125,false
instances/n50_test12.csv,35334,true
instances/n50_test120.csv,1542,true
instances/n50_test121.csv,1458,true
instances/n50_test122.csv,2842750,false
instances/n50_test123.csv,708,true
instances/n50_test124.csv,583,true
instances/n50_test125.csv,750,false
instances/n50_test126.csv,625,true
instances/n50_test127.csv,583,true
instances/n50_test128.csv,458,true
instances/n50_test129.csv,625,false
instances/n50_test13.csv,583,true
instances/n50_test130.csv,500,true
instances/n50_test131.csv,458,false
instances/n50_test132.csv,625,true
instances/n50_test133.csv,542,true
instances/n50_test134.csv,500,false
instances/n50_test135.csv,584,false
instances/n50_test136.csv,584,true
instances/n50_test137.csv,31291,true
instances/n50_test138.csv,1125,false
instances/n50_test139.csv,458,false
instances/n50_test14.csv,833,true
instances/n50_test140.csv,542,false
instances/n50_test141.csv,1084,false
instances/n50_test142.csv,542,true
instances/n50_test143.csv,1041,false
instances/n50_test144.csv,583,false
instances/n50_test145.csv,35500,false
instances/n50_test146.csv,667,true
instances/n50_test147.csv,666,true
instances/n50_test148.csv,666,false
instances/n50_test149.csv,792,true
instances/n50_test15.csv,31292,false
instances/n50_test150.csv,458,true
instances/n50_test151.csv,750,true
instances/n50_test152.csv,29584,true
instances/n50_test153.csv,708,false
instances/n50_test154.csv,126834,false
instances/n50_test155.csv,583,true
instances/n50_test156.csv,625,true
instances/n50_test157.csv,625,true
instances/n50_test158.csv,583,false
instances/n50_test159.csv,500,true
instances/n50_test16.csv,666,false
instances/n50_test160.csv,625,false
instances/n50_test161.csv,1666,true
instances/n50_test162.csv,1667,false
instances/n50_test163.csv,1875,true
instances/n50_test164.csv,1917,false
instances/n50_test165.csv,2084,false
instances/n50_test166.csv,2666,false
instances/n50_test167.csv,18041,true
instances/n50_test168.csv,1708,false
instances/n50_test169.csv,2292,false
instances/n50_test17.csv,1792,true
instances/n50_test170.csv,2000,true
instances/n50_test171.csv,2000,true
instances/n50_test172.csv,1959,true
instances/n50_test173.csv,1750,true
instances/n50_test174.csv,2000,true
instances/n50_test175.csv,36584,false
instances/n50_test176.csv,5792,true
instances/n50_test177.csv,2042,true
instances/n50_test178.csv,3791,true
instances/n50_test179.csv,2041,false
instances/n50_test18.csv,3333,false
instances/n50_test180.csv,1917,false
instances/n50_test181.csv,3292,true
instances/n50_test182.csv,1833,true
instances/n50_test183.csv,225375,false
instances/n50_test184.csv,2125,true
instances/n50_test185.csv,2875,false
instances/n50_test186.csv,1583,true
instances/n50_test187.csv,2625,false
instances/n50_test188.csv,34667,true
instances/n50_test189.csv,1750,false
instances/n50_test19.csv,1833,true
instances/n50_test190.csv,13750,true
instances/n50_test191.csv,1958,false
instances/n50_test192.csv,1625,false
instances/n50_test193.csv,2987542,false
instances/n50_test194.csv,31416,false
instances/n50_test195.csv,750,true
instances/n50_test196.csv,750,false
instances/n50_test197.csv,667,true
instances/n50_test198.csv,1417,false
instances/n50_test199.csv,459,true
instances/n50_test2.csv,667,true
instances/n50_test20.csv,1208,false
instances/n50_test200.csv,750,true
instances/n50_test201.csv,625,false
instances/n50_test202.csv,542,false
instances/n50_test203.csv,500,true
instances/n50_test204.csv,542,false
instances/n50_test205.csv,542,true
instances/n50_test206.csv,542,false
instances/n50_test207.csv,500,true
instances/n50_test208.csv,709,false
instances/n50_test209.csv,625,true
instances/n50_test21.csv,667,true
instances/n50_test210.csv,750,true
instances/n50_test211.csv,792,true
instances/n50_test212.csv,666,false
instances/n50_test213.csv,583,false
instances/n50_test214.csv,708,true
instances/n50_test215.csv,458,true
instances/n50_test216.csv,583,true
instances/n50_test217.csv,1375,true
instances/n50_test218.csv,1333,false
instances/n50_test219.csv,583,false
instances/n50_test22.csv,625,false
instances/n50_test220.csv,541,true
instances/n50_test221.csv,625,false
instances/n50_test222.csv,583,false
instances/n50_test223.csv,500,true
instances/n50_test224.csv,792,false
instances/n50_test225.csv,583,false
instances/n50_test226.csv,667,true
instances/n50_test227.csv,542,false
instances/n50_test228.csv,625,true
instances/n50_test229.csv,625,false
instances/n50_test23.csv,583,false
instances/n50_test230.csv,541,false
instances/n50_test231.csv,542,false
instances/n50_test232.csv,666,true
instances/n50_test233.csv,500,false
instances/n50_test234.csv,1167,false
instances/n50_test235.csv,39416,true
instances/n50_test236.csv,667,true
instances/n50_test237.csv,709,true
instances/n50_test238.csv,31458,true
instances/n50_test239.csv,916,true
instances/n50_test24.csv,584,false
instances/n50_test240.csv,1084,true
instances/n50_test241.csv,542,true
instances/n50_test242.csv,958,true
instances/n50_test243.csv,667,false
instances/n50_test244.csv,917,false
instances/n50_test245.csv,5742125,false
instances/n50_test246.csv,4584,false
instances/n50_test247.csv,3701583,false
instances/n50_test248.csv,917,true
instances/n50_test249.csv,95833,true
instances/n50_test25.csv,542,false
instances/n50_test250.csv,792,true
instances/n50_test251.csv,1333,true
instances/n50_test252.csv,875,true
instances/n50_test253.csv,708,true
instances/n50_test254.csv,1334,false
instances/n50_test255.csv,459,true
instances/n50_test256.csv,30958,false
instances/n50_test257.csv,541,false
instances/n50_test258.csv,500,true
instances/n50_test259.csv,1250,true
instances/n50_test26.csv,625,false
instances/n50_test260.csv,500,true
instances/n50_test261.csv,583,false
instances/n50_test262.csv,708,false
instances/n50_test263.csv,667,false
instances/n50_test264.csv,584,false
instances/n50_test265.csv,584,true
instances/n50_test266.csv,32209,true
instances/n50_test267.csv,750,true
instances/n50_test268.csv,1292,true
instances/n50_test269.csv,31875,false
instances/n50_test27.csv,541,true
instances/n50_test270.csv,1209,false
instances/n50_test271.csv,500,false
instances/n50_test272.csv,1167,true
instances/n50_test273.csv,708,false
instances/n50_test274.csv,1209,false
instances/n50_test275.csv,750,true
instances/n50_test276.csv,1125,true
instances/n50_test277.csv,584,true
instances/n50_test278.csv,1167,false
instances/n50_test279.csv,750,true
instances/n50_test28.csv,1500,true
instances/n50_test280.csv,666,false
instances/n50_test281.csv,1000,true
instances/n50_test282.csv,500,true
instances/n50_test283.csv,958,true
instances/n50_test284.csv,583,false
instances/n50_test285.csv,958,false
instances/n50_test286.csv,5000,false
instances/n50_test287.csv,1042,false
instances/n50_test288.csv,500,false
instances/n50_test289.csv,32625,true
instances/n50_test29.csv,667,false
instances/n50_test290.csv,541,true
instances/n50_test291.csv,1125,false
instances/n50_test292.csv,709,true
instances/n50_test293.csv,583,true
instances/n50_test294.csv,33041,true
instances/n50_test295.csv,584,true
instances/n50_test296.csv,542,true
instances/n50_test297.csv,875,false
instances/n50_test298.csv,584,false
instances/n50_test299.csv,459,false
instances/n50_test3.csv,666,true
instances/n50_test30.csv,500,false
instances/n50_test300.csv,1000,true
instances/n50_test301.csv,583,true
instances/n50_test302.csv,709,true
instances/n50_test303.csv,32208,false
instances/n50_test304.csv,1083,false
instances/n50_test305.csv,583,true
instances/n50_test306.csv,90375,false
instances/n50_test307.csv,500,false
instances/n50_test308.csv,542,true
instances/n50_test309.csv,542,true
instances/n50_test31.csv,834,false
instances/n50_test310.csv,666,false
instances/n50_test311.csv,583,true
instances/n50_test312.csv,584,false
instances/n50_test313.csv,625,true
instances/n50_test314.csv,667,false
instances/n50_test315.csv,500,true
instances/n50_test316.csv,583,true
instances/n50_test317.csv,31708,true
instances/n50_test318.csv,31875,false
instances/n50_test319.csv,1250,true
instances/n50_test32.csv,666,false
instances/n50_test320.csv,1250,true
instances/n50_test321.csv,667,false
instances/n50_test322.csv,1458,true
instances/n50_test323.csv,500,true
instances/n50_test324.csv,1166,false
instances/n50_test325.csv,667,true
instances/n50_test326.csv,32084,true
instances/n50_test327.csv,666,true
instances/n50_test328.csv,625,false
instances/n50_test329.csv,583,true
instances/n50_test33.csv,35667,false
instances/n50_test330.csv,625,false
instances/n50_test331.csv,119292,false
instances/n50_test332.csv,583,false
instances/n50_test333.csv,792,false
instances/n50_test334.csv,8583,true
instances/n50_test335.csv,1333,false
instances/n50_test336.csv,96208,false
instances/n50_test337.csv,1333,true
instances/n50_test338.csv,1209,false
instances/n50_test339.csv,625,true
instances/n50_test34.csv,750,false
instances/n50_test340.csv,625,false
instances/n50_test341.csv,625,true
instances/n50_test342.csv,625,true
instances/n50_test343.csv,139542,true
instances/n50_test344.csv,47375,false
instances/n50_test345.csv,792,true
instances/n50_test346.csv,50709,true
instances/n50_test347.csv,792,true
instances/n50_test348.csv,667,false
instances/n50_test349.csv,625,false
instances/n50_test35.csv,917,true
instances/n50_test350.csv,625,true
instances/n50_test351.csv,1708,false
instances/n50_test352.csv,1916,false
instances/n50_test353.csv,708,false
instances/n50_test354.csv,2166,false
instances/n50_test355.csv,625,false
instances/n50_test356.csv,584,true
instances/n50_test357.csv,709,true
instances/n50_test358.csv,1584,false
instances/n50_test359.csv,666,true
instances/n50_test36.csv,583,false
instances/n50_test360.csv,583,false
instances/n50_test361.csv,2292,true
instances/n50_test362.csv,542,false
instances/n50_test363.csv,2625,false
instances/n50_test364.csv,500,false
instances/n50_test365.csv,2125,false
instances/n50_test366.csv,34208,false
instances/n50_test367.csv,1541,true
instances/n50_test368.csv,708,false
instances/n50_test369.csv,583,false
instances/n50_test37.csv,3125,true
instances/n50_test370.csv,1750,true
instances/n50_test371.csv,3041,false
instances/n50_test372.csv,3400458,false
instances/n50_test373.csv,834,false
instances/n50_test374.csv,33292,true
instances/n50_test375.csv,958,false
instances/n50_test376.csv,625,false
instances/n50_test377.csv,1209,false
instances/n50_test378.csv,625,false
instances/n50_test379.csv,958,true
instances/n50_test38.csv,33334,false
instances/n50_test380.csv,500,false
instances/n50_test381.csv,1500,true
instances/n50_test382.csv,625,false
instances/n50_test383.csv,625,true
instances/n50_test384.csv,750,true
instances/n50_test385.csv,709,false
instances/n50_test386.csv,33042,true
instances/n50_test387.csv,833,false
instances/n50_test388.csv,667,true
instances/n50_test389.csv,542,false
instances/n50_test39.csv,584,true
instances/n50_test390.csv,542,true
instances/n50_test391.csv,583,true
instances/n50_test392.csv,541,false
instances/n50_test393.csv,584,true
instances/n50_test394.csv,32959,false
instances/n50_test395.csv,1084,false
instances/n50_test396.csv,542,false
instances/n50_test397.csv,1083,true
instances/n50_test398.csv,57625,true
instances/n50_test399.csv,541,true
instances/n50_test4.csv,583,false
instances/n50_test40.csv,625,false
instances/n50_test400.csv,584,false
instances/n50_test401.csv,709,true
instances/n50_test402.csv,542,true
instances/n50_test403.csv,625,true
instances/n50_test404.csv,500,false
instances/n50_test405.csv,750,true
instances/n50_test406.csv,2125,false
instances/n50_test407.csv,2959,true
instances/n50_test408.csv,36917,true
instances/n50_test409.csv,1125,false
instances/n50_test41.csv,959,false
instances/n50_test410.csv,625,false
instances/n50_test411.csv,1708,false
instances/n50_test412.csv,625,true
instances/n50_test413.csv,709,false
instances/n50_test414.csv,32584,true
instances/n50_test415.csv,542,false
instances/n50_test416.csv,875,false
instances/n50_test417.csv,583,true
instances/n50_test418.csv,1166,true
instances/n50_test419.csv,625,true
instances/n50_test42.csv,1250,false
instances/n50_test420.csv,500,false
instances/n50_test421.csv,875,false
instances/n50_test422.csv,458,false
instances/n50_test423.csv,1125,true
instances/n50_test424.csv,542,false
instances/n50_test425.csv,1125,true
instances/n50_test426.csv,34000,true
instances/n50_test427.csv,625,false
instances/n50_test428.csv,2915375,false
instances/n50_test429.csv,875,true
instances/n50_test43.csv,500,false
instances/n50_test430.csv,542,true
instances/n50_test431.csv,625,false
instances/n50_test432.csv,4417,false
instances/n50_test433.csv,667,true
instances/n50_test434.csv,625,true
instances/n50_test435.csv,542,true
instances/n50_test436.csv,625,true
instances/n50_test437.csv,542,true
instances/n50_test438.csv,584,true
instances/n50_test439.csv,33750,true
instances/n50_test44.csv,1416,true
instances/n50_test440.csv,584,false
instances/n50_test441.csv,667,true
instances/n50_test442.csv,584,false
instances/n50_test443.csv,542,true
instances/n50_test444.csv,625,false
instances/n50_test445.csv,542,false
instances/n50_test446.csv,667,true
instances/n50_test447.csv,666,true
instances/n50_test448.csv,1083,true
instances/n50_test449.csv,625,true
instances/n50_test45.csv,1458,true
instances/n50_test450.csv,625,false
instances/n50_test451.csv,708,true
instances/n50_test452.csv,875,false
instances/n50_test453.csv,542,true
instances/n50_test454.csv,750,false
instances/n50_test455.csv,750,false
instances/n50_test456.csv,583,false
instances/n50_test457.csv,666,true
instances/n50_test458.csv,708,false
instances/n50_test459.csv,875,false
instances/n50_test46.csv,542,true
instances/n50_test460.csv,667,true
instances/n50_test461.csv,584,true
instances/n50_test462.csv,709,true
instances/n50_test463.csv,34875,false
instances/n50_test464.csv,500,true
instances/n50_test465.csv,2125,false
instances/n50_test466.csv,458,true
instances/n50_test467.csv,1333,false
instances/n50_test468.csv,458,true
instances/n50_test469.csv,1125,false
instances/n50_test47.csv,542,false
instances/n50_test470.csv,1042,true
instances/n50_test471.csv,500,false
instances/n50_test472.csv,1125,true
instances/n50_test473.csv,583,true
instances/n50_test474.csv,668209,true
instances/n50_test475.csv,2000,false
instances/n50_test476.csv,5708,true
instances/n50_test477.csv,3096667,false
instances/n50_test478.csv,1959,false
instances/n50_test479.csv,708,false
instances/n50_test48.csv,1667,false
instances/n50_test480.csv,709,true
instances/n50_test481.csv,625,true
instances/n50_test482.csv,709,false
instances/n50_test483.csv,1541,false
instances/n50_test484.csv,833,false
instances/n50_test485.csv,583,false
instances/n50_test486.csv,583,true
instances/n50_test487.csv,500,false
instances/n50_test488.csv,583,false
instances/n50_test489.csv,583,false
instances/n50_test49.csv,1875,false
instances/n50_test490.csv,708,true
instances/n50_test491.csv,1250,true
instances/n50_test492.csv,542,false
instances/n50_test493.csv,3075334,false
instances/n50_test494.csv,666,false
instances/n50_test495.csv,834,false
instances/n50_test496.csv,1791,false
instances/n50_test497.csv,708,false
instances/n50_test498.csv,1333,false
instances/n50_test499.csv,22250,true
instances/n50_test5.csv,708,false
instances/n50_test50.csv,750,true
instances/n50_test500.csv,792,false
instances/n50_test51.csv,1416,false
instances/n50_test52.csv,667,false
instances/n50_test53.csv,750,true
instances/n50_test54.csv,709,true
instances/n50_test55.csv,750,true
instances/n50_test56.csv,2709,false
instances/n50_test57.csv,3549375,false
instances/n50_test58.csv,2041,false
instances/n50_test59.csv,3334,true
instances/n50_test6.csv,4500,false
instances/n50_test60.csv,2833,false
instances/n50_test61.csv,1958,false
instances/n50_test62.csv,3208,true
instances/n50_test63.csv,1709,false
instances/n50_test64.csv,3167,true
instances/n50_test65.csv,1792,false
instances/n50_test66.csv,3542,false
instances/n50_test67.csv,2208,false
instances/n50_test68.csv,3250,false
instances/n50_test69.csv,1625,false
instances/n50_test7.csv,3583,true
instances/n50_test70.csv,1666,false
instances/n50_test71.csv,3250,false
instances/n50_test72.csv,1750,false
instances/n50_test73.csv,6375,false
instances/n50_test74.csv,625,true
instances/n50_test75.csv,667,false
instances/n50_test76.csv,667,true
instances/n50_test77.csv,1959,false
instances/n50_test78.csv,500,true
instances/n50_test79.csv,2000,true
instances/n50_test8.csv,708,true
instances/n50_test80.csv,35625,false
instances/n50_test81.csv,3661458,false
instances/n50_test82.csv,583,true
instances/n50_test83.csv,1459,false
instances/n50_test84.csv,541,false
instances/n50_test85.csv,708,false
instances/n50_test86.csv,708,true
instances/n50_test87.csv,791,false
instances/n50_test88.csv,666,false
instances/n50_test89.csv,3204667,false
instances/n50_test9.csv,834,true
instances/n50_test90.csv,666,true
instances/n50_test91.csv,625,true
instances/n50_test92.csv,667,true
instances/n50_test93.csv,792,true
instances/n50_test94.csv,750,false
instances/n50_test95.csv,542,true
instances/n50_test96.csv,542,true
instances/n50_test97.csv,750,false
instances/n50_test98.csv,500,false
instances/n50_test99.csv,667,true
