file,time,result
/Users/Vanessa/git/BachelorThesis/rust/../instances/n1000_test1.csv,1707250,false
/Users/Vanessa/git/BachelorThesis/rust/../instances/n1000_test10.csv,1716250,true
/Users/Vanessa/git/BachelorThesis/rust/../instances/n1000_test100.csv,1700500,true
/Users/Vanessa/git/BachelorThesis/rust/../instances/n1000_test101.csv,1746791,true
/Users/Vanessa/git/BachelorThesis/rust/../instances/n1000_test102.csv,1713292,false
/Users/Vanessa/git/BachelorThesis/rust/../instances/n1000_test103.csv,3221000,true
/Users/Vanessa/git/BachelorThesis/rust/../instances/n1000_test104.csv,1628125,true
/Users/Vanessa/git/BachelorThesis/rust/../instances/n1000_test105.csv,1683709,true
/Users/Vanessa/git/BachelorThesis/rust/../instances/n1000_test106.csv,1672458,true
/Users/Vanessa/git/BachelorThesis/rust/../instances/n1000_test107.csv,6521750,false
/Users/Vanessa/git/BachelorThesis/rust/../instances/n1000_test108.csv,1673833,true
/Users/Vanessa/git/BachelorThesis/rust/../instances/n1000_test109.csv,1762208,true
/Users/Vanessa/git/BachelorThesis/rust/../instances/n1000_test11.csv,1853125,true
/Users/Vanessa/git/BachelorThesis/rust/../instances/n1000_test110.csv,1760500,true
/Users/Vanessa/git/BachelorThesis/rust/../instances/n1000_test111.csv,1707500,false
/Users/Vanessa/git/BachelorThesis/rust/../instances/n1000_test112.csv,3349042,false
/Users/Vanessa/git/BachelorThesis/rust/../instances/n1000_test113.csv,1751583,true
/Users/Vanessa/git/BachelorThesis/rust/../instances/n1000_test114.csv,1783041,true
/Users/Vanessa/git/BachelorThesis/rust/../instances/n1000_test115.csv,2054083,false
/Users/Vanessa/git/BachelorThesis/rust/../instances/n1000_test116.csv,1810625,true
/Users/Vanessa/git/BachelorThesis/rust/../instances/n1000_test117.csv,1840958,false
/Users/Vanessa/git/BachelorThesis/rust/../instances/n1000_test118.csv,1715167,false
/Users/Vanessa/git/BachelorThesis/rust/../instances/n1000_test119.csv,3451750,false
/Users/Vanessa/git/BachelorThesis/rust/../instances/n1000_test12.csv,1839417,false
/Users/Vanessa/git/BachelorThesis/rust/../instances/n1000_test120.csv,1965250,false
/Users/Vanessa/git/BachelorThesis/rust/../instances/n1000_test121.csv,2195042,false
/Users/Vanessa/git/BachelorThesis/rust/../instances/n1000_test122.csv,1677667,false
/Users/Vanessa/git/BachelorThesis/rust/../instances/n1000_test123.csv,1685834,true
/Users/Vanessa/git/BachelorThesis/rust/../instances/n1000_test124.csv,2115792,false
/Users/Vanessa/git/BachelorThesis/rust/../instances/n1000_test125.csv,1749917,true
/Users/Vanessa/git/BachelorThesis/rust/../instances/n1000_test126.csv,1657125,false
/Users/Vanessa/git/BachelorThesis/rust/../instances/n1000_test127.csv,2090125,false
/Users/Vanessa/git/BachelorThesis/rust/../instances/n1000_test128.csv,3608875,false
/Users/Vanessa/git/BachelorThesis/rust/../instances/n1000_test129.csv,1675000,true
/Users/Vanessa/git/BachelorThesis/rust/../instances/n1000_test13.csv,1710542,true
/Users/Vanessa/git/BachelorThesis/rust/../instances/n1000_test130.csv,1635667,false
/Users/Vanessa/git/BachelorThesis/rust/../instances/n1000_test131.csv,1636125,true
/Users/Vanessa/git/BachelorThesis/rust/../instances/n1000_test132.csv,1694166,true
/Users/Vanessa/git/BachelorThesis/rust/../instances/n1000_test133.csv,1769333,true
/Users/Vanessa/git/BachelorThesis/rust/../instances/n1000_test134.csv,1658334,false
/Users/Vanessa/git/BachelorThesis/rust/../instances/n1000_test135.csv,1626708,true
/Users/Vanessa/git/BachelorThesis/rust/../instances/n1000_test136.csv,2355667,false
/Users/Vanessa/git/BachelorThesis/rust/../instances/n1000_test137.csv,1781208,false
/Users/Vanessa/git/BachelorThesis/rust/../instances/n1000_test138.csv,1686292,true
/Users/Vanessa/git/BachelorThesis/rust/../instances/n1000_test139.csv,1647584,false
/Users/Vanessa/git/BachelorThesis/rust/../instances/n1000_test14.csv,1638708,true
/Users/Vanessa/git/BachelorThesis/rust/../instances/n1000_test140.csv,1626708,true
/Users/Vanessa/git/BachelorThesis/rust/../instances/n1000_test141.csv,1630166,false
/Users/Vanessa/git/BachelorThesis/rust/../instances/n1000_test142.csv,1626708,true
/Users/Vanessa/git/BachelorThesis/rust/../instances/n1000_test143.csv,1655708,true
/Users/Vanessa/git/BachelorThesis/rust/../instances/n1000_test144.csv,1625042,false
/Users/Vanessa/git/BachelorThesis/rust/../instances/n1000_test145.csv,1630708,false
/Users/Vanessa/git/BachelorThesis/rust/../instances/n1000_test146.csv,1627542,true
/Users/Vanessa/git/BachelorThesis/rust/../instances/n1000_test147.csv,1700625,true
/Users/Vanessa/git/BachelorThesis/rust/../instances/n1000_test148.csv,1627584,false
/Users/Vanessa/git/BachelorThesis/rust/../instances/n1000_test149.csv,1612250,true
/Users/Vanessa/git/BachelorThesis/rust/../instances/n1000_test15.csv,1626042,false
/Users/Vanessa/git/BachelorThesis/rust/../instances/n1000_test150.csv,1654708,true
/Users/Vanessa/git/BachelorThesis/rust/../instances/n1000_test151.csv,1626333,false
/Users/Vanessa/git/BachelorThesis/rust/../instances/n1000_test152.csv,1629250,true
/Users/Vanessa/git/BachelorThesis/rust/../instances/n1000_test153.csv,1636875,false
/Users/Vanessa/git/BachelorThesis/rust/../instances/n1000_test154.csv,1672042,false
/Users/Vanessa/git/BachelorThesis/rust/../instances/n1000_test155.csv,1627459,false
/Users/Vanessa/git/BachelorThesis/rust/../instances/n1000_test156.csv,1631250,false
/Users/Vanessa/git/BachelorThesis/rust/../instances/n1000_test157.csv,1623084,true
/Users/Vanessa/git/BachelorThesis/rust/../instances/n1000_test158.csv,1654292,true
/Users/Vanessa/git/BachelorThesis/rust/../instances/n1000_test159.csv,1662250,false
/Users/Vanessa/git/BachelorThesis/rust/../instances/n1000_test16.csv,1639417,true
/Users/Vanessa/git/BachelorThesis/rust/../instances/n1000_test160.csv,1630583,false
/Users/Vanessa/git/BachelorThesis/rust/../instances/n1000_test161.csv,1646334,false
/Users/Vanessa/git/BachelorThesis/rust/../instances/n1000_test162.csv,1625375,false
/Users/Vanessa/git/BachelorThesis/rust/../instances/n1000_test163.csv,1614375,false
/Users/Vanessa/git/BachelorThesis/rust/../instances/n1000_test164.csv,1626583,false
/Users/Vanessa/git/BachelorThesis/rust/../instances/n1000_test165.csv,1662500,true
/Users/Vanessa/git/BachelorThesis/rust/../instances/n1000_test166.csv,1628792,false
/Users/Vanessa/git/BachelorThesis/rust/../instances/n1000_test167.csv,1629500,true
/Users/Vanessa/git/BachelorThesis/rust/../instances/n1000_test168.csv,1627625,false
/Users/Vanessa/git/BachelorThesis/rust/../instances/n1000_test169.csv,1658625,false
/Users/Vanessa/git/BachelorThesis/rust/../instances/n1000_test17.csv,1643333,true
/Users/Vanessa/git/BachelorThesis/rust/../instances/n1000_test170.csv,1620125,true
/Users/Vanessa/git/BachelorThesis/rust/../instances/n1000_test171.csv,1626291,false
/Users/Vanessa/git/BachelorThesis/rust/../instances/n1000_test172.csv,2000333,false
/Users/Vanessa/git/BachelorThesis/rust/../instances/n1000_test173.csv,1629291,false
/Users/Vanessa/git/BachelorThesis/rust/../instances/n1000_test174.csv,1627125,true
/Users/Vanessa/git/BachelorThesis/rust/../instances/n1000_test175.csv,1667333,false
/Users/Vanessa/git/BachelorThesis/rust/../instances/n1000_test176.csv,2071875,true
/Users/Vanessa/git/BachelorThesis/rust/../instances/n1000_test177.csv,1639584,false
/Users/Vanessa/git/BachelorThesis/rust/../instances/n1000_test178.csv,1638542,false
/Users/Vanessa/git/BachelorThesis/rust/../instances/n1000_test179.csv,1639666,true
/Users/Vanessa/git/BachelorThesis/rust/../instances/n1000_test18.csv,1962375,true
/Users/Vanessa/git/BachelorThesis/rust/../instances/n1000_test180.csv,1636375,true
/Users/Vanessa/git/BachelorThesis/rust/../instances/n1000_test181.csv,1626375,false
/Users/Vanessa/git/BachelorThesis/rust/../instances/n1000_test182.csv,1626625,true
/Users/Vanessa/git/BachelorThesis/rust/../instances/n1000_test183.csv,1956416,true
/Users/Vanessa/git/BachelorThesis/rust/../instances/n1000_test184.csv,1626750,false
/Users/Vanessa/git/BachelorThesis/rust/../instances/n1000_test185.csv,1637083,false
/Users/Vanessa/git/BachelorThesis/rust/../instances/n1000_test186.csv,1626208,true
/Users/Vanessa/git/BachelorThesis/rust/../instances/n1000_test187.csv,2037875,true
/Users/Vanessa/git/BachelorThesis/rust/../instances/n1000_test188.csv,1626667,true
/Users/Vanessa/git/BachelorThesis/rust/../instances/n1000_test189.csv,1627542,true
/Users/Vanessa/git/BachelorThesis/rust/../instances/n1000_test19.csv,1633959,true
/Users/Vanessa/git/BachelorThesis/rust/../instances/n1000_test190.csv,1818750,false
/Users/Vanessa/git/BachelorThesis/rust/../instances/n1000_test191.csv,1628250,true
/Users/Vanessa/git/BachelorThesis/rust/../instances/n1000_test192.csv,1628500,false
/Users/Vanessa/git/BachelorThesis/rust/../instances/n1000_test193.csv,1697625,true
/Users/Vanessa/git/BachelorThesis/rust/../instances/n1000_test194.csv,2024917,true
/Users/Vanessa/git/BachelorThesis/rust/../instances/n1000_test195.csv,1628166,true
/Users/Vanessa/git/BachelorThesis/rust/../instances/n1000_test196.csv,1626625,false
/Users/Vanessa/git/BachelorThesis/rust/../instances/n1000_test197.csv,1635792,true
/Users/Vanessa/git/BachelorThesis/rust/../instances/n1000_test198.csv,1873417,true
/Users/Vanessa/git/BachelorThesis/rust/../instances/n1000_test199.csv,1628250,true
/Users/Vanessa/git/BachelorThesis/rust/../instances/n1000_test2.csv,1630083,true
/Users/Vanessa/git/BachelorThesis/rust/../instances/n1000_test20.csv,1625958,true
/Users/Vanessa/git/BachelorThesis/rust/../instances/n1000_test200.csv,1940167,false
/Users/Vanessa/git/BachelorThesis/rust/../instances/n1000_test201.csv,1627709,true
/Users/Vanessa/git/BachelorThesis/rust/../instances/n1000_test202.csv,1633958,false
/Users/Vanessa/git/BachelorThesis/rust/../instances/n1000_test203.csv,1627250,false
/Users/Vanessa/git/BachelorThesis/rust/../instances/n1000_test204.csv,1625791,false
/Users/Vanessa/git/BachelorThesis/rust/../instances/n1000_test205.csv,1627375,false
/Users/Vanessa/git/BachelorThesis/rust/../instances/n1000_test206.csv,1637917,false
/Users/Vanessa/git/BachelorThesis/rust/../instances/n1000_test207.csv,1692000,false
/Users/Vanessa/git/BachelorThesis/rust/../instances/n1000_test208.csv,1645792,true
/Users/Vanessa/git/BachelorThesis/rust/../instances/n1000_test209.csv,1629375,false
/Users/Vanessa/git/BachelorThesis/rust/../instances/n1000_test21.csv,1635458,true
/Users/Vanessa/git/BachelorThesis/rust/../instances/n1000_test210.csv,1625750,false
/Users/Vanessa/git/BachelorThesis/rust/../instances/n1000_test211.csv,1629375,true
/Users/Vanessa/git/BachelorThesis/rust/../instances/n1000_test212.csv,1629708,true
/Users/Vanessa/git/BachelorThesis/rust/../instances/n1000_test213.csv,1620458,false
/Users/Vanessa/git/BachelorThesis/rust/../instances/n1000_test214.csv,1726458,true
/Users/Vanessa/git/BachelorThesis/rust/../instances/n1000_test215.csv,1629500,true
/Users/Vanessa/git/BachelorThesis/rust/../instances/n1000_test216.csv,1608542,false
/Users/Vanessa/git/BachelorThesis/rust/../instances/n1000_test217.csv,1620667,true
/Users/Vanessa/git/BachelorThesis/rust/../instances/n1000_test218.csv,1893292,false
/Users/Vanessa/git/BachelorThesis/rust/../instances/n1000_test219.csv,1626583,false
/Users/Vanessa/git/BachelorThesis/rust/../instances/n1000_test22.csv,1634750,false
/Users/Vanessa/git/BachelorThesis/rust/../instances/n1000_test220.csv,1643583,true
/Users/Vanessa/git/BachelorThesis/rust/../instances/n1000_test221.csv,1789083,false
/Users/Vanessa/git/BachelorThesis/rust/../instances/n1000_test222.csv,1627917,false
/Users/Vanessa/git/BachelorThesis/rust/../instances/n1000_test223.csv,1633459,false
/Users/Vanessa/git/BachelorThesis/rust/../instances/n1000_test224.csv,1626250,true
/Users/Vanessa/git/BachelorThesis/rust/../instances/n1000_test225.csv,1719917,true
/Users/Vanessa/git/BachelorThesis/rust/../instances/n1000_test226.csv,3304291,false
/Users/Vanessa/git/BachelorThesis/rust/../instances/n1000_test227.csv,1637250,false
/Users/Vanessa/git/BachelorThesis/rust/../instances/n1000_test228.csv,1636417,false
/Users/Vanessa/git/BachelorThesis/rust/../instances/n1000_test229.csv,1624833,true
/Users/Vanessa/git/BachelorThesis/rust/../instances/n1000_test23.csv,1626958,false
/Users/Vanessa/git/BachelorThesis/rust/../instances/n1000_test230.csv,1690792,true
/Users/Vanessa/git/BachelorThesis/rust/../instances/n1000_test231.csv,1627542,false
/Users/Vanessa/git/BachelorThesis/rust/../instances/n1000_test232.csv,1659417,false
/Users/Vanessa/git/BachelorThesis/rust/../instances/n1000_test233.csv,1626791,false
/Users/Vanessa/git/BachelorThesis/rust/../instances/n1000_test234.csv,1639417,false
/Users/Vanessa/git/BachelorThesis/rust/../instances/n1000_test235.csv,1646209,false
/Users/Vanessa/git/BachelorThesis/rust/../instances/n1000_test236.csv,1656167,true
/Users/Vanessa/git/BachelorThesis/rust/../instances/n1000_test237.csv,1641500,true
/Users/Vanessa/git/BachelorThesis/rust/../instances/n1000_test238.csv,1627167,false
/Users/Vanessa/git/BachelorThesis/rust/../instances/n1000_test239.csv,1626458,true
/Users/Vanessa/git/BachelorThesis/rust/../instances/n1000_test24.csv,1877333,true
/Users/Vanessa/git/BachelorThesis/rust/../instances/n1000_test240.csv,1660292,false
/Users/Vanessa/git/BachelorThesis/rust/../instances/n1000_test241.csv,1628792,false
/Users/Vanessa/git/BachelorThesis/rust/../instances/n1000_test242.csv,1627500,false
/Users/Vanessa/git/BachelorThesis/rust/../instances/n1000_test243.csv,1651208,true
/Users/Vanessa/git/BachelorThesis/rust/../instances/n1000_test244.csv,1649459,true
/Users/Vanessa/git/BachelorThesis/rust/../instances/n1000_test245.csv,1619584,false
/Users/Vanessa/git/BachelorThesis/rust/../instances/n1000_test246.csv,1626208,true
/Users/Vanessa/git/BachelorThesis/rust/../instances/n1000_test247.csv,1640083,false
/Users/Vanessa/git/BachelorThesis/rust/../instances/n1000_test248.csv,1648250,false
/Users/Vanessa/git/BachelorThesis/rust/../instances/n1000_test249.csv,1627583,true
/Users/Vanessa/git/BachelorThesis/rust/../instances/n1000_test25.csv,1624541,false
/Users/Vanessa/git/BachelorThesis/rust/../instances/n1000_test250.csv,1700375,false
/Users/Vanessa/git/BachelorThesis/rust/../instances/n1000_test251.csv,1649333,false
/Users/Vanessa/git/BachelorThesis/rust/../instances/n1000_test252.csv,1609959,false
/Users/Vanessa/git/BachelorThesis/rust/../instances/n1000_test253.csv,1626459,false
/Users/Vanessa/git/BachelorThesis/rust/../instances/n1000_test254.csv,1817375,false
/Users/Vanessa/git/BachelorThesis/rust/../instances/n1000_test255.csv,1637000,true
/Users/Vanessa/git/BachelorThesis/rust/../instances/n1000_test256.csv,1626459,true
/Users/Vanessa/git/BachelorThesis/rust/../instances/n1000_test257.csv,1626583,true
/Users/Vanessa/git/BachelorThesis/rust/../instances/n1000_test258.csv,1663791,false
/Users/Vanessa/git/BachelorThesis/rust/../instances/n1000_test259.csv,1628500,false
/Users/Vanessa/git/BachelorThesis/rust/../instances/n1000_test26.csv,1628167,true
/Users/Vanessa/git/BachelorThesis/rust/../instances/n1000_test260.csv,1625167,true
/Users/Vanessa/git/BachelorThesis/rust/../instances/n1000_test261.csv,1900208,false
/Users/Vanessa/git/BachelorThesis/rust/../instances/n1000_test262.csv,1628042,true
/Users/Vanessa/git/BachelorThesis/rust/../instances/n1000_test263.csv,1634209,true
/Users/Vanessa/git/BachelorThesis/rust/../instances/n1000_test264.csv,1635875,false
/Users/Vanessa/git/BachelorThesis/rust/../instances/n1000_test265.csv,1816833,false
/Users/Vanessa/git/BachelorThesis/rust/../instances/n1000_test266.csv,1628292,true
/Users/Vanessa/git/BachelorThesis/rust/../instances/n1000_test267.csv,1637834,false
/Users/Vanessa/git/BachelorThesis/rust/../instances/n1000_test268.csv,1625250,true
/Users/Vanessa/git/BachelorThesis/rust/../instances/n1000_test269.csv,1634292,true
/Users/Vanessa/git/BachelorThesis/rust/../instances/n1000_test27.csv,1627083,true
/Users/Vanessa/git/BachelorThesis/rust/../instances/n1000_test270.csv,1639500,true
/Users/Vanessa/git/BachelorThesis/rust/../instances/n1000_test271.csv,1626375,false
/Users/Vanessa/git/BachelorThesis/rust/../instances/n1000_test272.csv,1627250,false
/Users/Vanessa/git/BachelorThesis/rust/../instances/n1000_test273.csv,1696459,false
/Users/Vanessa/git/BachelorThesis/rust/../instances/n1000_test274.csv,1626708,false
/Users/Vanessa/git/BachelorThesis/rust/../instances/n1000_test275.csv,1665167,false
/Users/Vanessa/git/BachelorThesis/rust/../instances/n1000_test276.csv,1628250,false
/Users/Vanessa/git/BachelorThesis/rust/../instances/n1000_test277.csv,1628375,false
/Users/Vanessa/git/BachelorThesis/rust/../instances/n1000_test278.csv,1617542,false
/Users/Vanessa/git/BachelorThesis/rust/../instances/n1000_test279.csv,1881459,true
/Users/Vanessa/git/BachelorThesis/rust/../instances/n1000_test28.csv,1635417,false
/Users/Vanessa/git/BachelorThesis/rust/../instances/n1000_test280.csv,3222291,false
/Users/Vanessa/git/BachelorThesis/rust/../instances/n1000_test281.csv,1626959,false
/Users/Vanessa/git/BachelorThesis/rust/../instances/n1000_test282.csv,1632750,false
/Users/Vanessa/git/BachelorThesis/rust/../instances/n1000_test283.csv,1626250,true
/Users/Vanessa/git/BachelorThesis/rust/../instances/n1000_test284.csv,1630750,false
/Users/Vanessa/git/BachelorThesis/rust/../instances/n1000_test285.csv,1627625,true
/Users/Vanessa/git/BachelorThesis/rust/../instances/n1000_test286.csv,1626417,true
/Users/Vanessa/git/BachelorThesis/rust/../instances/n1000_test287.csv,1624916,true
/Users/Vanessa/git/BachelorThesis/rust/../instances/n1000_test288.csv,1627458,false
/Users/Vanessa/git/BachelorThesis/rust/../instances/n1000_test289.csv,1630209,false
/Users/Vanessa/git/BachelorThesis/rust/../instances/n1000_test29.csv,1663917,true
/Users/Vanessa/git/BachelorThesis/rust/../instances/n1000_test290.csv,1626334,false
/Users/Vanessa/git/BachelorThesis/rust/../instances/n1000_test291.csv,1629459,false
/Users/Vanessa/git/BachelorThesis/rust/../instances/n1000_test292.csv,1625208,false
/Users/Vanessa/git/BachelorThesis/rust/../instances/n1000_test293.csv,2013084,true
/Users/Vanessa/git/BachelorThesis/rust/../instances/n1000_test294.csv,1626833,false
/Users/Vanessa/git/BachelorThesis/rust/../instances/n1000_test295.csv,1628292,false
/Users/Vanessa/git/BachelorThesis/rust/../instances/n1000_test296.csv,1625333,true
/Users/Vanessa/git/BachelorThesis/rust/../instances/n1000_test297.csv,1812917,false
/Users/Vanessa/git/BachelorThesis/rust/../instances/n1000_test298.csv,1626875,false
/Users/Vanessa/git/BachelorThesis/rust/../instances/n1000_test299.csv,1645958,true
/Users/Vanessa/git/BachelorThesis/rust/../instances/n1000_test3.csv,1627000,false
/Users/Vanessa/git/BachelorThesis/rust/../instances/n1000_test30.csv,1682541,false
/Users/Vanessa/git/BachelorThesis/rust/../instances/n1000_test300.csv,1628542,false
/Users/Vanessa/git/BachelorThesis/rust/../instances/n1000_test301.csv,1648458,false
/Users/Vanessa/git/BachelorThesis/rust/../instances/n1000_test302.csv,1624083,true
/Users/Vanessa/git/BachelorThesis/rust/../instances/n1000_test303.csv,1629916,true
/Users/Vanessa/git/BachelorThesis/rust/../instances/n1000_test304.csv,1630500,false
/Users/Vanessa/git/BachelorThesis/rust/../instances/n1000_test305.csv,1626666,true
/Users/Vanessa/git/BachelorThesis/rust/../instances/n1000_test306.csv,1646792,true
/Users/Vanessa/git/BachelorThesis/rust/../instances/n1000_test307.csv,1626792,true
/Users/Vanessa/git/BachelorThesis/rust/../instances/n1000_test308.csv,1611791,false
/Users/Vanessa/git/BachelorThesis/rust/../instances/n1000_test309.csv,1627708,true
/Users/Vanessa/git/BachelorThesis/rust/../instances/n1000_test31.csv,1644500,false
/Users/Vanessa/git/BachelorThesis/rust/../instances/n1000_test310.csv,1772584,true
/Users/Vanessa/git/BachelorThesis/rust/../instances/n1000_test311.csv,1640583,true
/Users/Vanessa/git/BachelorThesis/rust/../instances/n1000_test312.csv,1622375,true
/Users/Vanessa/git/BachelorThesis/rust/../instances/n1000_test313.csv,1668083,false
/Users/Vanessa/git/BachelorThesis/rust/../instances/n1000_test314.csv,1678167,true
/Users/Vanessa/git/BachelorThesis/rust/../instances/n1000_test315.csv,1632250,true
/Users/Vanessa/git/BachelorThesis/rust/../instances/n1000_test316.csv,1638334,true
/Users/Vanessa/git/BachelorThesis/rust/../instances/n1000_test317.csv,1931750,false
/Users/Vanessa/git/BachelorThesis/rust/../instances/n1000_test318.csv,1628125,false
/Users/Vanessa/git/BachelorThesis/rust/../instances/n1000_test319.csv,1635625,true
/Users/Vanessa/git/BachelorThesis/rust/../instances/n1000_test32.csv,1645834,false
/Users/Vanessa/git/BachelorThesis/rust/../instances/n1000_test320.csv,1661833,true
/Users/Vanessa/git/BachelorThesis/rust/../instances/n1000_test321.csv,1665375,true
/Users/Vanessa/git/BachelorThesis/rust/../instances/n1000_test322.csv,1659375,false
/Users/Vanessa/git/BachelorThesis/rust/../instances/n1000_test323.csv,1643208,true
/Users/Vanessa/git/BachelorThesis/rust/../instances/n1000_test324.csv,1627084,true
/Users/Vanessa/git/BachelorThesis/rust/../instances/n1000_test325.csv,1643625,false
/Users/Vanessa/git/BachelorThesis/rust/../instances/n1000_test326.csv,1627125,false
/Users/Vanessa/git/BachelorThesis/rust/../instances/n1000_test327.csv,1643917,true
/Users/Vanessa/git/BachelorThesis/rust/../instances/n1000_test328.csv,1633041,true
/Users/Vanessa/git/BachelorThesis/rust/../instances/n1000_test329.csv,1636334,true
/Users/Vanessa/git/BachelorThesis/rust/../instances/n1000_test33.csv,1625208,false
/Users/Vanessa/git/BachelorThesis/rust/../instances/n1000_test330.csv,1739958,false
/Users/Vanessa/git/BachelorThesis/rust/../instances/n1000_test331.csv,1691917,true
/Users/Vanessa/git/BachelorThesis/rust/../instances/n1000_test332.csv,2048708,true
/Users/Vanessa/git/BachelorThesis/rust/../instances/n1000_test333.csv,1712042,false
/Users/Vanessa/git/BachelorThesis/rust/../instances/n1000_test334.csv,1699958,true
/Users/Vanessa/git/BachelorThesis/rust/../instances/n1000_test335.csv,1671542,true
/Users/Vanessa/git/BachelorThesis/rust/../instances/n1000_test336.csv,1661250,false
/Users/Vanessa/git/BachelorThesis/rust/../instances/n1000_test337.csv,1780333,false
/Users/Vanessa/git/BachelorThesis/rust/../instances/n1000_test338.csv,1628458,false
/Users/Vanessa/git/BachelorThesis/rust/../instances/n1000_test339.csv,1630500,false
/Users/Vanessa/git/BachelorThesis/rust/../instances/n1000_test34.csv,1628291,true
/Users/Vanessa/git/BachelorThesis/rust/../instances/n1000_test340.csv,1687875,true
/Users/Vanessa/git/BachelorThesis/rust/../instances/n1000_test341.csv,1644250,false
/Users/Vanessa/git/BachelorThesis/rust/../instances/n1000_test342.csv,1626583,false
/Users/Vanessa/git/BachelorThesis/rust/../instances/n1000_test343.csv,1627250,true
/Users/Vanessa/git/BachelorThesis/rust/../instances/n1000_test344.csv,1906541,true
/Users/Vanessa/git/BachelorThesis/rust/../instances/n1000_test345.csv,1629375,false
/Users/Vanessa/git/BachelorThesis/rust/../instances/n1000_test346.csv,1635959,false
/Users/Vanessa/git/BachelorThesis/rust/../instances/n1000_test347.csv,1626417,false
/Users/Vanessa/git/BachelorThesis/rust/../instances/n1000_test348.csv,1997250,true
/Users/Vanessa/git/BachelorThesis/rust/../instances/n1000_test349.csv,1627709,false
/Users/Vanessa/git/BachelorThesis/rust/../instances/n1000_test35.csv,1632250,false
/Users/Vanessa/git/BachelorThesis/rust/../instances/n1000_test350.csv,1626625,false
/Users/Vanessa/git/BachelorThesis/rust/../instances/n1000_test351.csv,1679709,false
/Users/Vanessa/git/BachelorThesis/rust/../instances/n1000_test352.csv,1626625,true
/Users/Vanessa/git/BachelorThesis/rust/../instances/n1000_test353.csv,1631583,true
/Users/Vanessa/git/BachelorThesis/rust/../instances/n1000_test354.csv,1617041,true
/Users/Vanessa/git/BachelorThesis/rust/../instances/n1000_test355.csv,1851583,true
/Users/Vanessa/git/BachelorThesis/rust/../instances/n1000_test356.csv,1626958,false
/Users/Vanessa/git/BachelorThesis/rust/../instances/n1000_test357.csv,1631875,false
/Users/Vanessa/git/BachelorThesis/rust/../instances/n1000_test358.csv,1616625,false
/Users/Vanessa/git/BachelorThesis/rust/../instances/n1000_test359.csv,1651959,false
/Users/Vanessa/git/BachelorThesis/rust/../instances/n1000_test36.csv,1624584,false
/Users/Vanessa/git/BachelorThesis/rust/../instances/n1000_test360.csv,1626875,false
/Users/Vanessa/git/BachelorThesis/rust/../instances/n1000_test361.csv,1625958,false
/Users/Vanessa/git/BachelorThesis/rust/../instances/n1000_test362.csv,1627834,true
/Users/Vanessa/git/BachelorThesis/rust/../instances/n1000_test363.csv,1633250,false
/Users/Vanessa/git/BachelorThesis/rust/../instances/n1000_test364.csv,1638542,true
/Users/Vanessa/git/BachelorThesis/rust/../instances/n1000_test365.csv,1637542,false
/Users/Vanessa/git/BachelorThesis/rust/../instances/n1000_test366.csv,1649959,true
/Users/Vanessa/git/BachelorThesis/rust/../instances/n1000_test367.csv,1656708,true
/Users/Vanessa/git/BachelorThesis/rust/../instances/n1000_test368.csv,1645167,true
/Users/Vanessa/git/BachelorThesis/rust/../instances/n1000_test369.csv,1628875,true
/Users/Vanessa/git/BachelorThesis/rust/../instances/n1000_test37.csv,1628333,true
/Users/Vanessa/git/BachelorThesis/rust/../instances/n1000_test370.csv,1628750,false
/Users/Vanessa/git/BachelorThesis/rust/../instances/n1000_test371.csv,1630166,true
/Users/Vanessa/git/BachelorThesis/rust/../instances/n1000_test372.csv,1633292,true
/Users/Vanessa/git/BachelorThesis/rust/../instances/n1000_test373.csv,1634833,false
/Users/Vanessa/git/BachelorThesis/rust/../instances/n1000_test374.csv,1644875,true
/Users/Vanessa/git/BachelorThesis/rust/../instances/n1000_test375.csv,1626750,true
/Users/Vanessa/git/BachelorThesis/rust/../instances/n1000_test376.csv,1630334,true
/Users/Vanessa/git/BachelorThesis/rust/../instances/n1000_test377.csv,1646709,false
/Users/Vanessa/git/BachelorThesis/rust/../instances/n1000_test378.csv,1626417,false
/Users/Vanessa/git/BachelorThesis/rust/../instances/n1000_test379.csv,1616750,false
/Users/Vanessa/git/BachelorThesis/rust/../instances/n1000_test38.csv,1640667,true
/Users/Vanessa/git/BachelorThesis/rust/../instances/n1000_test380.csv,1657333,true
/Users/Vanessa/git/BachelorThesis/rust/../instances/n1000_test381.csv,1628084,false
/Users/Vanessa/git/BachelorThesis/rust/../instances/n1000_test382.csv,1646334,true
/Users/Vanessa/git/BachelorThesis/rust/../instances/n1000_test383.csv,1635500,false
/Users/Vanessa/git/BachelorThesis/rust/../instances/n1000_test384.csv,1633250,true
/Users/Vanessa/git/BachelorThesis/rust/../instances/n1000_test385.csv,1628792,true
/Users/Vanessa/git/BachelorThesis/rust/../instances/n1000_test386.csv,1625750,false
/Users/Vanessa/git/BachelorThesis/rust/../instances/n1000_test387.csv,1664667,false
/Users/Vanessa/git/BachelorThesis/rust/../instances/n1000_test388.csv,1734542,true
/Users/Vanessa/git/BachelorThesis/rust/../instances/n1000_test389.csv,1629000,true
/Users/Vanessa/git/BachelorThesis/rust/../instances/n1000_test39.csv,1626375,false
/Users/Vanessa/git/BachelorThesis/rust/../instances/n1000_test390.csv,1679917,true
/Users/Vanessa/git/BachelorThesis/rust/../instances/n1000_test391.csv,1657625,false
/Users/Vanessa/git/BachelorThesis/rust/../instances/n1000_test392.csv,1615375,true
/Users/Vanessa/git/BachelorThesis/rust/../instances/n1000_test393.csv,1628917,false
/Users/Vanessa/git/BachelorThesis/rust/../instances/n1000_test394.csv,1723042,false
/Users/Vanessa/git/BachelorThesis/rust/../instances/n1000_test395.csv,1631208,true
/Users/Vanessa/git/BachelorThesis/rust/../instances/n1000_test396.csv,1629958,false
/Users/Vanessa/git/BachelorThesis/rust/../instances/n1000_test397.csv,1616208,false
/Users/Vanessa/git/BachelorThesis/rust/../instances/n1000_test398.csv,1903125,false
/Users/Vanessa/git/BachelorThesis/rust/../instances/n1000_test399.csv,1631417,false
/Users/Vanessa/git/BachelorThesis/rust/../instances/n1000_test4.csv,1628916,true
/Users/Vanessa/git/BachelorThesis/rust/../instances/n1000_test40.csv,1630042,false
/Users/Vanessa/git/BachelorThesis/rust/../instances/n1000_test400.csv,1924084,true
/Users/Vanessa/git/BachelorThesis/rust/../instances/n1000_test401.csv,1628500,true
/Users/Vanessa/git/BachelorThesis/rust/../instances/n1000_test402.csv,1642375,false
/Users/Vanessa/git/BachelorThesis/rust/../instances/n1000_test403.csv,1623917,false
/Users/Vanessa/git/BachelorThesis/rust/../instances/n1000_test404.csv,1772750,false
/Users/Vanessa/git/BachelorThesis/rust/../instances/n1000_test405.csv,1707083,false
/Users/Vanessa/git/BachelorThesis/rust/../instances/n1000_test406.csv,1652125,false
/Users/Vanessa/git/BachelorThesis/rust/../instances/n1000_test407.csv,1711875,true
/Users/Vanessa/git/BachelorThesis/rust/../instances/n1000_test408.csv,1638917,false
/Users/Vanessa/git/BachelorThesis/rust/../instances/n1000_test409.csv,1633709,true
/Users/Vanessa/git/BachelorThesis/rust/../instances/n1000_test41.csv,1639333,false
/Users/Vanessa/git/BachelorThesis/rust/../instances/n1000_test410.csv,1615625,true
/Users/Vanessa/git/BachelorThesis/rust/../instances/n1000_test411.csv,1836375,false
/Users/Vanessa/git/BachelorThesis/rust/../instances/n1000_test412.csv,1629667,false
/Users/Vanessa/git/BachelorThesis/rust/../instances/n1000_test413.csv,1628625,false
/Users/Vanessa/git/BachelorThesis/rust/../instances/n1000_test414.csv,1633000,true
/Users/Vanessa/git/BachelorThesis/rust/../instances/n1000_test415.csv,1837375,true
/Users/Vanessa/git/BachelorThesis/rust/../instances/n1000_test416.csv,1608917,false
/Users/Vanessa/git/BachelorThesis/rust/../instances/n1000_test417.csv,1628209,false
/Users/Vanessa/git/BachelorThesis/rust/../instances/n1000_test418.csv,1626791,true
/Users/Vanessa/git/BachelorThesis/rust/../instances/n1000_test419.csv,1632708,false
/Users/Vanessa/git/BachelorThesis/rust/../instances/n1000_test42.csv,1627333,true
/Users/Vanessa/git/BachelorThesis/rust/../instances/n1000_test420.csv,1635334,false
/Users/Vanessa/git/BachelorThesis/rust/../instances/n1000_test421.csv,1637709,false
/Users/Vanessa/git/BachelorThesis/rust/../instances/n1000_test422.csv,3349083,true
/Users/Vanessa/git/BachelorThesis/rust/../instances/n1000_test423.csv,1608834,true
/Users/Vanessa/git/BachelorThesis/rust/../instances/n1000_test424.csv,1651333,true
/Users/Vanessa/git/BachelorThesis/rust/../instances/n1000_test425.csv,1627291,true
/Users/Vanessa/git/BachelorThesis/rust/../instances/n1000_test426.csv,1626000,true
/Users/Vanessa/git/BachelorThesis/rust/../instances/n1000_test427.csv,1626125,false
/Users/Vanessa/git/BachelorThesis/rust/../instances/n1000_test428.csv,1633000,true
/Users/Vanessa/git/BachelorThesis/rust/../instances/n1000_test429.csv,1626292,false
/Users/Vanessa/git/BachelorThesis/rust/../instances/n1000_test43.csv,1632292,false
/Users/Vanessa/git/BachelorThesis/rust/../instances/n1000_test430.csv,1625958,false
/Users/Vanessa/git/BachelorThesis/rust/../instances/n1000_test431.csv,1628250,true
/Users/Vanessa/git/BachelorThesis/rust/../instances/n1000_test432.csv,1629458,false
/Users/Vanessa/git/BachelorThesis/rust/../instances/n1000_test433.csv,1627250,true
/Users/Vanessa/git/BachelorThesis/rust/../instances/n1000_test434.csv,1647875,true
/Users/Vanessa/git/BachelorThesis/rust/../instances/n1000_test435.csv,1628625,false
/Users/Vanessa/git/BachelorThesis/rust/../instances/n1000_test436.csv,1628917,false
/Users/Vanessa/git/BachelorThesis/rust/../instances/n1000_test437.csv,1622208,true
/Users/Vanessa/git/BachelorThesis/rust/../instances/n1000_test438.csv,1822792,true
/Users/Vanessa/git/BachelorThesis/rust/../instances/n1000_test439.csv,1743208,true
/Users/Vanessa/git/BachelorThesis/rust/../instances/n1000_test44.csv,1641042,false
/Users/Vanessa/git/BachelorThesis/rust/../instances/n1000_test440.csv,1627125,true
/Users/Vanessa/git/BachelorThesis/rust/../instances/n1000_test441.csv,1639334,false
/Users/Vanessa/git/BachelorThesis/rust/../instances/n1000_test442.csv,1823250,true
/Users/Vanessa/git/BachelorThesis/rust/../instances/n1000_test443.csv,1640458,true
/Users/Vanessa/git/BachelorThesis/rust/../instances/n1000_test444.csv,1637125,false
/Users/Vanessa/git/BachelorThesis/rust/../instances/n1000_test445.csv,1629834,false
/Users/Vanessa/git/BachelorThesis/rust/../instances/n1000_test446.csv,1826459,false
/Users/Vanessa/git/BachelorThesis/rust/../instances/n1000_test447.csv,1638042,true
/Users/Vanessa/git/BachelorThesis/rust/../instances/n1000_test448.csv,1627125,false
/Users/Vanessa/git/BachelorThesis/rust/../instances/n1000_test449.csv,1627834,false
/Users/Vanessa/git/BachelorThesis/rust/../instances/n1000_test45.csv,1662792,false
/Users/Vanessa/git/BachelorThesis/rust/../instances/n1000_test450.csv,1701958,true
/Users/Vanessa/git/BachelorThesis/rust/../instances/n1000_test451.csv,1694875,false
/Users/Vanessa/git/BachelorThesis/rust/../instances/n1000_test452.csv,1710542,false
/Users/Vanessa/git/BachelorThesis/rust/../instances/n1000_test453.csv,1936917,true
/Users/Vanessa/git/BachelorThesis/rust/../instances/n1000_test454.csv,1698833,true
/Users/Vanessa/git/BachelorThesis/rust/../instances/n1000_test455.csv,1791125,false
/Users/Vanessa/git/BachelorThesis/rust/../instances/n1000_test456.csv,1814291,true
/Users/Vanessa/git/BachelorThesis/rust/../instances/n1000_test457.csv,1624916,true
/Users/Vanessa/git/BachelorThesis/rust/../instances/n1000_test458.csv,1655291,true
/Users/Vanessa/git/BachelorThesis/rust/../instances/n1000_test459.csv,1628375,true
/Users/Vanessa/git/BachelorThesis/rust/../instances/n1000_test46.csv,1635000,true
/Users/Vanessa/git/BachelorThesis/rust/../instances/n1000_test460.csv,1628458,false
/Users/Vanessa/git/BachelorThesis/rust/../instances/n1000_test461.csv,1641917,true
/Users/Vanessa/git/BachelorThesis/rust/../instances/n1000_test462.csv,1628459,false
/Users/Vanessa/git/BachelorThesis/rust/../instances/n1000_test463.csv,1637500,false
/Users/Vanessa/git/BachelorThesis/rust/../instances/n1000_test464.csv,1695125,true
/Users/Vanessa/git/BachelorThesis/rust/../instances/n1000_test465.csv,1682959,true
/Users/Vanessa/git/BachelorThesis/rust/../instances/n1000_test466.csv,1685333,false
/Users/Vanessa/git/BachelorThesis/rust/../instances/n1000_test467.csv,1708417,true
/Users/Vanessa/git/BachelorThesis/rust/../instances/n1000_test468.csv,1674875,false
/Users/Vanessa/git/BachelorThesis/rust/../instances/n1000_test469.csv,1875291,true
/Users/Vanessa/git/BachelorThesis/rust/../instances/n1000_test47.csv,1724750,false
/Users/Vanessa/git/BachelorThesis/rust/../instances/n1000_test470.csv,1625750,false
/Users/Vanessa/git/BachelorThesis/rust/../instances/n1000_test471.csv,1621167,false
/Users/Vanessa/git/BachelorThesis/rust/../instances/n1000_test472.csv,1817583,true
/Users/Vanessa/git/BachelorThesis/rust/../instances/n1000_test473.csv,1628625,false
/Users/Vanessa/git/BachelorThesis/rust/../instances/n1000_test474.csv,1644208,true
/Users/Vanessa/git/BachelorThesis/rust/../instances/n1000_test475.csv,1624958,false
/Users/Vanessa/git/BachelorThesis/rust/../instances/n1000_test476.csv,1628000,false
/Users/Vanessa/git/BachelorThesis/rust/../instances/n1000_test477.csv,1629708,true
/Users/Vanessa/git/BachelorThesis/rust/../instances/n1000_test478.csv,1630625,true
/Users/Vanessa/git/BachelorThesis/rust/../instances/n1000_test479.csv,1664334,true
/Users/Vanessa/git/BachelorThesis/rust/../instances/n1000_test48.csv,1638542,false
/Users/Vanessa/git/BachelorThesis/rust/../instances/n1000_test480.csv,1626667,false
/Users/Vanessa/git/BachelorThesis/rust/../instances/n1000_test481.csv,1645709,true
/Users/Vanessa/git/BachelorThesis/rust/../instances/n1000_test482.csv,1628417,false
/Users/Vanessa/git/BachelorThesis/rust/../instances/n1000_test483.csv,1632125,true
/Users/Vanessa/git/BachelorThesis/rust/../instances/n1000_test484.csv,1634959,false
/Users/Vanessa/git/BachelorThesis/rust/../instances/n1000_test485.csv,1634125,false
/Users/Vanessa/git/BachelorThesis/rust/../instances/n1000_test486.csv,1634708,true
/Users/Vanessa/git/BachelorThesis/rust/../instances/n1000_test487.csv,1625708,true
/Users/Vanessa/git/BachelorThesis/rust/../instances/n1000_test488.csv,1629666,false
/Users/Vanessa/git/BachelorThesis/rust/../instances/n1000_test489.csv,1631084,true
/Users/Vanessa/git/BachelorThesis/rust/../instances/n1000_test49.csv,1644417,false
/Users/Vanessa/git/BachelorThesis/rust/../instances/n1000_test490.csv,2190625,false
/Users/Vanessa/git/BachelorThesis/rust/../instances/n1000_test491.csv,1690459,true
/Users/Vanessa/git/BachelorThesis/rust/../instances/n1000_test492.csv,1839708,true
/Users/Vanessa/git/BachelorThesis/rust/../instances/n1000_test493.csv,1673708,false
/Users/Vanessa/git/BachelorThesis/rust/../instances/n1000_test494.csv,1884750,false
/Users/Vanessa/git/BachelorThesis/rust/../instances/n1000_test495.csv,2232208,true
/Users/Vanessa/git/BachelorThesis/rust/../instances/n1000_test496.csv,3362708,false
/Users/Vanessa/git/BachelorThesis/rust/../instances/n1000_test497.csv,1899917,false
/Users/Vanessa/git/BachelorThesis/rust/../instances/n1000_test498.csv,1746417,false
/Users/Vanessa/git/BachelorThesis/rust/../instances/n1000_test499.csv,1732833,true
/Users/Vanessa/git/BachelorThesis/rust/../instances/n1000_test5.csv,1762500,true
/Users/Vanessa/git/BachelorThesis/rust/../instances/n1000_test50.csv,3472167,true
/Users/Vanessa/git/BachelorThesis/rust/../instances/n1000_test500.csv,1827500,false
/Users/Vanessa/git/BachelorThesis/rust/../instances/n1000_test51.csv,1768042,false
/Users/Vanessa/git/BachelorThesis/rust/../instances/n1000_test52.csv,4021417,false
/Users/Vanessa/git/BachelorThesis/rust/../instances/n1000_test53.csv,1808959,false
/Users/Vanessa/git/BachelorThesis/rust/../instances/n1000_test54.csv,1798209,false
/Users/Vanessa/git/BachelorThesis/rust/../instances/n1000_test55.csv,4087875,false
/Users/Vanessa/git/BachelorThesis/rust/../instances/n1000_test56.csv,1792292,false
/Users/Vanessa/git/BachelorThesis/rust/../instances/n1000_test57.csv,1793791,true
/Users/Vanessa/git/BachelorThesis/rust/../instances/n1000_test58.csv,1837459,false
/Users/Vanessa/git/BachelorThesis/rust/../instances/n1000_test59.csv,1789416,true
/Users/Vanessa/git/BachelorThesis/rust/../instances/n1000_test6.csv,2229666,false
/Users/Vanessa/git/BachelorThesis/rust/../instances/n1000_test60.csv,1790750,true
/Users/Vanessa/git/BachelorThesis/rust/../instances/n1000_test61.csv,1794166,false
/Users/Vanessa/git/BachelorThesis/rust/../instances/n1000_test62.csv,1803208,false
/Users/Vanessa/git/BachelorThesis/rust/../instances/n1000_test63.csv,1790166,true
/Users/Vanessa/git/BachelorThesis/rust/../instances/n1000_test64.csv,1825792,true
/Users/Vanessa/git/BachelorThesis/rust/../instances/n1000_test65.csv,1739000,false
/Users/Vanessa/git/BachelorThesis/rust/../instances/n1000_test66.csv,1731833,true
/Users/Vanessa/git/BachelorThesis/rust/../instances/n1000_test67.csv,1729958,false
/Users/Vanessa/git/BachelorThesis/rust/../instances/n1000_test68.csv,1727250,false
/Users/Vanessa/git/BachelorThesis/rust/../instances/n1000_test69.csv,1942125,true
/Users/Vanessa/git/BachelorThesis/rust/../instances/n1000_test7.csv,1729917,false
/Users/Vanessa/git/BachelorThesis/rust/../instances/n1000_test70.csv,1730875,false
/Users/Vanessa/git/BachelorThesis/rust/../instances/n1000_test71.csv,1730250,false
/Users/Vanessa/git/BachelorThesis/rust/../instances/n1000_test72.csv,1731666,true
/Users/Vanessa/git/BachelorThesis/rust/../instances/n1000_test73.csv,1732584,true
/Users/Vanessa/git/BachelorThesis/rust/../instances/n1000_test74.csv,1729000,true
/Users/Vanessa/git/BachelorThesis/rust/../instances/n1000_test75.csv,1754375,false
/Users/Vanessa/git/BachelorThesis/rust/../instances/n1000_test76.csv,1727541,false
/Users/Vanessa/git/BachelorThesis/rust/../instances/n1000_test77.csv,1758333,true
/Users/Vanessa/git/BachelorThesis/rust/../instances/n1000_test78.csv,1741375,false
/Users/Vanessa/git/BachelorThesis/rust/../instances/n1000_test79.csv,1731541,true
/Users/Vanessa/git/BachelorThesis/rust/../instances/n1000_test8.csv,1732709,false
/Users/Vanessa/git/BachelorThesis/rust/../instances/n1000_test80.csv,1728250,true
/Users/Vanessa/git/BachelorThesis/rust/../instances/n1000_test81.csv,1949209,true
/Users/Vanessa/git/BachelorThesis/rust/../instances/n1000_test82.csv,1728833,false
/Users/Vanessa/git/BachelorThesis/rust/../instances/n1000_test83.csv,1737083,true
/Users/Vanessa/git/BachelorThesis/rust/../instances/n1000_test84.csv,1728458,false
/Users/Vanessa/git/BachelorThesis/rust/../instances/n1000_test85.csv,1731458,false
/Users/Vanessa/git/BachelorThesis/rust/../instances/n1000_test86.csv,1728709,false
/Users/Vanessa/git/BachelorThesis/rust/../instances/n1000_test87.csv,1731958,true
/Users/Vanessa/git/BachelorThesis/rust/../instances/n1000_test88.csv,1727875,true
/Users/Vanessa/git/BachelorThesis/rust/../instances/n1000_test89.csv,1729208,true
/Users/Vanessa/git/BachelorThesis/rust/../instances/n1000_test9.csv,1733208,true
/Users/Vanessa/git/BachelorThesis/rust/../instances/n1000_test90.csv,1730458,false
/Users/Vanessa/git/BachelorThesis/rust/../instances/n1000_test91.csv,1732292,false
/Users/Vanessa/git/BachelorThesis/rust/../instances/n1000_test92.csv,1732958,false
/Users/Vanessa/git/BachelorThesis/rust/../instances/n1000_test93.csv,1727417,true
/Users/Vanessa/git/BachelorThesis/rust/../instances/n1000_test94.csv,1906375,false
/Users/Vanessa/git/BachelorThesis/rust/../instances/n1000_test95.csv,1729875,true
/Users/Vanessa/git/BachelorThesis/rust/../instances/n1000_test96.csv,3461125,true
/Users/Vanessa/git/BachelorThesis/rust/../instances/n1000_test97.csv,1795375,true
/Users/Vanessa/git/BachelorThesis/rust/../instances/n1000_test98.csv,1727958,true
/Users/Vanessa/git/BachelorThesis/rust/../instances/n1000_test99.csv,1669542,false
/Users/Vanessa/git/BachelorThesis/rust/../instances/n100_test1.csv,8625,true
/Users/Vanessa/git/BachelorThesis/rust/../instances/n100_test10.csv,20584,false
/Users/Vanessa/git/BachelorThesis/rust/../instances/n100_test100.csv,8541,true
/Users/Vanessa/git/BachelorThesis/rust/../instances/n100_test101.csv,8750,false
/Users/Vanessa/git/BachelorThesis/rust/../instances/n100_test102.csv,11084,false
/Users/Vanessa/git/BachelorThesis/rust/../instances/n100_test103.csv,8625,true
/Users/Vanessa/git/BachelorThesis/rust/../instances/n100_test104.csv,8583,false
/Users/Vanessa/git/BachelorThesis/rust/../instances/n100_test105.csv,8500,false
/Users/Vanessa/git/BachelorThesis/rust/../instances/n100_test106.csv,8542,true
/Users/Vanessa/git/BachelorThesis/rust/../instances/n100_test107.csv,8584,false
/Users/Vanessa/git/BachelorThesis/rust/../instances/n100_test108.csv,17125,true
/Users/Vanessa/git/BachelorThesis/rust/../instances/n100_test109.csv,8583,false
/Users/Vanessa/git/BachelorThesis/rust/../instances/n100_test11.csv,8584,false
/Users/Vanessa/git/BachelorThesis/rust/../instances/n100_test110.csv,8583,false
/Users/Vanessa/git/BachelorThesis/rust/../instances/n100_test111.csv,8708,false
/Users/Vanessa/git/BachelorThesis/rust/../instances/n100_test112.csv,8708,true
/Users/Vanessa/git/BachelorThesis/rust/../instances/n100_test113.csv,8625,true
/Users/Vanessa/git/BachelorThesis/rust/../instances/n100_test114.csv,8667,false
/Users/Vanessa/git/BachelorThesis/rust/../instances/n100_test115.csv,9000,true
/Users/Vanessa/git/BachelorThesis/rust/../instances/n100_test116.csv,8959,false
/Users/Vanessa/git/BachelorThesis/rust/../instances/n100_test117.csv,8959,false
/Users/Vanessa/git/BachelorThesis/rust/../instances/n100_test118.csv,9000,false
/Users/Vanessa/git/BachelorThesis/rust/../instances/n100_test119.csv,8917,true
/Users/Vanessa/git/BachelorThesis/rust/../instances/n100_test12.csv,8916,true
/Users/Vanessa/git/BachelorThesis/rust/../instances/n100_test120.csv,17833,true
/Users/Vanessa/git/BachelorThesis/rust/../instances/n100_test121.csv,8916,false
/Users/Vanessa/git/BachelorThesis/rust/../instances/n100_test122.csv,8916,true
/Users/Vanessa/git/BachelorThesis/rust/../instances/n100_test123.csv,8958,false
/Users/Vanessa/git/BachelorThesis/rust/../instances/n100_test124.csv,8916,true
/Users/Vanessa/git/BachelorThesis/rust/../instances/n100_test125.csv,8958,true
/Users/Vanessa/git/BachelorThesis/rust/../instances/n100_test126.csv,8959,true
/Users/Vanessa/git/BachelorThesis/rust/../instances/n100_test127.csv,8917,true
/Users/Vanessa/git/BachelorThesis/rust/../instances/n100_test128.csv,8959,false
/Users/Vanessa/git/BachelorThesis/rust/../instances/n100_test129.csv,8959,false
/Users/Vanessa/git/BachelorThesis/rust/../instances/n100_test13.csv,9000,false
/Users/Vanessa/git/BachelorThesis/rust/../instances/n100_test130.csv,8916,false
/Users/Vanessa/git/BachelorThesis/rust/../instances/n100_test131.csv,8959,true
/Users/Vanessa/git/BachelorThesis/rust/../instances/n100_test132.csv,8959,false
/Users/Vanessa/git/BachelorThesis/rust/../instances/n100_test133.csv,8959,false
/Users/Vanessa/git/BachelorThesis/rust/../instances/n100_test134.csv,8917,false
/Users/Vanessa/git/BachelorThesis/rust/../instances/n100_test135.csv,9000,true
/Users/Vanessa/git/BachelorThesis/rust/../instances/n100_test136.csv,9000,false
/Users/Vanessa/git/BachelorThesis/rust/../instances/n100_test137.csv,8917,true
/Users/Vanessa/git/BachelorThesis/rust/../instances/n100_test138.csv,8958,true
/Users/Vanessa/git/BachelorThesis/rust/../instances/n100_test139.csv,8959,true
/Users/Vanessa/git/BachelorThesis/rust/../instances/n100_test14.csv,8958,false
/Users/Vanessa/git/BachelorThesis/rust/../instances/n100_test140.csv,8917,true
/Users/Vanessa/git/BachelorThesis/rust/../instances/n100_test141.csv,8917,true
/Users/Vanessa/git/BachelorThesis/rust/../instances/n100_test142.csv,8958,true
/Users/Vanessa/git/BachelorThesis/rust/../instances/n100_test143.csv,9000,false
/Users/Vanessa/git/BachelorThesis/rust/../instances/n100_test144.csv,8875,false
/Users/Vanessa/git/BachelorThesis/rust/../instances/n100_test145.csv,9000,false
/Users/Vanessa/git/BachelorThesis/rust/../instances/n100_test146.csv,9000,false
/Users/Vanessa/git/BachelorThesis/rust/../instances/n100_test147.csv,8958,false
/Users/Vanessa/git/BachelorThesis/rust/../instances/n100_test148.csv,9000,true
/Users/Vanessa/git/BachelorThesis/rust/../instances/n100_test149.csv,8959,true
/Users/Vanessa/git/BachelorThesis/rust/../instances/n100_test15.csv,8916,true
/Users/Vanessa/git/BachelorThesis/rust/../instances/n100_test150.csv,8958,false
/Users/Vanessa/git/BachelorThesis/rust/../instances/n100_test151.csv,8917,false
/Users/Vanessa/git/BachelorThesis/rust/../instances/n100_test152.csv,9084,false
/Users/Vanessa/git/BachelorThesis/rust/../instances/n100_test153.csv,8667,false
/Users/Vanessa/git/BachelorThesis/rust/../instances/n100_test154.csv,8667,false
/Users/Vanessa/git/BachelorThesis/rust/../instances/n100_test155.csv,8583,false
/Users/Vanessa/git/BachelorThesis/rust/../instances/n100_test156.csv,8667,true
/Users/Vanessa/git/BachelorThesis/rust/../instances/n100_test157.csv,8625,true
/Users/Vanessa/git/BachelorThesis/rust/../instances/n100_test158.csv,8625,false
/Users/Vanessa/git/BachelorThesis/rust/../instances/n100_test159.csv,8667,true
/Users/Vanessa/git/BachelorThesis/rust/../instances/n100_test16.csv,8625,false
/Users/Vanessa/git/BachelorThesis/rust/../instances/n100_test160.csv,8708,true
/Users/Vanessa/git/BachelorThesis/rust/../instances/n100_test161.csv,8667,true
/Users/Vanessa/git/BachelorThesis/rust/../instances/n100_test162.csv,8625,false
/Users/Vanessa/git/BachelorThesis/rust/../instances/n100_test163.csv,8750,true
/Users/Vanessa/git/BachelorThesis/rust/../instances/n100_test164.csv,8625,false
/Users/Vanessa/git/BachelorThesis/rust/../instances/n100_test165.csv,8583,false
/Users/Vanessa/git/BachelorThesis/rust/../instances/n100_test166.csv,8667,true
/Users/Vanessa/git/BachelorThesis/rust/../instances/n100_test167.csv,8625,true
/Users/Vanessa/git/BachelorThesis/rust/../instances/n100_test168.csv,8625,true
/Users/Vanessa/git/BachelorThesis/rust/../instances/n100_test169.csv,8750,false
/Users/Vanessa/git/BachelorThesis/rust/../instances/n100_test17.csv,8625,false
/Users/Vanessa/git/BachelorThesis/rust/../instances/n100_test170.csv,17209,false
/Users/Vanessa/git/BachelorThesis/rust/../instances/n100_test171.csv,8625,false
/Users/Vanessa/git/BachelorThesis/rust/../instances/n100_test172.csv,8666,false
/Users/Vanessa/git/BachelorThesis/rust/../instances/n100_test173.csv,8583,true
/Users/Vanessa/git/BachelorThesis/rust/../instances/n100_test174.csv,8667,true
/Users/Vanessa/git/BachelorThesis/rust/../instances/n100_test175.csv,8583,true
/Users/Vanessa/git/BachelorThesis/rust/../instances/n100_test176.csv,8667,true
/Users/Vanessa/git/BachelorThesis/rust/../instances/n100_test177.csv,8625,true
/Users/Vanessa/git/BachelorThesis/rust/../instances/n100_test178.csv,8666,true
/Users/Vanessa/git/BachelorThesis/rust/../instances/n100_test179.csv,8625,false
/Users/Vanessa/git/BachelorThesis/rust/../instances/n100_test18.csv,8625,false
/Users/Vanessa/git/BachelorThesis/rust/../instances/n100_test180.csv,8625,true
/Users/Vanessa/git/BachelorThesis/rust/../instances/n100_test181.csv,8666,false
/Users/Vanessa/git/BachelorThesis/rust/../instances/n100_test182.csv,8708,true
/Users/Vanessa/git/BachelorThesis/rust/../instances/n100_test183.csv,8667,false
/Users/Vanessa/git/BachelorThesis/rust/../instances/n100_test184.csv,8667,false
/Users/Vanessa/git/BachelorThesis/rust/../instances/n100_test185.csv,8583,true
/Users/Vanessa/git/BachelorThesis/rust/../instances/n100_test186.csv,8625,true
/Users/Vanessa/git/BachelorThesis/rust/../instances/n100_test187.csv,8709,true
/Users/Vanessa/git/BachelorThesis/rust/../instances/n100_test188.csv,8666,false
/Users/Vanessa/git/BachelorThesis/rust/../instances/n100_test189.csv,8625,false
/Users/Vanessa/git/BachelorThesis/rust/../instances/n100_test19.csv,8708,false
/Users/Vanessa/git/BachelorThesis/rust/../instances/n100_test190.csv,8666,false
/Users/Vanessa/git/BachelorThesis/rust/../instances/n100_test191.csv,8625,false
/Users/Vanessa/git/BachelorThesis/rust/../instances/n100_test192.csv,8958,true
/Users/Vanessa/git/BachelorThesis/rust/../instances/n100_test193.csv,8875,true
/Users/Vanessa/git/BachelorThesis/rust/../instances/n100_test194.csv,51666,true
/Users/Vanessa/git/BachelorThesis/rust/../instances/n100_test195.csv,23041,true
/Users/Vanessa/git/BachelorThesis/rust/../instances/n100_test196.csv,20417,false
/Users/Vanessa/git/BachelorThesis/rust/../instances/n100_test197.csv,8875,true
/Users/Vanessa/git/BachelorThesis/rust/../instances/n100_test198.csv,8958,false
/Users/Vanessa/git/BachelorThesis/rust/../instances/n100_test199.csv,8917,false
/Users/Vanessa/git/BachelorThesis/rust/../instances/n100_test2.csv,8958,false
/Users/Vanessa/git/BachelorThesis/rust/../instances/n100_test20.csv,8958,false
/Users/Vanessa/git/BachelorThesis/rust/../instances/n100_test200.csv,8917,false
/Users/Vanessa/git/BachelorThesis/rust/../instances/n100_test201.csv,17791,true
/Users/Vanessa/git/BachelorThesis/rust/../instances/n100_test202.csv,8958,true
/Users/Vanessa/git/BachelorThesis/rust/../instances/n100_test203.csv,17875,false
/Users/Vanessa/git/BachelorThesis/rust/../instances/n100_test204.csv,8958,true
/Users/Vanessa/git/BachelorThesis/rust/../instances/n100_test205.csv,17792,false
/Users/Vanessa/git/BachelorThesis/rust/../instances/n100_test206.csv,8958,true
/Users/Vanessa/git/BachelorThesis/rust/../instances/n100_test207.csv,8958,true
/Users/Vanessa/git/BachelorThesis/rust/../instances/n100_test208.csv,8958,true
/Users/Vanessa/git/BachelorThesis/rust/../instances/n100_test209.csv,8958,true
/Users/Vanessa/git/BachelorThesis/rust/../instances/n100_test21.csv,8917,false
/Users/Vanessa/git/BachelorThesis/rust/../instances/n100_test210.csv,9000,true
/Users/Vanessa/git/BachelorThesis/rust/../instances/n100_test211.csv,8959,true
/Users/Vanessa/git/BachelorThesis/rust/../instances/n100_test212.csv,26708,false
/Users/Vanessa/git/BachelorThesis/rust/../instances/n100_test213.csv,8917,true
/Users/Vanessa/git/BachelorThesis/rust/../instances/n100_test214.csv,8958,true
/Users/Vanessa/git/BachelorThesis/rust/../instances/n100_test215.csv,17833,true
/Users/Vanessa/git/BachelorThesis/rust/../instances/n100_test216.csv,8958,true
/Users/Vanessa/git/BachelorThesis/rust/../instances/n100_test217.csv,8958,false
/Users/Vanessa/git/BachelorThesis/rust/../instances/n100_test218.csv,8958,true
/Users/Vanessa/git/BachelorThesis/rust/../instances/n100_test219.csv,8959,false
/Users/Vanessa/git/BachelorThesis/rust/../instances/n100_test22.csv,9000,false
/Users/Vanessa/git/BachelorThesis/rust/../instances/n100_test220.csv,8917,true
/Users/Vanessa/git/BachelorThesis/rust/../instances/n100_test221.csv,8958,false
/Users/Vanessa/git/BachelorThesis/rust/../instances/n100_test222.csv,8958,true
/Users/Vanessa/git/BachelorThesis/rust/../instances/n100_test223.csv,8958,true
/Users/Vanessa/git/BachelorThesis/rust/../instances/n100_test224.csv,8958,true
/Users/Vanessa/git/BachelorThesis/rust/../instances/n100_test225.csv,8959,true
/Users/Vanessa/git/BachelorThesis/rust/../instances/n100_test226.csv,17792,true
/Users/Vanessa/git/BachelorThesis/rust/../instances/n100_test227.csv,8959,true
/Users/Vanessa/git/BachelorThesis/rust/../instances/n100_test228.csv,8959,false
/Users/Vanessa/git/BachelorThesis/rust/../instances/n100_test229.csv,8959,false
/Users/Vanessa/git/BachelorThesis/rust/../instances/n100_test23.csv,8959,true
/Users/Vanessa/git/BachelorThesis/rust/../instances/n100_test230.csv,8917,false
/Users/Vanessa/git/BachelorThesis/rust/../instances/n100_test231.csv,8958,true
/Users/Vanessa/git/BachelorThesis/rust/../instances/n100_test232.csv,8959,false
/Users/Vanessa/git/BachelorThesis/rust/../instances/n100_test233.csv,8958,false
/Users/Vanessa/git/BachelorThesis/rust/../instances/n100_test234.csv,8958,false
/Users/Vanessa/git/BachelorThesis/rust/../instances/n100_test235.csv,8958,false
/Users/Vanessa/git/BachelorThesis/rust/../instances/n100_test236.csv,8959,true
/Users/Vanessa/git/BachelorThesis/rust/../instances/n100_test237.csv,8958,true
/Users/Vanessa/git/BachelorThesis/rust/../instances/n100_test238.csv,8959,false
/Users/Vanessa/git/BachelorThesis/rust/../instances/n100_test239.csv,9000,false
/Users/Vanessa/git/BachelorThesis/rust/../instances/n100_test24.csv,8916,true
/Users/Vanessa/git/BachelorThesis/rust/../instances/n100_test240.csv,9000,true
/Users/Vanessa/git/BachelorThesis/rust/../instances/n100_test241.csv,8958,true
/Users/Vanessa/git/BachelorThesis/rust/../instances/n100_test242.csv,8959,false
/Users/Vanessa/git/BachelorThesis/rust/../instances/n100_test243.csv,9042,false
/Users/Vanessa/git/BachelorThesis/rust/../instances/n100_test244.csv,9042,false
/Users/Vanessa/git/BachelorThesis/rust/../instances/n100_test245.csv,8958,true
/Users/Vanessa/git/BachelorThesis/rust/../instances/n100_test246.csv,9000,false
/Users/Vanessa/git/BachelorThesis/rust/../instances/n100_test247.csv,8916,false
/Users/Vanessa/git/BachelorThesis/rust/../instances/n100_test248.csv,8958,true
/Users/Vanessa/git/BachelorThesis/rust/../instances/n100_test249.csv,9000,false
/Users/Vanessa/git/BachelorThesis/rust/../instances/n100_test25.csv,8959,true
/Users/Vanessa/git/BachelorThesis/rust/../instances/n100_test250.csv,9042,false
/Users/Vanessa/git/BachelorThesis/rust/../instances/n100_test251.csv,8958,true
/Users/Vanessa/git/BachelorThesis/rust/../instances/n100_test252.csv,8959,true
/Users/Vanessa/git/BachelorThesis/rust/../instances/n100_test253.csv,8958,false
/Users/Vanessa/git/BachelorThesis/rust/../instances/n100_test254.csv,8958,false
/Users/Vanessa/git/BachelorThesis/rust/../instances/n100_test255.csv,8916,true
/Users/Vanessa/git/BachelorThesis/rust/../instances/n100_test256.csv,8959,true
/Users/Vanessa/git/BachelorThesis/rust/../instances/n100_test257.csv,8958,true
/Users/Vanessa/git/BachelorThesis/rust/../instances/n100_test258.csv,9000,true
/Users/Vanessa/git/BachelorThesis/rust/../instances/n100_test259.csv,8958,true
/Users/Vanessa/git/BachelorThesis/rust/../instances/n100_test26.csv,8959,true
/Users/Vanessa/git/BachelorThesis/rust/../instances/n100_test260.csv,9041,false
/Users/Vanessa/git/BachelorThesis/rust/../instances/n100_test261.csv,8959,false
/Users/Vanessa/git/BachelorThesis/rust/../instances/n100_test262.csv,8959,true
/Users/Vanessa/git/BachelorThesis/rust/../instances/n100_test263.csv,8958,true
/Users/Vanessa/git/BachelorThesis/rust/../instances/n100_test264.csv,9083,true
/Users/Vanessa/git/BachelorThesis/rust/../instances/n100_test265.csv,8958,false
/Users/Vanessa/git/BachelorThesis/rust/../instances/n100_test266.csv,9000,false
/Users/Vanessa/git/BachelorThesis/rust/../instances/n100_test267.csv,8958,true
/Users/Vanessa/git/BachelorThesis/rust/../instances/n100_test268.csv,8959,false
/Users/Vanessa/git/BachelorThesis/rust/../instances/n100_test269.csv,8958,false
/Users/Vanessa/git/BachelorThesis/rust/../instances/n100_test27.csv,8916,true
/Users/Vanessa/git/BachelorThesis/rust/../instances/n100_test270.csv,8959,false
/Users/Vanessa/git/BachelorThesis/rust/../instances/n100_test271.csv,8917,false
/Users/Vanessa/git/BachelorThesis/rust/../instances/n100_test272.csv,8959,true
/Users/Vanessa/git/BachelorThesis/rust/../instances/n100_test273.csv,9000,false
/Users/Vanessa/git/BachelorThesis/rust/../instances/n100_test274.csv,8916,true
/Users/Vanessa/git/BachelorThesis/rust/../instances/n100_test275.csv,8958,true
/Users/Vanessa/git/BachelorThesis/rust/../instances/n100_test276.csv,8958,false
/Users/Vanessa/git/BachelorThesis/rust/../instances/n100_test277.csv,8958,true
/Users/Vanessa/git/BachelorThesis/rust/../instances/n100_test278.csv,8959,false
/Users/Vanessa/git/BachelorThesis/rust/../instances/n100_test279.csv,8958,true
/Users/Vanessa/git/BachelorThesis/rust/../instances/n100_test28.csv,8958,true
/Users/Vanessa/git/BachelorThesis/rust/../instances/n100_test280.csv,8958,false
/Users/Vanessa/git/BachelorThesis/rust/../instances/n100_test281.csv,8958,false
/Users/Vanessa/git/BachelorThesis/rust/../instances/n100_test282.csv,8916,true
/Users/Vanessa/git/BachelorThesis/rust/../instances/n100_test283.csv,8958,true
/Users/Vanessa/git/BachelorThesis/rust/../instances/n100_test284.csv,17917,false
/Users/Vanessa/git/BachelorThesis/rust/../instances/n100_test285.csv,9000,false
/Users/Vanessa/git/BachelorThesis/rust/../instances/n100_test286.csv,8875,true
/Users/Vanessa/git/BachelorThesis/rust/../instances/n100_test287.csv,8958,true
/Users/Vanessa/git/BachelorThesis/rust/../instances/n100_test288.csv,8959,true
/Users/Vanessa/git/BachelorThesis/rust/../instances/n100_test289.csv,8959,true
/Users/Vanessa/git/BachelorThesis/rust/../instances/n100_test29.csv,8958,false
/Users/Vanessa/git/BachelorThesis/rust/../instances/n100_test290.csv,8917,false
/Users/Vanessa/git/BachelorThesis/rust/../instances/n100_test291.csv,9000,true
/Users/Vanessa/git/BachelorThesis/rust/../instances/n100_test292.csv,8958,false
/Users/Vanessa/git/BachelorThesis/rust/../instances/n100_test293.csv,8958,false
/Users/Vanessa/git/BachelorThesis/rust/../instances/n100_test294.csv,8917,true
/Users/Vanessa/git/BachelorThesis/rust/../instances/n100_test295.csv,8958,false
/Users/Vanessa/git/BachelorThesis/rust/../instances/n100_test296.csv,8958,true
/Users/Vanessa/git/BachelorThesis/rust/../instances/n100_test297.csv,8916,true
/Users/Vanessa/git/BachelorThesis/rust/../instances/n100_test298.csv,9000,false
/Users/Vanessa/git/BachelorThesis/rust/../instances/n100_test299.csv,8958,true
/Users/Vanessa/git/BachelorThesis/rust/../instances/n100_test3.csv,8959,false
/Users/Vanessa/git/BachelorThesis/rust/../instances/n100_test30.csv,8916,true
/Users/Vanessa/git/BachelorThesis/rust/../instances/n100_test300.csv,9000,false
/Users/Vanessa/git/BachelorThesis/rust/../instances/n100_test301.csv,8959,false
/Users/Vanessa/git/BachelorThesis/rust/../instances/n100_test302.csv,8959,true
/Users/Vanessa/git/BachelorThesis/rust/../instances/n100_test303.csv,8959,true
/Users/Vanessa/git/BachelorThesis/rust/../instances/n100_test304.csv,17834,true
/Users/Vanessa/git/BachelorThesis/rust/../instances/n100_test305.csv,9000,false
/Users/Vanessa/git/BachelorThesis/rust/../instances/n100_test306.csv,8917,true
/Users/Vanessa/git/BachelorThesis/rust/../instances/n100_test307.csv,9000,false
/Users/Vanessa/git/BachelorThesis/rust/../instances/n100_test308.csv,8916,true
/Users/Vanessa/git/BachelorThesis/rust/../instances/n100_test309.csv,8958,true
/Users/Vanessa/git/BachelorThesis/rust/../instances/n100_test31.csv,8792,false
/Users/Vanessa/git/BachelorThesis/rust/../instances/n100_test310.csv,8917,false
/Users/Vanessa/git/BachelorThesis/rust/../instances/n100_test311.csv,8916,false
/Users/Vanessa/git/BachelorThesis/rust/../instances/n100_test312.csv,9000,false
/Users/Vanessa/git/BachelorThesis/rust/../instances/n100_test313.csv,9000,false
/Users/Vanessa/git/BachelorThesis/rust/../instances/n100_test314.csv,9000,false
/Users/Vanessa/git/BachelorThesis/rust/../instances/n100_test315.csv,9000,true
/Users/Vanessa/git/BachelorThesis/rust/../instances/n100_test316.csv,9000,true
/Users/Vanessa/git/BachelorThesis/rust/../instances/n100_test317.csv,9000,false
/Users/Vanessa/git/BachelorThesis/rust/../instances/n100_test318.csv,9000,false
/Users/Vanessa/git/BachelorThesis/rust/../instances/n100_test319.csv,9042,true
/Users/Vanessa/git/BachelorThesis/rust/../instances/n100_test32.csv,9000,false
/Users/Vanessa/git/BachelorThesis/rust/../instances/n100_test320.csv,9042,true
/Users/Vanessa/git/BachelorThesis/rust/../instances/n100_test321.csv,8958,false
/Users/Vanessa/git/BachelorThesis/rust/../instances/n100_test322.csv,9084,false
/Users/Vanessa/git/BachelorThesis/rust/../instances/n100_test323.csv,8958,true
/Users/Vanessa/git/BachelorThesis/rust/../instances/n100_test324.csv,9041,true
/Users/Vanessa/git/BachelorThesis/rust/../instances/n100_test325.csv,9000,false
/Users/Vanessa/git/BachelorThesis/rust/../instances/n100_test326.csv,8958,true
/Users/Vanessa/git/BachelorThesis/rust/../instances/n100_test327.csv,9000,true
/Users/Vanessa/git/BachelorThesis/rust/../instances/n100_test328.csv,8959,true
/Users/Vanessa/git/BachelorThesis/rust/../instances/n100_test329.csv,9000,true
/Users/Vanessa/git/BachelorThesis/rust/../instances/n100_test33.csv,8958,true
/Users/Vanessa/git/BachelorThesis/rust/../instances/n100_test330.csv,9042,true
/Users/Vanessa/git/BachelorThesis/rust/../instances/n100_test331.csv,9000,true
/Users/Vanessa/git/BachelorThesis/rust/../instances/n100_test332.csv,8958,false
/Users/Vanessa/git/BachelorThesis/rust/../instances/n100_test333.csv,9000,true
/Users/Vanessa/git/BachelorThesis/rust/../instances/n100_test334.csv,9042,true
/Users/Vanessa/git/BachelorThesis/rust/../instances/n100_test335.csv,9000,true
/Users/Vanessa/git/BachelorThesis/rust/../instances/n100_test336.csv,9000,true
/Users/Vanessa/git/BachelorThesis/rust/../instances/n100_test337.csv,9000,true
/Users/Vanessa/git/BachelorThesis/rust/../instances/n100_test338.csv,9041,false
/Users/Vanessa/git/BachelorThesis/rust/../instances/n100_test339.csv,8958,false
/Users/Vanessa/git/BachelorThesis/rust/../instances/n100_test34.csv,9000,false
/Users/Vanessa/git/BachelorThesis/rust/../instances/n100_test340.csv,9000,true
/Users/Vanessa/git/BachelorThesis/rust/../instances/n100_test341.csv,9000,true
/Users/Vanessa/git/BachelorThesis/rust/../instances/n100_test342.csv,8958,false
/Users/Vanessa/git/BachelorThesis/rust/../instances/n100_test343.csv,8959,true
/Users/Vanessa/git/BachelorThesis/rust/../instances/n100_test344.csv,8958,false
/Users/Vanessa/git/BachelorThesis/rust/../instances/n100_test345.csv,9000,false
/Users/Vanessa/git/BachelorThesis/rust/../instances/n100_test346.csv,8958,false
/Users/Vanessa/git/BachelorThesis/rust/../instances/n100_test347.csv,8958,false
/Users/Vanessa/git/BachelorThesis/rust/../instances/n100_test348.csv,8917,true
/Users/Vanessa/git/BachelorThesis/rust/../instances/n100_test349.csv,17292,false
/Users/Vanessa/git/BachelorThesis/rust/../instances/n100_test35.csv,8667,true
/Users/Vanessa/git/BachelorThesis/rust/../instances/n100_test350.csv,8667,false
/Users/Vanessa/git/BachelorThesis/rust/../instances/n100_test351.csv,8625,true
/Users/Vanessa/git/BachelorThesis/rust/../instances/n100_test352.csv,8625,false
/Users/Vanessa/git/BachelorThesis/rust/../instances/n100_test353.csv,8667,true
/Users/Vanessa/git/BachelorThesis/rust/../instances/n100_test354.csv,8750,false
/Users/Vanessa/git/BachelorThesis/rust/../instances/n100_test355.csv,8625,true
/Users/Vanessa/git/BachelorThesis/rust/../instances/n100_test356.csv,8708,true
/Users/Vanessa/git/BachelorThesis/rust/../instances/n100_test357.csv,8625,false
/Users/Vanessa/git/BachelorThesis/rust/../instances/n100_test358.csv,25541,true
/Users/Vanessa/git/BachelorThesis/rust/../instances/n100_test359.csv,8542,true
/Users/Vanessa/git/BachelorThesis/rust/../instances/n100_test36.csv,8708,false
/Users/Vanessa/git/BachelorThesis/rust/../instances/n100_test360.csv,8625,true
/Users/Vanessa/git/BachelorThesis/rust/../instances/n100_test361.csv,8667,true
/Users/Vanessa/git/BachelorThesis/rust/../instances/n100_test362.csv,8708,true
/Users/Vanessa/git/BachelorThesis/rust/../instances/n100_test363.csv,8584,false
/Users/Vanessa/git/BachelorThesis/rust/../instances/n100_test364.csv,8666,false
/Users/Vanessa/git/BachelorThesis/rust/../instances/n100_test365.csv,8667,true
/Users/Vanessa/git/BachelorThesis/rust/../instances/n100_test366.csv,17250,false
/Users/Vanessa/git/BachelorThesis/rust/../instances/n100_test367.csv,8625,false
/Users/Vanessa/git/BachelorThesis/rust/../instances/n100_test368.csv,1809250,false
/Users/Vanessa/git/BachelorThesis/rust/../instances/n100_test369.csv,8709,false
/Users/Vanessa/git/BachelorThesis/rust/../instances/n100_test37.csv,8708,true
/Users/Vanessa/git/BachelorThesis/rust/../instances/n100_test370.csv,8625,true
/Users/Vanessa/git/BachelorThesis/rust/../instances/n100_test371.csv,8625,true
/Users/Vanessa/git/BachelorThesis/rust/../instances/n100_test372.csv,8625,false
/Users/Vanessa/git/BachelorThesis/rust/../instances/n100_test373.csv,8667,true
/Users/Vanessa/git/BachelorThesis/rust/../instances/n100_test374.csv,8667,true
/Users/Vanessa/git/BachelorThesis/rust/../instances/n100_test375.csv,8667,true
/Users/Vanessa/git/BachelorThesis/rust/../instances/n100_test376.csv,8666,false
/Users/Vanessa/git/BachelorThesis/rust/../instances/n100_test377.csv,8625,false
/Users/Vanessa/git/BachelorThesis/rust/../instances/n100_test378.csv,8625,true
/Users/Vanessa/git/BachelorThesis/rust/../instances/n100_test379.csv,8667,false
/Users/Vanessa/git/BachelorThesis/rust/../instances/n100_test38.csv,17292,false
/Users/Vanessa/git/BachelorThesis/rust/../instances/n100_test380.csv,9000,false
/Users/Vanessa/git/BachelorThesis/rust/../instances/n100_test381.csv,8917,false
/Users/Vanessa/git/BachelorThesis/rust/../instances/n100_test382.csv,8875,true
/Users/Vanessa/git/BachelorThesis/rust/../instances/n100_test383.csv,9000,true
/Users/Vanessa/git/BachelorThesis/rust/../instances/n100_test384.csv,8958,true
/Users/Vanessa/git/BachelorThesis/rust/../instances/n100_test385.csv,8959,true
/Users/Vanessa/git/BachelorThesis/rust/../instances/n100_test386.csv,8959,true
/Users/Vanessa/git/BachelorThesis/rust/../instances/n100_test387.csv,9000,true
/Users/Vanessa/git/BachelorThesis/rust/../instances/n100_test388.csv,17875,true
/Users/Vanessa/git/BachelorThesis/rust/../instances/n100_test389.csv,8959,false
/Users/Vanessa/git/BachelorThesis/rust/../instances/n100_test39.csv,8959,false
/Users/Vanessa/git/BachelorThesis/rust/../instances/n100_test390.csv,9000,false
/Users/Vanessa/git/BachelorThesis/rust/../instances/n100_test391.csv,8958,true
/Users/Vanessa/git/BachelorThesis/rust/../instances/n100_test392.csv,8916,true
/Users/Vanessa/git/BachelorThesis/rust/../instances/n100_test393.csv,2114667,false
/Users/Vanessa/git/BachelorThesis/rust/../instances/n100_test394.csv,9167,true
/Users/Vanessa/git/BachelorThesis/rust/../instances/n100_test395.csv,8917,true
/Users/Vanessa/git/BachelorThesis/rust/../instances/n100_test396.csv,9000,false
/Users/Vanessa/git/BachelorThesis/rust/../instances/n100_test397.csv,8959,true
/Users/Vanessa/git/BachelorThesis/rust/../instances/n100_test398.csv,9042,false
/Users/Vanessa/git/BachelorThesis/rust/../instances/n100_test399.csv,8959,false
/Users/Vanessa/git/BachelorThesis/rust/../instances/n100_test4.csv,8917,false
/Users/Vanessa/git/BachelorThesis/rust/../instances/n100_test40.csv,8958,true
/Users/Vanessa/git/BachelorThesis/rust/../instances/n100_test400.csv,8917,false
/Users/Vanessa/git/BachelorThesis/rust/../instances/n100_test401.csv,8959,true
/Users/Vanessa/git/BachelorThesis/rust/../instances/n100_test402.csv,8958,true
/Users/Vanessa/git/BachelorThesis/rust/../instances/n100_test403.csv,8959,false
/Users/Vanessa/git/BachelorThesis/rust/../instances/n100_test404.csv,8625,true
/Users/Vanessa/git/BachelorThesis/rust/../instances/n100_test405.csv,8667,true
/Users/Vanessa/git/BachelorThesis/rust/../instances/n100_test406.csv,8625,true
/Users/Vanessa/git/BachelorThesis/rust/../instances/n100_test407.csv,8625,false
/Users/Vanessa/git/BachelorThesis/rust/../instances/n100_test408.csv,8667,true
/Users/Vanessa/git/BachelorThesis/rust/../instances/n100_test409.csv,8667,true
/Users/Vanessa/git/BachelorThesis/rust/../instances/n100_test41.csv,8667,true
/Users/Vanessa/git/BachelorThesis/rust/../instances/n100_test410.csv,8666,true
/Users/Vanessa/git/BachelorThesis/rust/../instances/n100_test411.csv,17292,true
/Users/Vanessa/git/BachelorThesis/rust/../instances/n100_test412.csv,8667,false
/Users/Vanessa/git/BachelorThesis/rust/../instances/n100_test413.csv,8625,false
/Users/Vanessa/git/BachelorThesis/rust/../instances/n100_test414.csv,17250,true
/Users/Vanessa/git/BachelorThesis/rust/../instances/n100_test415.csv,8666,true
/Users/Vanessa/git/BachelorThesis/rust/../instances/n100_test416.csv,8667,true
/Users/Vanessa/git/BachelorThesis/rust/../instances/n100_test417.csv,8667,true
/Users/Vanessa/git/BachelorThesis/rust/../instances/n100_test418.csv,8625,true
/Users/Vanessa/git/BachelorThesis/rust/../instances/n100_test419.csv,8625,false
/Users/Vanessa/git/BachelorThesis/rust/../instances/n100_test42.csv,8625,false
/Users/Vanessa/git/BachelorThesis/rust/../instances/n100_test420.csv,8666,false
/Users/Vanessa/git/BachelorThesis/rust/../instances/n100_test421.csv,8708,false
/Users/Vanessa/git/BachelorThesis/rust/../instances/n100_test422.csv,8708,true
/Users/Vanessa/git/BachelorThesis/rust/../instances/n100_test423.csv,8667,false
/Users/Vanessa/git/BachelorThesis/rust/../instances/n100_test424.csv,8667,true
/Users/Vanessa/git/BachelorThesis/rust/../instances/n100_test425.csv,8667,true
/Users/Vanessa/git/BachelorThesis/rust/../instances/n100_test426.csv,8708,true
/Users/Vanessa/git/BachelorThesis/rust/../instances/n100_test427.csv,8666,true
/Users/Vanessa/git/BachelorThesis/rust/../instances/n100_test428.csv,8667,true
/Users/Vanessa/git/BachelorThesis/rust/../instances/n100_test429.csv,8625,false
/Users/Vanessa/git/BachelorThesis/rust/../instances/n100_test43.csv,8666,true
/Users/Vanessa/git/BachelorThesis/rust/../instances/n100_test430.csv,8667,false
/Users/Vanessa/git/BachelorThesis/rust/../instances/n100_test431.csv,8667,false
/Users/Vanessa/git/BachelorThesis/rust/../instances/n100_test432.csv,8625,false
/Users/Vanessa/git/BachelorThesis/rust/../instances/n100_test433.csv,8667,false
/Users/Vanessa/git/BachelorThesis/rust/../instances/n100_test434.csv,8667,false
/Users/Vanessa/git/BachelorThesis/rust/../instances/n100_test435.csv,8667,false
/Users/Vanessa/git/BachelorThesis/rust/../instances/n100_test436.csv,8542,true
/Users/Vanessa/git/BachelorThesis/rust/../instances/n100_test437.csv,8667,true
/Users/Vanessa/git/BachelorThesis/rust/../instances/n100_test438.csv,8667,true
/Users/Vanessa/git/BachelorThesis/rust/../instances/n100_test439.csv,8625,true
/Users/Vanessa/git/BachelorThesis/rust/../instances/n100_test44.csv,17292,false
/Users/Vanessa/git/BachelorThesis/rust/../instances/n100_test440.csv,8666,true
/Users/Vanessa/git/BachelorThesis/rust/../instances/n100_test441.csv,8625,true
/Users/Vanessa/git/BachelorThesis/rust/../instances/n100_test442.csv,8625,false
/Users/Vanessa/git/BachelorThesis/rust/../instances/n100_test443.csv,8625,true
/Users/Vanessa/git/BachelorThesis/rust/../instances/n100_test444.csv,8708,false
/Users/Vanessa/git/BachelorThesis/rust/../instances/n100_test445.csv,23166,true
/Users/Vanessa/git/BachelorThesis/rust/../instances/n100_test446.csv,9042,true
/Users/Vanessa/git/BachelorThesis/rust/../instances/n100_test447.csv,8875,false
/Users/Vanessa/git/BachelorThesis/rust/../instances/n100_test448.csv,9000,false
/Users/Vanessa/git/BachelorThesis/rust/../instances/n100_test449.csv,9042,false
/Users/Vanessa/git/BachelorThesis/rust/../instances/n100_test45.csv,8958,true
/Users/Vanessa/git/BachelorThesis/rust/../instances/n100_test450.csv,9000,true
/Users/Vanessa/git/BachelorThesis/rust/../instances/n100_test451.csv,8917,true
/Users/Vanessa/git/BachelorThesis/rust/../instances/n100_test452.csv,8916,false
/Users/Vanessa/git/BachelorThesis/rust/../instances/n100_test453.csv,8959,false
/Users/Vanessa/git/BachelorThesis/rust/../instances/n100_test454.csv,8958,false
/Users/Vanessa/git/BachelorThesis/rust/../instances/n100_test455.csv,9000,true
/Users/Vanessa/git/BachelorThesis/rust/../instances/n100_test456.csv,9000,true
/Users/Vanessa/git/BachelorThesis/rust/../instances/n100_test457.csv,8958,true
/Users/Vanessa/git/BachelorThesis/rust/../instances/n100_test458.csv,9000,false
/Users/Vanessa/git/BachelorThesis/rust/../instances/n100_test459.csv,9042,false
/Users/Vanessa/git/BachelorThesis/rust/../instances/n100_test46.csv,9042,false
/Users/Vanessa/git/BachelorThesis/rust/../instances/n100_test460.csv,8958,false
/Users/Vanessa/git/BachelorThesis/rust/../instances/n100_test461.csv,8958,false
/Users/Vanessa/git/BachelorThesis/rust/../instances/n100_test462.csv,8917,true
/Users/Vanessa/git/BachelorThesis/rust/../instances/n100_test463.csv,8958,false
/Users/Vanessa/git/BachelorThesis/rust/../instances/n100_test464.csv,8917,true
/Users/Vanessa/git/BachelorThesis/rust/../instances/n100_test465.csv,8916,false
/Users/Vanessa/git/BachelorThesis/rust/../instances/n100_test466.csv,8958,true
/Users/Vanessa/git/BachelorThesis/rust/../instances/n100_test467.csv,8916,false
/Users/Vanessa/git/BachelorThesis/rust/../instances/n100_test468.csv,8958,false
/Users/Vanessa/git/BachelorThesis/rust/../instances/n100_test469.csv,8917,true
/Users/Vanessa/git/BachelorThesis/rust/../instances/n100_test47.csv,8958,true
/Users/Vanessa/git/BachelorThesis/rust/../instances/n100_test470.csv,8959,true
/Users/Vanessa/git/BachelorThesis/rust/../instances/n100_test471.csv,8917,false
/Users/Vanessa/git/BachelorThesis/rust/../instances/n100_test472.csv,1841792,false
/Users/Vanessa/git/BachelorThesis/rust/../instances/n100_test473.csv,9042,false
/Users/Vanessa/git/BachelorThesis/rust/../instances/n100_test474.csv,8959,true
/Users/Vanessa/git/BachelorThesis/rust/../instances/n100_test475.csv,8959,true
/Users/Vanessa/git/BachelorThesis/rust/../instances/n100_test476.csv,8959,true
/Users/Vanessa/git/BachelorThesis/rust/../instances/n100_test477.csv,9000,false
/Users/Vanessa/git/BachelorThesis/rust/../instances/n100_test478.csv,9042,true
/Users/Vanessa/git/BachelorThesis/rust/../instances/n100_test479.csv,8958,true
/Users/Vanessa/git/BachelorThesis/rust/../instances/n100_test48.csv,8959,true
/Users/Vanessa/git/BachelorThesis/rust/../instances/n100_test480.csv,8958,false
/Users/Vanessa/git/BachelorThesis/rust/../instances/n100_test481.csv,17792,true
/Users/Vanessa/git/BachelorThesis/rust/../instances/n100_test482.csv,8959,false
/Users/Vanessa/git/BachelorThesis/rust/../instances/n100_test483.csv,8958,false
/Users/Vanessa/git/BachelorThesis/rust/../instances/n100_test484.csv,8959,false
/Users/Vanessa/git/BachelorThesis/rust/../instances/n100_test485.csv,8917,true
/Users/Vanessa/git/BachelorThesis/rust/../instances/n100_test486.csv,17834,false
/Users/Vanessa/git/BachelorThesis/rust/../instances/n100_test487.csv,8917,false
/Users/Vanessa/git/BachelorThesis/rust/../instances/n100_test488.csv,19000,true
/Users/Vanessa/git/BachelorThesis/rust/../instances/n100_test489.csv,8875,true
/Users/Vanessa/git/BachelorThesis/rust/../instances/n100_test49.csv,8917,true
/Users/Vanessa/git/BachelorThesis/rust/../instances/n100_test490.csv,8917,false
/Users/Vanessa/git/BachelorThesis/rust/../instances/n100_test491.csv,1766834,false
/Users/Vanessa/git/BachelorThesis/rust/../instances/n100_test492.csv,9042,false
/Users/Vanessa/git/BachelorThesis/rust/../instances/n100_test493.csv,17875,true
/Users/Vanessa/git/BachelorThesis/rust/../instances/n100_test494.csv,8958,false
/Users/Vanessa/git/BachelorThesis/rust/../instances/n100_test495.csv,9000,true
/Users/Vanessa/git/BachelorThesis/rust/../instances/n100_test496.csv,8959,false
/Users/Vanessa/git/BachelorThesis/rust/../instances/n100_test497.csv,9000,true
/Users/Vanessa/git/BachelorThesis/rust/../instances/n100_test498.csv,8917,true
/Users/Vanessa/git/BachelorThesis/rust/../instances/n100_test499.csv,8625,true
/Users/Vanessa/git/BachelorThesis/rust/../instances/n100_test5.csv,8666,true
/Users/Vanessa/git/BachelorThesis/rust/../instances/n100_test50.csv,17250,true
/Users/Vanessa/git/BachelorThesis/rust/../instances/n100_test500.csv,8625,false
/Users/Vanessa/git/BachelorThesis/rust/../instances/n100_test51.csv,8666,true
/Users/Vanessa/git/BachelorThesis/rust/../instances/n100_test52.csv,8625,false
/Users/Vanessa/git/BachelorThesis/rust/../instances/n100_test53.csv,8667,false
/Users/Vanessa/git/BachelorThesis/rust/../instances/n100_test54.csv,8667,false
/Users/Vanessa/git/BachelorThesis/rust/../instances/n100_test55.csv,8667,true
/Users/Vanessa/git/BachelorThesis/rust/../instances/n100_test56.csv,8667,false
/Users/Vanessa/git/BachelorThesis/rust/../instances/n100_test57.csv,8667,false
/Users/Vanessa/git/BachelorThesis/rust/../instances/n100_test58.csv,8667,false
/Users/Vanessa/git/BachelorThesis/rust/../instances/n100_test59.csv,8625,false
/Users/Vanessa/git/BachelorThesis/rust/../instances/n100_test6.csv,8667,true
/Users/Vanessa/git/BachelorThesis/rust/../instances/n100_test60.csv,8584,false
/Users/Vanessa/git/BachelorThesis/rust/../instances/n100_test61.csv,8625,true
/Users/Vanessa/git/BachelorThesis/rust/../instances/n100_test62.csv,8667,true
/Users/Vanessa/git/BachelorThesis/rust/../instances/n100_test63.csv,8666,false
/Users/Vanessa/git/BachelorThesis/rust/../instances/n100_test64.csv,8709,false
/Users/Vanessa/git/BachelorThesis/rust/../instances/n100_test65.csv,8708,false
/Users/Vanessa/git/BachelorThesis/rust/../instances/n100_test66.csv,8708,false
/Users/Vanessa/git/BachelorThesis/rust/../instances/n100_test67.csv,8625,true
/Users/Vanessa/git/BachelorThesis/rust/../instances/n100_test68.csv,8667,false
/Users/Vanessa/git/BachelorThesis/rust/../instances/n100_test69.csv,8625,true
/Users/Vanessa/git/BachelorThesis/rust/../instances/n100_test7.csv,8667,false
/Users/Vanessa/git/BachelorThesis/rust/../instances/n100_test70.csv,8666,false
/Users/Vanessa/git/BachelorThesis/rust/../instances/n100_test71.csv,8667,true
/Users/Vanessa/git/BachelorThesis/rust/../instances/n100_test72.csv,8750,true
/Users/Vanessa/git/BachelorThesis/rust/../instances/n100_test73.csv,8708,false
/Users/Vanessa/git/BachelorThesis/rust/../instances/n100_test74.csv,8666,true
/Users/Vanessa/git/BachelorThesis/rust/../instances/n100_test75.csv,8666,true
/Users/Vanessa/git/BachelorThesis/rust/../instances/n100_test76.csv,8625,true
/Users/Vanessa/git/BachelorThesis/rust/../instances/n100_test77.csv,1832125,false
/Users/Vanessa/git/BachelorThesis/rust/../instances/n100_test78.csv,8959,true
/Users/Vanessa/git/BachelorThesis/rust/../instances/n100_test79.csv,8958,false
/Users/Vanessa/git/BachelorThesis/rust/../instances/n100_test8.csv,8916,true
/Users/Vanessa/git/BachelorThesis/rust/../instances/n100_test80.csv,8958,false
/Users/Vanessa/git/BachelorThesis/rust/../instances/n100_test81.csv,9042,false
/Users/Vanessa/git/BachelorThesis/rust/../instances/n100_test82.csv,8917,false
/Users/Vanessa/git/BachelorThesis/rust/../instances/n100_test83.csv,9042,false
/Users/Vanessa/git/BachelorThesis/rust/../instances/n100_test84.csv,8958,false
/Users/Vanessa/git/BachelorThesis/rust/../instances/n100_test85.csv,9000,true
/Users/Vanessa/git/BachelorThesis/rust/../instances/n100_test86.csv,8958,false
/Users/Vanessa/git/BachelorThesis/rust/../instances/n100_test87.csv,8958,false
/Users/Vanessa/git/BachelorThesis/rust/../instances/n100_test88.csv,8958,true
/Users/Vanessa/git/BachelorThesis/rust/../instances/n100_test89.csv,8958,true
/Users/Vanessa/git/BachelorThesis/rust/../instances/n100_test9.csv,17833,false
/Users/Vanessa/git/BachelorThesis/rust/../instances/n100_test90.csv,8917,false
/Users/Vanessa/git/BachelorThesis/rust/../instances/n100_test91.csv,8916,false
/Users/Vanessa/git/BachelorThesis/rust/../instances/n100_test92.csv,8917,false
/Users/Vanessa/git/BachelorThesis/rust/../instances/n100_test93.csv,8916,false
/Users/Vanessa/git/BachelorThesis/rust/../instances/n100_test94.csv,8958,true
/Users/Vanessa/git/BachelorThesis/rust/../instances/n100_test95.csv,9042,true
/Users/Vanessa/git/BachelorThesis/rust/../instances/n100_test96.csv,8959,true
/Users/Vanessa/git/BachelorThesis/rust/../instances/n100_test97.csv,8959,true
/Users/Vanessa/git/BachelorThesis/rust/../instances/n100_test98.csv,8917,false
/Users/Vanessa/git/BachelorThesis/rust/../instances/n100_test99.csv,9000,false
/Users/Vanessa/git/BachelorThesis/rust/../instances/n10_test1.csv,500,false
/Users/Vanessa/git/BachelorThesis/rust/../instances/n10_test10.csv,250,false
/Users/Vanessa/git/BachelorThesis/rust/../instances/n10_test100.csv,209,false
/Users/Vanessa/git/BachelorThesis/rust/../instances/n10_test101.csv,208,true
/Users/Vanessa/git/BachelorThesis/rust/../instances/n10_test102.csv,4875,true
/Users/Vanessa/git/BachelorThesis/rust/../instances/n10_test103.csv,2250,false
/Users/Vanessa/git/BachelorThesis/rust/../instances/n10_test104.csv,250,false
/Users/Vanessa/git/BachelorThesis/rust/../instances/n10_test105.csv,208,true
/Users/Vanessa/git/BachelorThesis/rust/../instances/n10_test106.csv,292,false
/Users/Vanessa/git/BachelorThesis/rust/../instances/n10_test107.csv,167,true
/Users/Vanessa/git/BachelorThesis/rust/../instances/n10_test108.csv,208,true
/Users/Vanessa/git/BachelorThesis/rust/../instances/n10_test109.csv,2750,true
/Users/Vanessa/git/BachelorThesis/rust/../instances/n10_test11.csv,208,true
/Users/Vanessa/git/BachelorThesis/rust/../instances/n10_test110.csv,209,false
/Users/Vanessa/git/BachelorThesis/rust/../instances/n10_test111.csv,2292,false
/Users/Vanessa/git/BachelorThesis/rust/../instances/n10_test112.csv,209,true
/Users/Vanessa/git/BachelorThesis/rust/../instances/n10_test113.csv,208,false
/Users/Vanessa/git/BachelorThesis/rust/../instances/n10_test114.csv,208,true
/Users/Vanessa/git/BachelorThesis/rust/../instances/n10_test115.csv,167,false
/Users/Vanessa/git/BachelorThesis/rust/../instances/n10_test116.csv,167,true
/Users/Vanessa/git/BachelorThesis/rust/../instances/n10_test117.csv,167,false
/Users/Vanessa/git/BachelorThesis/rust/../instances/n10_test118.csv,167,true
/Users/Vanessa/git/BachelorThesis/rust/../instances/n10_test119.csv,2209,false
/Users/Vanessa/git/BachelorThesis/rust/../instances/n10_test12.csv,167,true
/Users/Vanessa/git/BachelorThesis/rust/../instances/n10_test120.csv,167,false
/Users/Vanessa/git/BachelorThesis/rust/../instances/n10_test121.csv,334,true
/Users/Vanessa/git/BachelorThesis/rust/../instances/n10_test122.csv,250,false
/Users/Vanessa/git/BachelorThesis/rust/../instances/n10_test123.csv,541,true
/Users/Vanessa/git/BachelorThesis/rust/../instances/n10_test124.csv,167,false
/Users/Vanessa/git/BachelorThesis/rust/../instances/n10_test125.csv,209,true
/Users/Vanessa/git/BachelorThesis/rust/../instances/n10_test126.csv,209,false
/Users/Vanessa/git/BachelorThesis/rust/../instances/n10_test127.csv,208,true
/Users/Vanessa/git/BachelorThesis/rust/../instances/n10_test128.csv,166,true
/Users/Vanessa/git/BachelorThesis/rust/../instances/n10_test129.csv,167,false
/Users/Vanessa/git/BachelorThesis/rust/../instances/n10_test13.csv,2250,false
/Users/Vanessa/git/BachelorThesis/rust/../instances/n10_test130.csv,209,false
/Users/Vanessa/git/BachelorThesis/rust/../instances/n10_test131.csv,167,true
/Users/Vanessa/git/BachelorThesis/rust/../instances/n10_test132.csv,209,false
/Users/Vanessa/git/BachelorThesis/rust/../instances/n10_test133.csv,167,true
/Users/Vanessa/git/BachelorThesis/rust/../instances/n10_test134.csv,167,true
/Users/Vanessa/git/BachelorThesis/rust/../instances/n10_test135.csv,166,true
/Users/Vanessa/git/BachelorThesis/rust/../instances/n10_test136.csv,167,true
/Users/Vanessa/git/BachelorThesis/rust/../instances/n10_test137.csv,208,true
/Users/Vanessa/git/BachelorThesis/rust/../instances/n10_test138.csv,166,true
/Users/Vanessa/git/BachelorThesis/rust/../instances/n10_test139.csv,167,true
/Users/Vanessa/git/BachelorThesis/rust/../instances/n10_test14.csv,167,false
/Users/Vanessa/git/BachelorThesis/rust/../instances/n10_test140.csv,375,false
/Users/Vanessa/git/BachelorThesis/rust/../instances/n10_test141.csv,166,true
/Users/Vanessa/git/BachelorThesis/rust/../instances/n10_test142.csv,167,false
/Users/Vanessa/git/BachelorThesis/rust/../instances/n10_test143.csv,166,true
/Users/Vanessa/git/BachelorThesis/rust/../instances/n10_test144.csv,167,false
/Users/Vanessa/git/BachelorThesis/rust/../instances/n10_test145.csv,2209,false
/Users/Vanessa/git/BachelorThesis/rust/../instances/n10_test146.csv,166,false
/Users/Vanessa/git/BachelorThesis/rust/../instances/n10_test147.csv,167,true
/Users/Vanessa/git/BachelorThesis/rust/../instances/n10_test148.csv,333,false
/Users/Vanessa/git/BachelorThesis/rust/../instances/n10_test149.csv,208,false
/Users/Vanessa/git/BachelorThesis/rust/../instances/n10_test15.csv,292,true
/Users/Vanessa/git/BachelorThesis/rust/../instances/n10_test150.csv,167,true
/Users/Vanessa/git/BachelorThesis/rust/../instances/n10_test151.csv,167,false
/Users/Vanessa/git/BachelorThesis/rust/../instances/n10_test152.csv,167,true
/Users/Vanessa/git/BachelorThesis/rust/../instances/n10_test153.csv,209,true
/Users/Vanessa/git/BachelorThesis/rust/../instances/n10_test154.csv,292,true
/Users/Vanessa/git/BachelorThesis/rust/../instances/n10_test155.csv,2208,false
/Users/Vanessa/git/BachelorThesis/rust/../instances/n10_test156.csv,166,true
/Users/Vanessa/git/BachelorThesis/rust/../instances/n10_test157.csv,333,false
/Users/Vanessa/git/BachelorThesis/rust/../instances/n10_test158.csv,166,true
/Users/Vanessa/git/BachelorThesis/rust/../instances/n10_test159.csv,209,false
/Users/Vanessa/git/BachelorThesis/rust/../instances/n10_test16.csv,167,true
/Users/Vanessa/git/BachelorThesis/rust/../instances/n10_test160.csv,292,false
/Users/Vanessa/git/BachelorThesis/rust/../instances/n10_test161.csv,167,false
/Users/Vanessa/git/BachelorThesis/rust/../instances/n10_test162.csv,208,true
/Users/Vanessa/git/BachelorThesis/rust/../instances/n10_test163.csv,167,true
/Users/Vanessa/git/BachelorThesis/rust/../instances/n10_test164.csv,166,false
/Users/Vanessa/git/BachelorThesis/rust/../instances/n10_test165.csv,291,false
/Users/Vanessa/git/BachelorThesis/rust/../instances/n10_test166.csv,2209,false
/Users/Vanessa/git/BachelorThesis/rust/../instances/n10_test167.csv,167,false
/Users/Vanessa/git/BachelorThesis/rust/../instances/n10_test168.csv,167,false
/Users/Vanessa/git/BachelorThesis/rust/../instances/n10_test169.csv,166,false
/Users/Vanessa/git/BachelorThesis/rust/../instances/n10_test17.csv,2209,false
/Users/Vanessa/git/BachelorThesis/rust/../instances/n10_test170.csv,2208,false
/Users/Vanessa/git/BachelorThesis/rust/../instances/n10_test171.csv,208,false
/Users/Vanessa/git/BachelorThesis/rust/../instances/n10_test172.csv,167,true
/Users/Vanessa/git/BachelorThesis/rust/../instances/n10_test173.csv,167,true
/Users/Vanessa/git/BachelorThesis/rust/../instances/n10_test174.csv,167,false
/Users/Vanessa/git/BachelorThesis/rust/../instances/n10_test175.csv,166,false
/Users/Vanessa/git/BachelorThesis/rust/../instances/n10_test176.csv,167,true
/Users/Vanessa/git/BachelorThesis/rust/../instances/n10_test177.csv,166,false
/Users/Vanessa/git/BachelorThesis/rust/../instances/n10_test178.csv,167,false
/Users/Vanessa/git/BachelorThesis/rust/../instances/n10_test179.csv,2333,false
/Users/Vanessa/git/BachelorThesis/rust/../instances/n10_test18.csv,167,true
/Users/Vanessa/git/BachelorThesis/rust/../instances/n10_test180.csv,167,false
/Users/Vanessa/git/BachelorThesis/rust/../instances/n10_test181.csv,167,true
/Users/Vanessa/git/BachelorThesis/rust/../instances/n10_test182.csv,167,false
/Users/Vanessa/git/BachelorThesis/rust/../instances/n10_test183.csv,167,true
/Users/Vanessa/git/BachelorThesis/rust/../instances/n10_test184.csv,208,false
/Users/Vanessa/git/BachelorThesis/rust/../instances/n10_test185.csv,333,false
/Users/Vanessa/git/BachelorThesis/rust/../instances/n10_test186.csv,167,false
/Users/Vanessa/git/BachelorThesis/rust/../instances/n10_test187.csv,166,true
/Users/Vanessa/git/BachelorThesis/rust/../instances/n10_test188.csv,167,true
/Users/Vanessa/git/BachelorThesis/rust/../instances/n10_test189.csv,208,true
/Users/Vanessa/git/BachelorThesis/rust/../instances/n10_test19.csv,167,true
/Users/Vanessa/git/BachelorThesis/rust/../instances/n10_test190.csv,167,true
/Users/Vanessa/git/BachelorThesis/rust/../instances/n10_test191.csv,2250,false
/Users/Vanessa/git/BachelorThesis/rust/../instances/n10_test192.csv,167,false
/Users/Vanessa/git/BachelorThesis/rust/../instances/n10_test193.csv,334,true
/Users/Vanessa/git/BachelorThesis/rust/../instances/n10_test194.csv,209,true
/Users/Vanessa/git/BachelorThesis/rust/../instances/n10_test195.csv,167,false
/Users/Vanessa/git/BachelorThesis/rust/../instances/n10_test196.csv,167,true
/Users/Vanessa/git/BachelorThesis/rust/../instances/n10_test197.csv,166,true
/Users/Vanessa/git/BachelorThesis/rust/../instances/n10_test198.csv,167,false
/Users/Vanessa/git/BachelorThesis/rust/../instances/n10_test199.csv,416,false
/Users/Vanessa/git/BachelorThesis/rust/../instances/n10_test2.csv,292,true
/Users/Vanessa/git/BachelorThesis/rust/../instances/n10_test20.csv,291,true
/Users/Vanessa/git/BachelorThesis/rust/../instances/n10_test200.csv,167,true
/Users/Vanessa/git/BachelorThesis/rust/../instances/n10_test201.csv,209,false
/Users/Vanessa/git/BachelorThesis/rust/../instances/n10_test202.csv,167,false
/Users/Vanessa/git/BachelorThesis/rust/../instances/n10_test203.csv,333,false
/Users/Vanessa/git/BachelorThesis/rust/../instances/n10_test204.csv,166,true
/Users/Vanessa/git/BachelorThesis/rust/../instances/n10_test205.csv,166,true
/Users/Vanessa/git/BachelorThesis/rust/../instances/n10_test206.csv,167,true
/Users/Vanessa/git/BachelorThesis/rust/../instances/n10_test207.csv,2209,false
/Users/Vanessa/git/BachelorThesis/rust/../instances/n10_test208.csv,167,true
/Users/Vanessa/git/BachelorThesis/rust/../instances/n10_test209.csv,166,false
/Users/Vanessa/git/BachelorThesis/rust/../instances/n10_test21.csv,2208,false
/Users/Vanessa/git/BachelorThesis/rust/../instances/n10_test210.csv,167,true
/Users/Vanessa/git/BachelorThesis/rust/../instances/n10_test211.csv,167,true
/Users/Vanessa/git/BachelorThesis/rust/../instances/n10_test212.csv,333,true
/Users/Vanessa/git/BachelorThesis/rust/../instances/n10_test213.csv,167,false
/Users/Vanessa/git/BachelorThesis/rust/../instances/n10_test214.csv,167,false
/Users/Vanessa/git/BachelorThesis/rust/../instances/n10_test215.csv,166,true
/Users/Vanessa/git/BachelorThesis/rust/../instances/n10_test216.csv,6042,false
/Users/Vanessa/git/BachelorThesis/rust/../instances/n10_test217.csv,2292,false
/Users/Vanessa/git/BachelorThesis/rust/../instances/n10_test218.csv,291,true
/Users/Vanessa/git/BachelorThesis/rust/../instances/n10_test219.csv,167,true
/Users/Vanessa/git/BachelorThesis/rust/../instances/n10_test22.csv,167,false
/Users/Vanessa/git/BachelorThesis/rust/../instances/n10_test220.csv,333,true
/Users/Vanessa/git/BachelorThesis/rust/../instances/n10_test221.csv,2208,false
/Users/Vanessa/git/BachelorThesis/rust/../instances/n10_test222.csv,167,true
/Users/Vanessa/git/BachelorThesis/rust/../instances/n10_test223.csv,166,true
/Users/Vanessa/git/BachelorThesis/rust/../instances/n10_test224.csv,208,false
/Users/Vanessa/git/BachelorThesis/rust/../instances/n10_test225.csv,333,true
/Users/Vanessa/git/BachelorThesis/rust/../instances/n10_test226.csv,167,false
/Users/Vanessa/git/BachelorThesis/rust/../instances/n10_test227.csv,167,false
/Users/Vanessa/git/BachelorThesis/rust/../instances/n10_test228.csv,167,true
/Users/Vanessa/git/BachelorThesis/rust/../instances/n10_test229.csv,167,false
/Users/Vanessa/git/BachelorThesis/rust/../instances/n10_test23.csv,167,true
/Users/Vanessa/git/BachelorThesis/rust/../instances/n10_test230.csv,167,true
/Users/Vanessa/git/BachelorThesis/rust/../instances/n10_test231.csv,416,true
/Users/Vanessa/git/BachelorThesis/rust/../instances/n10_test232.csv,2208,false
/Users/Vanessa/git/BachelorThesis/rust/../instances/n10_test233.csv,2166,false
/Users/Vanessa/git/BachelorThesis/rust/../instances/n10_test234.csv,167,true
/Users/Vanessa/git/BachelorThesis/rust/../instances/n10_test235.csv,167,true
/Users/Vanessa/git/BachelorThesis/rust/../instances/n10_test236.csv,167,false
/Users/Vanessa/git/BachelorThesis/rust/../instances/n10_test237.csv,208,false
/Users/Vanessa/git/BachelorThesis/rust/../instances/n10_test238.csv,166,true
/Users/Vanessa/git/BachelorThesis/rust/../instances/n10_test239.csv,166,true
/Users/Vanessa/git/BachelorThesis/rust/../instances/n10_test24.csv,333,false
/Users/Vanessa/git/BachelorThesis/rust/../instances/n10_test240.csv,167,true
/Users/Vanessa/git/BachelorThesis/rust/../instances/n10_test241.csv,2208,false
/Users/Vanessa/git/BachelorThesis/rust/../instances/n10_test242.csv,167,true
/Users/Vanessa/git/BachelorThesis/rust/../instances/n10_test243.csv,209,false
/Users/Vanessa/git/BachelorThesis/rust/../instances/n10_test244.csv,167,false
/Users/Vanessa/git/BachelorThesis/rust/../instances/n10_test245.csv,167,true
/Users/Vanessa/git/BachelorThesis/rust/../instances/n10_test246.csv,333,false
/Users/Vanessa/git/BachelorThesis/rust/../instances/n10_test247.csv,167,false
/Users/Vanessa/git/BachelorThesis/rust/../instances/n10_test248.csv,208,false
/Users/Vanessa/git/BachelorThesis/rust/../instances/n10_test249.csv,167,false
/Users/Vanessa/git/BachelorThesis/rust/../instances/n10_test25.csv,166,false
/Users/Vanessa/git/BachelorThesis/rust/../instances/n10_test250.csv,2208,false
/Users/Vanessa/git/BachelorThesis/rust/../instances/n10_test251.csv,166,false
/Users/Vanessa/git/BachelorThesis/rust/../instances/n10_test252.csv,333,true
/Users/Vanessa/git/BachelorThesis/rust/../instances/n10_test253.csv,167,false
/Users/Vanessa/git/BachelorThesis/rust/../instances/n10_test254.csv,291,true
/Users/Vanessa/git/BachelorThesis/rust/../instances/n10_test255.csv,166,false
/Users/Vanessa/git/BachelorThesis/rust/../instances/n10_test256.csv,292,false
/Users/Vanessa/git/BachelorThesis/rust/../instances/n10_test257.csv,208,false
/Users/Vanessa/git/BachelorThesis/rust/../instances/n10_test258.csv,167,true
/Users/Vanessa/git/BachelorThesis/rust/../instances/n10_test259.csv,167,false
/Users/Vanessa/git/BachelorThesis/rust/../instances/n10_test26.csv,166,false
/Users/Vanessa/git/BachelorThesis/rust/../instances/n10_test260.csv,167,false
/Users/Vanessa/git/BachelorThesis/rust/../instances/n10_test261.csv,2166,false
/Users/Vanessa/git/BachelorThesis/rust/../instances/n10_test262.csv,166,false
/Users/Vanessa/git/BachelorThesis/rust/../instances/n10_test263.csv,166,true
/Users/Vanessa/git/BachelorThesis/rust/../instances/n10_test264.csv,166,true
/Users/Vanessa/git/BachelorThesis/rust/../instances/n10_test265.csv,166,false
/Users/Vanessa/git/BachelorThesis/rust/../instances/n10_test266.csv,166,true
/Users/Vanessa/git/BachelorThesis/rust/../instances/n10_test267.csv,167,true
/Users/Vanessa/git/BachelorThesis/rust/../instances/n10_test268.csv,167,false
/Users/Vanessa/git/BachelorThesis/rust/../instances/n10_test269.csv,333,false
/Users/Vanessa/git/BachelorThesis/rust/../instances/n10_test27.csv,167,true
/Users/Vanessa/git/BachelorThesis/rust/../instances/n10_test270.csv,167,true
/Users/Vanessa/git/BachelorThesis/rust/../instances/n10_test271.csv,292,true
/Users/Vanessa/git/BachelorThesis/rust/../instances/n10_test272.csv,167,false
/Users/Vanessa/git/BachelorThesis/rust/../instances/n10_test273.csv,167,true
/Users/Vanessa/git/BachelorThesis/rust/../instances/n10_test274.csv,167,false
/Users/Vanessa/git/BachelorThesis/rust/../instances/n10_test275.csv,166,false
/Users/Vanessa/git/BachelorThesis/rust/../instances/n10_test276.csv,333,true
/Users/Vanessa/git/BachelorThesis/rust/../instances/n10_test277.csv,208,true
/Users/Vanessa/git/BachelorThesis/rust/../instances/n10_test278.csv,167,true
/Users/Vanessa/git/BachelorThesis/rust/../instances/n10_test279.csv,167,true
/Users/Vanessa/git/BachelorThesis/rust/../instances/n10_test28.csv,167,false
/Users/Vanessa/git/BachelorThesis/rust/../instances/n10_test280.csv,167,false
/Users/Vanessa/git/BachelorThesis/rust/../instances/n10_test281.csv,167,false
/Users/Vanessa/git/BachelorThesis/rust/../instances/n10_test282.csv,167,false
/Users/Vanessa/git/BachelorThesis/rust/../instances/n10_test283.csv,167,true
/Users/Vanessa/git/BachelorThesis/rust/../instances/n10_test284.csv,292,false
/Users/Vanessa/git/BachelorThesis/rust/../instances/n10_test285.csv,292,true
/Users/Vanessa/git/BachelorThesis/rust/../instances/n10_test286.csv,167,false
/Users/Vanessa/git/BachelorThesis/rust/../instances/n10_test287.csv,167,true
/Users/Vanessa/git/BachelorThesis/rust/../instances/n10_test288.csv,166,true
/Users/Vanessa/git/BachelorThesis/rust/../instances/n10_test289.csv,166,false
/Users/Vanessa/git/BachelorThesis/rust/../instances/n10_test29.csv,166,true
/Users/Vanessa/git/BachelorThesis/rust/../instances/n10_test290.csv,167,false
/Users/Vanessa/git/BachelorThesis/rust/../instances/n10_test291.csv,167,true
/Users/Vanessa/git/BachelorThesis/rust/../instances/n10_test292.csv,250,false
/Users/Vanessa/git/BachelorThesis/rust/../instances/n10_test293.csv,2125,false
/Users/Vanessa/git/BachelorThesis/rust/../instances/n10_test294.csv,209,true
/Users/Vanessa/git/BachelorThesis/rust/../instances/n10_test295.csv,208,false
/Users/Vanessa/git/BachelorThesis/rust/../instances/n10_test296.csv,167,true
/Users/Vanessa/git/BachelorThesis/rust/../instances/n10_test297.csv,125,true
/Users/Vanessa/git/BachelorThesis/rust/../instances/n10_test298.csv,166,false
/Users/Vanessa/git/BachelorThesis/rust/../instances/n10_test299.csv,167,false
/Users/Vanessa/git/BachelorThesis/rust/../instances/n10_test3.csv,292,true
/Users/Vanessa/git/BachelorThesis/rust/../instances/n10_test30.csv,209,false
/Users/Vanessa/git/BachelorThesis/rust/../instances/n10_test300.csv,2125,false
/Users/Vanessa/git/BachelorThesis/rust/../instances/n10_test301.csv,166,false
/Users/Vanessa/git/BachelorThesis/rust/../instances/n10_test302.csv,166,true
/Users/Vanessa/git/BachelorThesis/rust/../instances/n10_test303.csv,167,false
/Users/Vanessa/git/BachelorThesis/rust/../instances/n10_test304.csv,334,true
/Users/Vanessa/git/BachelorThesis/rust/../instances/n10_test305.csv,167,true
/Users/Vanessa/git/BachelorThesis/rust/../instances/n10_test306.csv,333,false
/Users/Vanessa/git/BachelorThesis/rust/../instances/n10_test307.csv,167,false
/Users/Vanessa/git/BachelorThesis/rust/../instances/n10_test308.csv,208,false
/Users/Vanessa/git/BachelorThesis/rust/../instances/n10_test309.csv,125,true
/Users/Vanessa/git/BachelorThesis/rust/../instances/n10_test31.csv,167,false
/Users/Vanessa/git/BachelorThesis/rust/../instances/n10_test310.csv,2209,false
/Users/Vanessa/git/BachelorThesis/rust/../instances/n10_test311.csv,2125,false
/Users/Vanessa/git/BachelorThesis/rust/../instances/n10_test312.csv,291,true
/Users/Vanessa/git/BachelorThesis/rust/../instances/n10_test313.csv,167,true
/Users/Vanessa/git/BachelorThesis/rust/../instances/n10_test314.csv,167,true
/Users/Vanessa/git/BachelorThesis/rust/../instances/n10_test315.csv,167,false
/Users/Vanessa/git/BachelorThesis/rust/../instances/n10_test316.csv,334,false
/Users/Vanessa/git/BachelorThesis/rust/../instances/n10_test317.csv,208,true
/Users/Vanessa/git/BachelorThesis/rust/../instances/n10_test318.csv,167,false
/Users/Vanessa/git/BachelorThesis/rust/../instances/n10_test319.csv,166,true
/Users/Vanessa/git/BachelorThesis/rust/../instances/n10_test32.csv,166,true
/Users/Vanessa/git/BachelorThesis/rust/../instances/n10_test320.csv,167,false
/Users/Vanessa/git/BachelorThesis/rust/../instances/n10_test321.csv,2125,false
/Users/Vanessa/git/BachelorThesis/rust/../instances/n10_test322.csv,167,false
/Users/Vanessa/git/BachelorThesis/rust/../instances/n10_test323.csv,166,false
/Users/Vanessa/git/BachelorThesis/rust/../instances/n10_test324.csv,209,false
/Users/Vanessa/git/BachelorThesis/rust/../instances/n10_test325.csv,250,false
/Users/Vanessa/git/BachelorThesis/rust/../instances/n10_test326.csv,208,true
/Users/Vanessa/git/BachelorThesis/rust/../instances/n10_test327.csv,167,true
/Users/Vanessa/git/BachelorThesis/rust/../instances/n10_test328.csv,2125,false
/Users/Vanessa/git/BachelorThesis/rust/../instances/n10_test329.csv,167,false
/Users/Vanessa/git/BachelorThesis/rust/../instances/n10_test33.csv,167,false
/Users/Vanessa/git/BachelorThesis/rust/../instances/n10_test330.csv,167,true
/Users/Vanessa/git/BachelorThesis/rust/../instances/n10_test331.csv,167,true
/Users/Vanessa/git/BachelorThesis/rust/../instances/n10_test332.csv,208,false
/Users/Vanessa/git/BachelorThesis/rust/../instances/n10_test333.csv,167,false
/Users/Vanessa/git/BachelorThesis/rust/../instances/n10_test334.csv,166,false
/Users/Vanessa/git/BachelorThesis/rust/../instances/n10_test335.csv,167,false
/Users/Vanessa/git/BachelorThesis/rust/../instances/n10_test336.csv,166,true
/Users/Vanessa/git/BachelorThesis/rust/../instances/n10_test337.csv,125,false
/Users/Vanessa/git/BachelorThesis/rust/../instances/n10_test338.csv,166,true
/Users/Vanessa/git/BachelorThesis/rust/../instances/n10_test339.csv,334,true
/Users/Vanessa/git/BachelorThesis/rust/../instances/n10_test34.csv,167,true
/Users/Vanessa/git/BachelorThesis/rust/../instances/n10_test340.csv,166,false
/Users/Vanessa/git/BachelorThesis/rust/../instances/n10_test341.csv,166,true
/Users/Vanessa/git/BachelorThesis/rust/../instances/n10_test342.csv,167,true
/Users/Vanessa/git/BachelorThesis/rust/../instances/n10_test343.csv,292,false
/Users/Vanessa/git/BachelorThesis/rust/../instances/n10_test344.csv,167,false
/Users/Vanessa/git/BachelorThesis/rust/../instances/n10_test345.csv,166,false
/Users/Vanessa/git/BachelorThesis/rust/../instances/n10_test346.csv,2125,false
/Users/Vanessa/git/BachelorThesis/rust/../instances/n10_test347.csv,292,true
/Users/Vanessa/git/BachelorThesis/rust/../instances/n10_test348.csv,167,true
/Users/Vanessa/git/BachelorThesis/rust/../instances/n10_test349.csv,166,true
/Users/Vanessa/git/BachelorThesis/rust/../instances/n10_test35.csv,28916,false
/Users/Vanessa/git/BachelorThesis/rust/../instances/n10_test350.csv,167,true
/Users/Vanessa/git/BachelorThesis/rust/../instances/n10_test351.csv,167,false
/Users/Vanessa/git/BachelorThesis/rust/../instances/n10_test352.csv,167,true
/Users/Vanessa/git/BachelorThesis/rust/../instances/n10_test353.csv,167,true
/Users/Vanessa/git/BachelorThesis/rust/../instances/n10_test354.csv,167,true
/Users/Vanessa/git/BachelorThesis/rust/../instances/n10_test355.csv,291,true
/Users/Vanessa/git/BachelorThesis/rust/../instances/n10_test356.csv,166,false
/Users/Vanessa/git/BachelorThesis/rust/../instances/n10_test357.csv,2125,false
/Users/Vanessa/git/BachelorThesis/rust/../instances/n10_test358.csv,166,true
/Users/Vanessa/git/BachelorThesis/rust/../instances/n10_test359.csv,167,true
/Users/Vanessa/git/BachelorThesis/rust/../instances/n10_test36.csv,209,true
/Users/Vanessa/git/BachelorThesis/rust/../instances/n10_test360.csv,333,true
/Users/Vanessa/git/BachelorThesis/rust/../instances/n10_test361.csv,167,false
/Users/Vanessa/git/BachelorThesis/rust/../instances/n10_test362.csv,2125,false
/Users/Vanessa/git/BachelorThesis/rust/../instances/n10_test363.csv,2125,false
/Users/Vanessa/git/BachelorThesis/rust/../instances/n10_test364.csv,125,true
/Users/Vanessa/git/BachelorThesis/rust/../instances/n10_test365.csv,167,false
/Users/Vanessa/git/BachelorThesis/rust/../instances/n10_test366.csv,209,true
/Users/Vanessa/git/BachelorThesis/rust/../instances/n10_test367.csv,167,false
/Users/Vanessa/git/BachelorThesis/rust/../instances/n10_test368.csv,166,true
/Users/Vanessa/git/BachelorThesis/rust/../instances/n10_test369.csv,2125,false
/Users/Vanessa/git/BachelorThesis/rust/../instances/n10_test37.csv,167,false
/Users/Vanessa/git/BachelorThesis/rust/../instances/n10_test370.csv,2125,false
/Users/Vanessa/git/BachelorThesis/rust/../instances/n10_test371.csv,208,true
/Users/Vanessa/git/BachelorThesis/rust/../instances/n10_test372.csv,2125,false
/Users/Vanessa/git/BachelorThesis/rust/../instances/n10_test373.csv,208,false
/Users/Vanessa/git/BachelorThesis/rust/../instances/n10_test374.csv,2166,false
/Users/Vanessa/git/BachelorThesis/rust/../instances/n10_test375.csv,2125,false
/Users/Vanessa/git/BachelorThesis/rust/../instances/n10_test376.csv,209,true
/Users/Vanessa/git/BachelorThesis/rust/../instances/n10_test377.csv,166,true
/Users/Vanessa/git/BachelorThesis/rust/../instances/n10_test378.csv,208,false
/Users/Vanessa/git/BachelorThesis/rust/../instances/n10_test379.csv,209,true
/Users/Vanessa/git/BachelorThesis/rust/../instances/n10_test38.csv,166,false
/Users/Vanessa/git/BachelorThesis/rust/../instances/n10_test380.csv,166,true
/Users/Vanessa/git/BachelorThesis/rust/../instances/n10_test381.csv,167,false
/Users/Vanessa/git/BachelorThesis/rust/../instances/n10_test382.csv,167,true
/Users/Vanessa/git/BachelorThesis/rust/../instances/n10_test383.csv,2125,false
/Users/Vanessa/git/BachelorThesis/rust/../instances/n10_test384.csv,292,true
/Users/Vanessa/git/BachelorThesis/rust/../instances/n10_test385.csv,125,false
/Users/Vanessa/git/BachelorThesis/rust/../instances/n10_test386.csv,167,false
/Users/Vanessa/git/BachelorThesis/rust/../instances/n10_test387.csv,166,false
/Users/Vanessa/git/BachelorThesis/rust/../instances/n10_test388.csv,167,true
/Users/Vanessa/git/BachelorThesis/rust/../instances/n10_test389.csv,167,false
/Users/Vanessa/git/BachelorThesis/rust/../instances/n10_test39.csv,167,false
/Users/Vanessa/git/BachelorThesis/rust/../instances/n10_test390.csv,166,true
/Users/Vanessa/git/BachelorThesis/rust/../instances/n10_test391.csv,167,false
/Users/Vanessa/git/BachelorThesis/rust/../instances/n10_test392.csv,292,true
/Users/Vanessa/git/BachelorThesis/rust/../instances/n10_test393.csv,167,false
/Users/Vanessa/git/BachelorThesis/rust/../instances/n10_test394.csv,167,true
/Users/Vanessa/git/BachelorThesis/rust/../instances/n10_test395.csv,167,false
/Users/Vanessa/git/BachelorThesis/rust/../instances/n10_test396.csv,167,true
/Users/Vanessa/git/BachelorThesis/rust/../instances/n10_test397.csv,167,true
/Users/Vanessa/git/BachelorThesis/rust/../instances/n10_test398.csv,292,false
/Users/Vanessa/git/BachelorThesis/rust/../instances/n10_test399.csv,167,true
/Users/Vanessa/git/BachelorThesis/rust/../instances/n10_test4.csv,2167,false
/Users/Vanessa/git/BachelorThesis/rust/../instances/n10_test40.csv,167,true
/Users/Vanessa/git/BachelorThesis/rust/../instances/n10_test400.csv,167,false
/Users/Vanessa/git/BachelorThesis/rust/../instances/n10_test401.csv,208,true
/Users/Vanessa/git/BachelorThesis/rust/../instances/n10_test402.csv,167,true
/Users/Vanessa/git/BachelorThesis/rust/../instances/n10_test403.csv,292,true
/Users/Vanessa/git/BachelorThesis/rust/../instances/n10_test404.csv,2167,false
/Users/Vanessa/git/BachelorThesis/rust/../instances/n10_test405.csv,250,false
/Users/Vanessa/git/BachelorThesis/rust/../instances/n10_test406.csv,2125,false
/Users/Vanessa/git/BachelorThesis/rust/../instances/n10_test407.csv,2125,false
/Users/Vanessa/git/BachelorThesis/rust/../instances/n10_test408.csv,209,true
/Users/Vanessa/git/BachelorThesis/rust/../instances/n10_test409.csv,208,false
/Users/Vanessa/git/BachelorThesis/rust/../instances/n10_test41.csv,2166,false
/Users/Vanessa/git/BachelorThesis/rust/../instances/n10_test410.csv,208,true
/Users/Vanessa/git/BachelorThesis/rust/../instances/n10_test411.csv,167,false
/Users/Vanessa/git/BachelorThesis/rust/../instances/n10_test412.csv,292,false
/Users/Vanessa/git/BachelorThesis/rust/../instances/n10_test413.csv,167,false
/Users/Vanessa/git/BachelorThesis/rust/../instances/n10_test414.csv,166,false
/Users/Vanessa/git/BachelorThesis/rust/../instances/n10_test415.csv,166,true
/Users/Vanessa/git/BachelorThesis/rust/../instances/n10_test416.csv,167,true
/Users/Vanessa/git/BachelorThesis/rust/../instances/n10_test417.csv,167,true
/Users/Vanessa/git/BachelorThesis/rust/../instances/n10_test418.csv,2125,false
/Users/Vanessa/git/BachelorThesis/rust/../instances/n10_test419.csv,166,false
/Users/Vanessa/git/BachelorThesis/rust/../instances/n10_test42.csv,167,true
/Users/Vanessa/git/BachelorThesis/rust/../instances/n10_test420.csv,167,false
/Users/Vanessa/git/BachelorThesis/rust/../instances/n10_test421.csv,167,false
/Users/Vanessa/git/BachelorThesis/rust/../instances/n10_test422.csv,166,true
/Users/Vanessa/git/BachelorThesis/rust/../instances/n10_test423.csv,167,true
/Users/Vanessa/git/BachelorThesis/rust/../instances/n10_test424.csv,2166,false
/Users/Vanessa/git/BachelorThesis/rust/../instances/n10_test425.csv,167,false
/Users/Vanessa/git/BachelorThesis/rust/../instances/n10_test426.csv,208,true
/Users/Vanessa/git/BachelorThesis/rust/../instances/n10_test427.csv,166,true
/Users/Vanessa/git/BachelorThesis/rust/../instances/n10_test428.csv,166,true
/Users/Vanessa/git/BachelorThesis/rust/../instances/n10_test429.csv,167,true
/Users/Vanessa/git/BachelorThesis/rust/../instances/n10_test43.csv,167,true
/Users/Vanessa/git/BachelorThesis/rust/../instances/n10_test430.csv,834,true
/Users/Vanessa/git/BachelorThesis/rust/../instances/n10_test431.csv,166,false
/Users/Vanessa/git/BachelorThesis/rust/../instances/n10_test432.csv,167,true
/Users/Vanessa/git/BachelorThesis/rust/../instances/n10_test433.csv,167,false
/Users/Vanessa/git/BachelorThesis/rust/../instances/n10_test434.csv,292,true
/Users/Vanessa/git/BachelorThesis/rust/../instances/n10_test435.csv,2125,false
/Users/Vanessa/git/BachelorThesis/rust/../instances/n10_test436.csv,166,false
/Users/Vanessa/git/BachelorThesis/rust/../instances/n10_test437.csv,166,false
/Users/Vanessa/git/BachelorThesis/rust/../instances/n10_test438.csv,166,true
/Users/Vanessa/git/BachelorThesis/rust/../instances/n10_test439.csv,167,true
/Users/Vanessa/git/BachelorThesis/rust/../instances/n10_test44.csv,2167,false
/Users/Vanessa/git/BachelorThesis/rust/../instances/n10_test440.csv,166,true
/Users/Vanessa/git/BachelorThesis/rust/../instances/n10_test441.csv,167,false
/Users/Vanessa/git/BachelorThesis/rust/../instances/n10_test442.csv,167,true
/Users/Vanessa/git/BachelorThesis/rust/../instances/n10_test443.csv,208,false
/Users/Vanessa/git/BachelorThesis/rust/../instances/n10_test444.csv,291,true
/Users/Vanessa/git/BachelorThesis/rust/../instances/n10_test445.csv,292,false
/Users/Vanessa/git/BachelorThesis/rust/../instances/n10_test446.csv,208,true
/Users/Vanessa/git/BachelorThesis/rust/../instances/n10_test447.csv,167,false
/Users/Vanessa/git/BachelorThesis/rust/../instances/n10_test448.csv,166,false
/Users/Vanessa/git/BachelorThesis/rust/../instances/n10_test449.csv,416,false
/Users/Vanessa/git/BachelorThesis/rust/../instances/n10_test45.csv,291,true
/Users/Vanessa/git/BachelorThesis/rust/../instances/n10_test450.csv,2125,false
/Users/Vanessa/git/BachelorThesis/rust/../instances/n10_test451.csv,333,false
/Users/Vanessa/git/BachelorThesis/rust/../instances/n10_test452.csv,209,false
/Users/Vanessa/git/BachelorThesis/rust/../instances/n10_test453.csv,292,false
/Users/Vanessa/git/BachelorThesis/rust/../instances/n10_test454.csv,2125,false
/Users/Vanessa/git/BachelorThesis/rust/../instances/n10_test455.csv,166,true
/Users/Vanessa/git/BachelorThesis/rust/../instances/n10_test456.csv,166,true
/Users/Vanessa/git/BachelorThesis/rust/../instances/n10_test457.csv,250,true
/Users/Vanessa/git/BachelorThesis/rust/../instances/n10_test458.csv,209,false
/Users/Vanessa/git/BachelorThesis/rust/../instances/n10_test459.csv,208,true
/Users/Vanessa/git/BachelorThesis/rust/../instances/n10_test46.csv,167,true
/Users/Vanessa/git/BachelorThesis/rust/../instances/n10_test460.csv,167,false
/Users/Vanessa/git/BachelorThesis/rust/../instances/n10_test461.csv,167,true
/Users/Vanessa/git/BachelorThesis/rust/../instances/n10_test462.csv,2125,false
/Users/Vanessa/git/BachelorThesis/rust/../instances/n10_test463.csv,208,false
/Users/Vanessa/git/BachelorThesis/rust/../instances/n10_test464.csv,292,false
/Users/Vanessa/git/BachelorThesis/rust/../instances/n10_test465.csv,166,false
/Users/Vanessa/git/BachelorThesis/rust/../instances/n10_test466.csv,292,true
/Users/Vanessa/git/BachelorThesis/rust/../instances/n10_test467.csv,166,true
/Users/Vanessa/git/BachelorThesis/rust/../instances/n10_test468.csv,167,true
/Users/Vanessa/git/BachelorThesis/rust/../instances/n10_test469.csv,167,false
/Users/Vanessa/git/BachelorThesis/rust/../instances/n10_test47.csv,625,true
/Users/Vanessa/git/BachelorThesis/rust/../instances/n10_test470.csv,166,false
/Users/Vanessa/git/BachelorThesis/rust/../instances/n10_test471.csv,166,true
/Users/Vanessa/git/BachelorThesis/rust/../instances/n10_test472.csv,167,true
/Users/Vanessa/git/BachelorThesis/rust/../instances/n10_test473.csv,167,false
/Users/Vanessa/git/BachelorThesis/rust/../instances/n10_test474.csv,166,true
/Users/Vanessa/git/BachelorThesis/rust/../instances/n10_test475.csv,166,false
/Users/Vanessa/git/BachelorThesis/rust/../instances/n10_test476.csv,167,false
/Users/Vanessa/git/BachelorThesis/rust/../instances/n10_test477.csv,167,false
/Users/Vanessa/git/BachelorThesis/rust/../instances/n10_test478.csv,125,true
/Users/Vanessa/git/BachelorThesis/rust/../instances/n10_test479.csv,167,false
/Users/Vanessa/git/BachelorThesis/rust/../instances/n10_test48.csv,166,false
/Users/Vanessa/git/BachelorThesis/rust/../instances/n10_test480.csv,167,false
/Users/Vanessa/git/BachelorThesis/rust/../instances/n10_test481.csv,166,true
/Users/Vanessa/git/BachelorThesis/rust/../instances/n10_test482.csv,166,false
/Users/Vanessa/git/BachelorThesis/rust/../instances/n10_test483.csv,167,false
/Users/Vanessa/git/BachelorThesis/rust/../instances/n10_test484.csv,166,true
/Users/Vanessa/git/BachelorThesis/rust/../instances/n10_test485.csv,167,true
/Users/Vanessa/git/BachelorThesis/rust/../instances/n10_test486.csv,166,false
/Users/Vanessa/git/BachelorThesis/rust/../instances/n10_test487.csv,166,false
/Users/Vanessa/git/BachelorThesis/rust/../instances/n10_test488.csv,167,true
/Users/Vanessa/git/BachelorThesis/rust/../instances/n10_test489.csv,167,true
/Users/Vanessa/git/BachelorThesis/rust/../instances/n10_test49.csv,167,true
/Users/Vanessa/git/BachelorThesis/rust/../instances/n10_test490.csv,166,true
/Users/Vanessa/git/BachelorThesis/rust/../instances/n10_test491.csv,167,true
/Users/Vanessa/git/BachelorThesis/rust/../instances/n10_test492.csv,167,true
/Users/Vanessa/git/BachelorThesis/rust/../instances/n10_test493.csv,167,true
/Users/Vanessa/git/BachelorThesis/rust/../instances/n10_test494.csv,2125,false
/Users/Vanessa/git/BachelorThesis/rust/../instances/n10_test495.csv,209,true
/Users/Vanessa/git/BachelorThesis/rust/../instances/n10_test496.csv,167,true
/Users/Vanessa/git/BachelorThesis/rust/../instances/n10_test497.csv,166,false
/Users/Vanessa/git/BachelorThesis/rust/../instances/n10_test498.csv,2125,false
/Users/Vanessa/git/BachelorThesis/rust/../instances/n10_test499.csv,292,true
/Users/Vanessa/git/BachelorThesis/rust/../instances/n10_test5.csv,208,false
/Users/Vanessa/git/BachelorThesis/rust/../instances/n10_test50.csv,208,true
/Users/Vanessa/git/BachelorThesis/rust/../instances/n10_test500.csv,167,true
/Users/Vanessa/git/BachelorThesis/rust/../instances/n10_test51.csv,167,false
/Users/Vanessa/git/BachelorThesis/rust/../instances/n10_test52.csv,167,true
/Users/Vanessa/git/BachelorThesis/rust/../instances/n10_test53.csv,166,true
/Users/Vanessa/git/BachelorThesis/rust/../instances/n10_test54.csv,250,true
/Users/Vanessa/git/BachelorThesis/rust/../instances/n10_test55.csv,166,false
/Users/Vanessa/git/BachelorThesis/rust/../instances/n10_test56.csv,333,true
/Users/Vanessa/git/BachelorThesis/rust/../instances/n10_test57.csv,167,false
/Users/Vanessa/git/BachelorThesis/rust/../instances/n10_test58.csv,167,false
/Users/Vanessa/git/BachelorThesis/rust/../instances/n10_test59.csv,459,false
/Users/Vanessa/git/BachelorThesis/rust/../instances/n10_test6.csv,125,true
/Users/Vanessa/git/BachelorThesis/rust/../instances/n10_test60.csv,250,false
/Users/Vanessa/git/BachelorThesis/rust/../instances/n10_test61.csv,209,true
/Users/Vanessa/git/BachelorThesis/rust/../instances/n10_test62.csv,291,false
/Users/Vanessa/git/BachelorThesis/rust/../instances/n10_test63.csv,2167,false
/Users/Vanessa/git/BachelorThesis/rust/../instances/n10_test64.csv,167,false
/Users/Vanessa/git/BachelorThesis/rust/../instances/n10_test65.csv,166,true
/Users/Vanessa/git/BachelorThesis/rust/../instances/n10_test66.csv,291,false
/Users/Vanessa/git/BachelorThesis/rust/../instances/n10_test67.csv,167,false
/Users/Vanessa/git/BachelorThesis/rust/../instances/n10_test68.csv,208,false
/Users/Vanessa/git/BachelorThesis/rust/../instances/n10_test69.csv,166,true
/Users/Vanessa/git/BachelorThesis/rust/../instances/n10_test7.csv,2209,false
/Users/Vanessa/git/BachelorThesis/rust/../instances/n10_test70.csv,292,true
/Users/Vanessa/git/BachelorThesis/rust/../instances/n10_test71.csv,208,false
/Users/Vanessa/git/BachelorThesis/rust/../instances/n10_test72.csv,167,true
/Users/Vanessa/git/BachelorThesis/rust/../instances/n10_test73.csv,166,true
/Users/Vanessa/git/BachelorThesis/rust/../instances/n10_test74.csv,167,false
/Users/Vanessa/git/BachelorThesis/rust/../instances/n10_test75.csv,167,true
/Users/Vanessa/git/BachelorThesis/rust/../instances/n10_test76.csv,2167,false
/Users/Vanessa/git/BachelorThesis/rust/../instances/n10_test77.csv,334,true
/Users/Vanessa/git/BachelorThesis/rust/../instances/n10_test78.csv,125,true
/Users/Vanessa/git/BachelorThesis/rust/../instances/n10_test79.csv,166,false
/Users/Vanessa/git/BachelorThesis/rust/../instances/n10_test8.csv,167,false
/Users/Vanessa/git/BachelorThesis/rust/../instances/n10_test80.csv,166,true
/Users/Vanessa/git/BachelorThesis/rust/../instances/n10_test81.csv,167,true
/Users/Vanessa/git/BachelorThesis/rust/../instances/n10_test82.csv,167,true
/Users/Vanessa/git/BachelorThesis/rust/../instances/n10_test83.csv,166,true
/Users/Vanessa/git/BachelorThesis/rust/../instances/n10_test84.csv,2167,false
/Users/Vanessa/git/BachelorThesis/rust/../instances/n10_test85.csv,2083,false
/Users/Vanessa/git/BachelorThesis/rust/../instances/n10_test86.csv,166,false
/Users/Vanessa/git/BachelorThesis/rust/../instances/n10_test87.csv,167,false
/Users/Vanessa/git/BachelorThesis/rust/../instances/n10_test88.csv,167,false
/Users/Vanessa/git/BachelorThesis/rust/../instances/n10_test89.csv,167,false
/Users/Vanessa/git/BachelorThesis/rust/../instances/n10_test9.csv,292,false
/Users/Vanessa/git/BachelorThesis/rust/../instances/n10_test90.csv,292,true
/Users/Vanessa/git/BachelorThesis/rust/../instances/n10_test91.csv,208,true
/Users/Vanessa/git/BachelorThesis/rust/../instances/n10_test92.csv,167,false
/Users/Vanessa/git/BachelorThesis/rust/../instances/n10_test93.csv,166,false
/Users/Vanessa/git/BachelorThesis/rust/../instances/n10_test94.csv,167,false
/Users/Vanessa/git/BachelorThesis/rust/../instances/n10_test95.csv,292,true
/Users/Vanessa/git/BachelorThesis/rust/../instances/n10_test96.csv,167,false
/Users/Vanessa/git/BachelorThesis/rust/../instances/n10_test97.csv,167,true
/Users/Vanessa/git/BachelorThesis/rust/../instances/n10_test98.csv,167,false
/Users/Vanessa/git/BachelorThesis/rust/../instances/n10_test99.csv,167,false
/Users/Vanessa/git/BachelorThesis/rust/../instances/n5000_test1.csv,46045542,true
/Users/Vanessa/git/BachelorThesis/rust/../instances/n5000_test10.csv,45997875,true
/Users/Vanessa/git/BachelorThesis/rust/../instances/n5000_test100.csv,45477084,true
/Users/Vanessa/git/BachelorThesis/rust/../instances/n5000_test101.csv,46109292,false
/Users/Vanessa/git/BachelorThesis/rust/../instances/n5000_test102.csv,45769250,false
/Users/Vanessa/git/BachelorThesis/rust/../instances/n5000_test103.csv,47360083,true
/Users/Vanessa/git/BachelorThesis/rust/../instances/n5000_test104.csv,46059125,false
/Users/Vanessa/git/BachelorThesis/rust/../instances/n5000_test105.csv,46053166,false
/Users/Vanessa/git/BachelorThesis/rust/../instances/n5000_test106.csv,46030250,true
/Users/Vanessa/git/BachelorThesis/rust/../instances/n5000_test107.csv,46092583,false
/Users/Vanessa/git/BachelorThesis/rust/../instances/n5000_test108.csv,47747709,false
/Users/Vanessa/git/BachelorThesis/rust/../instances/n5000_test109.csv,47128458,true
/Users/Vanessa/git/BachelorThesis/rust/../instances/n5000_test11.csv,46071875,true
/Users/Vanessa/git/BachelorThesis/rust/../instances/n5000_test110.csv,46592958,true
/Users/Vanessa/git/BachelorThesis/rust/../instances/n5000_test111.csv,55165625,true
/Users/Vanessa/git/BachelorThesis/rust/../instances/n5000_test112.csv,54882000,false
/Users/Vanessa/git/BachelorThesis/rust/../instances/n5000_test113.csv,56052916,true
/Users/Vanessa/git/BachelorThesis/rust/../instances/n5000_test114.csv,51615375,true
/Users/Vanessa/git/BachelorThesis/rust/../instances/n5000_test115.csv,51452500,false
/Users/Vanessa/git/BachelorThesis/rust/../instances/n5000_test116.csv,51523583,true
/Users/Vanessa/git/BachelorThesis/rust/../instances/n5000_test117.csv,52533041,false
/Users/Vanessa/git/BachelorThesis/rust/../instances/n5000_test118.csv,50519791,true
/Users/Vanessa/git/BachelorThesis/rust/../instances/n5000_test119.csv,49495292,false
/Users/Vanessa/git/BachelorThesis/rust/../instances/n5000_test12.csv,49511750,true
/Users/Vanessa/git/BachelorThesis/rust/../instances/n5000_test120.csv,47806167,true
/Users/Vanessa/git/BachelorThesis/rust/../instances/n5000_test121.csv,51436250,true
/Users/Vanessa/git/BachelorThesis/rust/../instances/n5000_test122.csv,49545917,false
/Users/Vanessa/git/BachelorThesis/rust/../instances/n5000_test123.csv,49567083,false
/Users/Vanessa/git/BachelorThesis/rust/../instances/n5000_test124.csv,47709917,false
/Users/Vanessa/git/BachelorThesis/rust/../instances/n5000_test125.csv,47686959,true
/Users/Vanessa/git/BachelorThesis/rust/../instances/n5000_test126.csv,47684208,false
/Users/Vanessa/git/BachelorThesis/rust/../instances/n5000_test127.csv,49622792,true
/Users/Vanessa/git/BachelorThesis/rust/../instances/n5000_test128.csv,48873500,false
/Users/Vanessa/git/BachelorThesis/rust/../instances/n5000_test129.csv,47874875,false
/Users/Vanessa/git/BachelorThesis/rust/../instances/n5000_test13.csv,48335667,true
/Users/Vanessa/git/BachelorThesis/rust/../instances/n5000_test130.csv,49414542,true
/Users/Vanessa/git/BachelorThesis/rust/../instances/n5000_test131.csv,49415041,false
/Users/Vanessa/git/BachelorThesis/rust/../instances/n5000_test132.csv,47692375,false
/Users/Vanessa/git/BachelorThesis/rust/../instances/n5000_test133.csv,49568000,true
/Users/Vanessa/git/BachelorThesis/rust/../instances/n5000_test134.csv,48368917,true
/Users/Vanessa/git/BachelorThesis/rust/../instances/n5000_test135.csv,52267250,false
/Users/Vanessa/git/BachelorThesis/rust/../instances/n5000_test136.csv,49437542,false
/Users/Vanessa/git/BachelorThesis/rust/../instances/n5000_test137.csv,49729208,false
/Users/Vanessa/git/BachelorThesis/rust/../instances/n5000_test138.csv,62127000,true
/Users/Vanessa/git/BachelorThesis/rust/../instances/n5000_test139.csv,61407792,false
/Users/Vanessa/git/BachelorThesis/rust/../instances/n5000_test14.csv,57578250,true
/Users/Vanessa/git/BachelorThesis/rust/../instances/n5000_test140.csv,102873833,true
/Users/Vanessa/git/BachelorThesis/rust/../instances/n5000_test141.csv,49309167,false
/Users/Vanessa/git/BachelorThesis/rust/../instances/n5000_test142.csv,51447750,true
/Users/Vanessa/git/BachelorThesis/rust/../instances/n5000_test143.csv,49309833,true
/Users/Vanessa/git/BachelorThesis/rust/../instances/n5000_test144.csv,49285375,false
/Users/Vanessa/git/BachelorThesis/rust/../instances/n5000_test145.csv,98579917,false
/Users/Vanessa/git/BachelorThesis/rust/../instances/n5000_test146.csv,49722000,false
/Users/Vanessa/git/BachelorThesis/rust/../instances/n5000_test147.csv,49383625,false
/Users/Vanessa/git/BachelorThesis/rust/../instances/n5000_test148.csv,49303750,false
/Users/Vanessa/git/BachelorThesis/rust/../instances/n5000_test149.csv,48596875,true
/Users/Vanessa/git/BachelorThesis/rust/../instances/n5000_test15.csv,47597417,false
/Users/Vanessa/git/BachelorThesis/rust/../instances/n5000_test150.csv,47594041,true
/Users/Vanessa/git/BachelorThesis/rust/../instances/n5000_test151.csv,49295958,true
/Users/Vanessa/git/BachelorThesis/rust/../instances/n5000_test152.csv,47613125,false
/Users/Vanessa/git/BachelorThesis/rust/../instances/n5000_test153.csv,47566500,true
/Users/Vanessa/git/BachelorThesis/rust/../instances/n5000_test154.csv,47612916,false
/Users/Vanessa/git/BachelorThesis/rust/../instances/n5000_test155.csv,47894292,true
/Users/Vanessa/git/BachelorThesis/rust/../instances/n5000_test156.csv,48224834,true
/Users/Vanessa/git/BachelorThesis/rust/../instances/n5000_test157.csv,47869167,true
/Users/Vanessa/git/BachelorThesis/rust/../instances/n5000_test158.csv,48735292,false
/Users/Vanessa/git/BachelorThesis/rust/../instances/n5000_test159.csv,47676333,false
/Users/Vanessa/git/BachelorThesis/rust/../instances/n5000_test16.csv,64976500,true
/Users/Vanessa/git/BachelorThesis/rust/../instances/n5000_test160.csv,51430000,false
/Users/Vanessa/git/BachelorThesis/rust/../instances/n5000_test161.csv,51433834,false
/Users/Vanessa/git/BachelorThesis/rust/../instances/n5000_test162.csv,49299583,true
/Users/Vanessa/git/BachelorThesis/rust/../instances/n5000_test163.csv,47555583,true
/Users/Vanessa/git/BachelorThesis/rust/../instances/n5000_test164.csv,47554708,true
/Users/Vanessa/git/BachelorThesis/rust/../instances/n5000_test165.csv,47689167,false
/Users/Vanessa/git/BachelorThesis/rust/../instances/n5000_test166.csv,47622958,true
/Users/Vanessa/git/BachelorThesis/rust/../instances/n5000_test167.csv,48175250,true
/Users/Vanessa/git/BachelorThesis/rust/../instances/n5000_test168.csv,47587167,true
/Users/Vanessa/git/BachelorThesis/rust/../instances/n5000_test169.csv,49187125,false
/Users/Vanessa/git/BachelorThesis/rust/../instances/n5000_test17.csv,47587333,true
/Users/Vanessa/git/BachelorThesis/rust/../instances/n5000_test170.csv,47621875,true
/Users/Vanessa/git/BachelorThesis/rust/../instances/n5000_test171.csv,47546875,true
/Users/Vanessa/git/BachelorThesis/rust/../instances/n5000_test172.csv,47567917,false
/Users/Vanessa/git/BachelorThesis/rust/../instances/n5000_test173.csv,47614667,true
/Users/Vanessa/git/BachelorThesis/rust/../instances/n5000_test174.csv,49327875,false
/Users/Vanessa/git/BachelorThesis/rust/../instances/n5000_test175.csv,47637333,true
/Users/Vanessa/git/BachelorThesis/rust/../instances/n5000_test176.csv,47838959,true
/Users/Vanessa/git/BachelorThesis/rust/../instances/n5000_test177.csv,95050417,true
/Users/Vanessa/git/BachelorThesis/rust/../instances/n5000_test178.csv,46683541,true
/Users/Vanessa/git/BachelorThesis/rust/../instances/n5000_test179.csv,47387625,true
/Users/Vanessa/git/BachelorThesis/rust/../instances/n5000_test18.csv,46573583,false
/Users/Vanessa/git/BachelorThesis/rust/../instances/n5000_test180.csv,47661542,true
/Users/Vanessa/git/BachelorThesis/rust/../instances/n5000_test181.csv,47543041,false
/Users/Vanessa/git/BachelorThesis/rust/../instances/n5000_test182.csv,49988375,true
/Users/Vanessa/git/BachelorThesis/rust/../instances/n5000_test183.csv,85953375,false
/Users/Vanessa/git/BachelorThesis/rust/../instances/n5000_test184.csv,49183708,true
/Users/Vanessa/git/BachelorThesis/rust/../instances/n5000_test185.csv,47601292,false
/Users/Vanessa/git/BachelorThesis/rust/../instances/n5000_test186.csv,47581209,true
/Users/Vanessa/git/BachelorThesis/rust/../instances/n5000_test187.csv,47938584,false
/Users/Vanessa/git/BachelorThesis/rust/../instances/n5000_test188.csv,47734042,true
/Users/Vanessa/git/BachelorThesis/rust/../instances/n5000_test189.csv,47586791,true
/Users/Vanessa/git/BachelorThesis/rust/../instances/n5000_test19.csv,47986834,true
/Users/Vanessa/git/BachelorThesis/rust/../instances/n5000_test190.csv,47530791,false
/Users/Vanessa/git/BachelorThesis/rust/../instances/n5000_test191.csv,46615709,false
/Users/Vanessa/git/BachelorThesis/rust/../instances/n5000_test192.csv,46087958,true
/Users/Vanessa/git/BachelorThesis/rust/../instances/n5000_test193.csv,46351958,false
/Users/Vanessa/git/BachelorThesis/rust/../instances/n5000_test194.csv,46127625,false
/Users/Vanessa/git/BachelorThesis/rust/../instances/n5000_test195.csv,47666459,true
/Users/Vanessa/git/BachelorThesis/rust/../instances/n5000_test196.csv,46719584,false
/Users/Vanessa/git/BachelorThesis/rust/../instances/n5000_test197.csv,47581791,false
/Users/Vanessa/git/BachelorThesis/rust/../instances/n5000_test198.csv,47552958,true
/Users/Vanessa/git/BachelorThesis/rust/../instances/n5000_test199.csv,46702750,false
/Users/Vanessa/git/BachelorThesis/rust/../instances/n5000_test2.csv,46039250,true
/Users/Vanessa/git/BachelorThesis/rust/../instances/n5000_test20.csv,46017500,false
/Users/Vanessa/git/BachelorThesis/rust/../instances/n5000_test200.csv,48472541,false
/Users/Vanessa/git/BachelorThesis/rust/../instances/n5000_test201.csv,47600584,true
/Users/Vanessa/git/BachelorThesis/rust/../instances/n5000_test202.csv,47627875,false
/Users/Vanessa/git/BachelorThesis/rust/../instances/n5000_test203.csv,47131500,true
/Users/Vanessa/git/BachelorThesis/rust/../instances/n5000_test204.csv,45938542,true
/Users/Vanessa/git/BachelorThesis/rust/../instances/n5000_test205.csv,45995208,true
/Users/Vanessa/git/BachelorThesis/rust/../instances/n5000_test206.csv,46096917,false
/Users/Vanessa/git/BachelorThesis/rust/../instances/n5000_test207.csv,45907209,false
/Users/Vanessa/git/BachelorThesis/rust/../instances/n5000_test208.csv,45971500,true
/Users/Vanessa/git/BachelorThesis/rust/../instances/n5000_test209.csv,45981042,false
/Users/Vanessa/git/BachelorThesis/rust/../instances/n5000_test21.csv,45938292,true
/Users/Vanessa/git/BachelorThesis/rust/../instances/n5000_test210.csv,47535584,false
/Users/Vanessa/git/BachelorThesis/rust/../instances/n5000_test211.csv,47363959,true
/Users/Vanessa/git/BachelorThesis/rust/../instances/n5000_test212.csv,46045375,true
/Users/Vanessa/git/BachelorThesis/rust/../instances/n5000_test213.csv,46031833,true
/Users/Vanessa/git/BachelorThesis/rust/../instances/n5000_test214.csv,45947125,false
/Users/Vanessa/git/BachelorThesis/rust/../instances/n5000_test215.csv,47555791,true
/Users/Vanessa/git/BachelorThesis/rust/../instances/n5000_test216.csv,47531500,false
/Users/Vanessa/git/BachelorThesis/rust/../instances/n5000_test217.csv,47118500,true
/Users/Vanessa/git/BachelorThesis/rust/../instances/n5000_test218.csv,77721375,true
/Users/Vanessa/git/BachelorThesis/rust/../instances/n5000_test219.csv,51822375,true
/Users/Vanessa/git/BachelorThesis/rust/../instances/n5000_test22.csv,49472166,false
/Users/Vanessa/git/BachelorThesis/rust/../instances/n5000_test220.csv,47784125,false
/Users/Vanessa/git/BachelorThesis/rust/../instances/n5000_test221.csv,47543083,true
/Users/Vanessa/git/BachelorThesis/rust/../instances/n5000_test222.csv,46048834,false
/Users/Vanessa/git/BachelorThesis/rust/../instances/n5000_test223.csv,47784708,true
/Users/Vanessa/git/BachelorThesis/rust/../instances/n5000_test224.csv,49379208,true
/Users/Vanessa/git/BachelorThesis/rust/../instances/n5000_test225.csv,47580833,true
/Users/Vanessa/git/BachelorThesis/rust/../instances/n5000_test226.csv,47687292,true
/Users/Vanessa/git/BachelorThesis/rust/../instances/n5000_test227.csv,46037708,true
/Users/Vanessa/git/BachelorThesis/rust/../instances/n5000_test228.csv,46098041,false
/Users/Vanessa/git/BachelorThesis/rust/../instances/n5000_test229.csv,48350083,true
/Users/Vanessa/git/BachelorThesis/rust/../instances/n5000_test23.csv,47736458,true
/Users/Vanessa/git/BachelorThesis/rust/../instances/n5000_test230.csv,47609667,false
/Users/Vanessa/git/BachelorThesis/rust/../instances/n5000_test231.csv,46416125,false
/Users/Vanessa/git/BachelorThesis/rust/../instances/n5000_test232.csv,46070167,true
/Users/Vanessa/git/BachelorThesis/rust/../instances/n5000_test233.csv,46033708,false
/Users/Vanessa/git/BachelorThesis/rust/../instances/n5000_test234.csv,46024666,true
/Users/Vanessa/git/BachelorThesis/rust/../instances/n5000_test235.csv,46037292,true
/Users/Vanessa/git/BachelorThesis/rust/../instances/n5000_test236.csv,46026542,false
/Users/Vanessa/git/BachelorThesis/rust/../instances/n5000_test237.csv,46027041,true
/Users/Vanessa/git/BachelorThesis/rust/../instances/n5000_test238.csv,46118541,false
/Users/Vanessa/git/BachelorThesis/rust/../instances/n5000_test239.csv,47627500,false
/Users/Vanessa/git/BachelorThesis/rust/../instances/n5000_test24.csv,47247708,false
/Users/Vanessa/git/BachelorThesis/rust/../instances/n5000_test240.csv,46058833,false
/Users/Vanessa/git/BachelorThesis/rust/../instances/n5000_test241.csv,46038084,true
/Users/Vanessa/git/BachelorThesis/rust/../instances/n5000_test242.csv,46114291,false
/Users/Vanessa/git/BachelorThesis/rust/../instances/n5000_test243.csv,47706334,false
/Users/Vanessa/git/BachelorThesis/rust/../instances/n5000_test244.csv,47747833,false
/Users/Vanessa/git/BachelorThesis/rust/../instances/n5000_test245.csv,46969917,true
/Users/Vanessa/git/BachelorThesis/rust/../instances/n5000_test246.csv,46330750,true
/Users/Vanessa/git/BachelorThesis/rust/../instances/n5000_test247.csv,46189208,false
/Users/Vanessa/git/BachelorThesis/rust/../instances/n5000_test248.csv,46114625,true
/Users/Vanessa/git/BachelorThesis/rust/../instances/n5000_test249.csv,46274584,false
/Users/Vanessa/git/BachelorThesis/rust/../instances/n5000_test25.csv,49759375,true
/Users/Vanessa/git/BachelorThesis/rust/../instances/n5000_test250.csv,53354500,false
/Users/Vanessa/git/BachelorThesis/rust/../instances/n5000_test251.csv,54530875,false
/Users/Vanessa/git/BachelorThesis/rust/../instances/n5000_test252.csv,54576542,false
/Users/Vanessa/git/BachelorThesis/rust/../instances/n5000_test253.csv,51370875,false
/Users/Vanessa/git/BachelorThesis/rust/../instances/n5000_test254.csv,49311250,false
/Users/Vanessa/git/BachelorThesis/rust/../instances/n5000_test255.csv,49313584,true
/Users/Vanessa/git/BachelorThesis/rust/../instances/n5000_test256.csv,49344042,false
/Users/Vanessa/git/BachelorThesis/rust/../instances/n5000_test257.csv,49899042,false
/Users/Vanessa/git/BachelorThesis/rust/../instances/n5000_test258.csv,49591292,true
/Users/Vanessa/git/BachelorThesis/rust/../instances/n5000_test259.csv,49329541,false
/Users/Vanessa/git/BachelorThesis/rust/../instances/n5000_test26.csv,47667166,false
/Users/Vanessa/git/BachelorThesis/rust/../instances/n5000_test260.csv,47578417,true
/Users/Vanessa/git/BachelorThesis/rust/../instances/n5000_test261.csv,52120875,true
/Users/Vanessa/git/BachelorThesis/rust/../instances/n5000_test262.csv,53226458,false
/Users/Vanessa/git/BachelorThesis/rust/../instances/n5000_test263.csv,54154291,true
/Users/Vanessa/git/BachelorThesis/rust/../instances/n5000_test264.csv,50827500,true
/Users/Vanessa/git/BachelorThesis/rust/../instances/n5000_test265.csv,54506416,true
/Users/Vanessa/git/BachelorThesis/rust/../instances/n5000_test266.csv,54794583,false
/Users/Vanessa/git/BachelorThesis/rust/../instances/n5000_test267.csv,54025750,true
/Users/Vanessa/git/BachelorThesis/rust/../instances/n5000_test268.csv,54056959,false
/Users/Vanessa/git/BachelorThesis/rust/../instances/n5000_test269.csv,51440292,true
/Users/Vanessa/git/BachelorThesis/rust/../instances/n5000_test27.csv,51369875,false
/Users/Vanessa/git/BachelorThesis/rust/../instances/n5000_test270.csv,49378250,false
/Users/Vanessa/git/BachelorThesis/rust/../instances/n5000_test271.csv,49326417,true
/Users/Vanessa/git/BachelorThesis/rust/../instances/n5000_test272.csv,47555125,false
/Users/Vanessa/git/BachelorThesis/rust/../instances/n5000_test273.csv,47533000,false
/Users/Vanessa/git/BachelorThesis/rust/../instances/n5000_test274.csv,47898500,false
/Users/Vanessa/git/BachelorThesis/rust/../instances/n5000_test275.csv,48026583,false
/Users/Vanessa/git/BachelorThesis/rust/../instances/n5000_test276.csv,47581125,false
/Users/Vanessa/git/BachelorThesis/rust/../instances/n5000_test277.csv,47574792,true
/Users/Vanessa/git/BachelorThesis/rust/../instances/n5000_test278.csv,47617084,false
/Users/Vanessa/git/BachelorThesis/rust/../instances/n5000_test279.csv,49391666,false
/Users/Vanessa/git/BachelorThesis/rust/../instances/n5000_test28.csv,47588500,true
/Users/Vanessa/git/BachelorThesis/rust/../instances/n5000_test280.csv,47662708,false
/Users/Vanessa/git/BachelorThesis/rust/../instances/n5000_test281.csv,47557125,true
/Users/Vanessa/git/BachelorThesis/rust/../instances/n5000_test282.csv,47634875,true
/Users/Vanessa/git/BachelorThesis/rust/../instances/n5000_test283.csv,48899708,false
/Users/Vanessa/git/BachelorThesis/rust/../instances/n5000_test284.csv,49281750,true
/Users/Vanessa/git/BachelorThesis/rust/../instances/n5000_test285.csv,49288000,false
/Users/Vanessa/git/BachelorThesis/rust/../instances/n5000_test286.csv,58756208,true
/Users/Vanessa/git/BachelorThesis/rust/../instances/n5000_test287.csv,49153208,false
/Users/Vanessa/git/BachelorThesis/rust/../instances/n5000_test288.csv,47574417,false
/Users/Vanessa/git/BachelorThesis/rust/../instances/n5000_test289.csv,47584500,true
/Users/Vanessa/git/BachelorThesis/rust/../instances/n5000_test29.csv,46615083,true
/Users/Vanessa/git/BachelorThesis/rust/../instances/n5000_test290.csv,47029375,false
/Users/Vanessa/git/BachelorThesis/rust/../instances/n5000_test291.csv,46615958,false
/Users/Vanessa/git/BachelorThesis/rust/../instances/n5000_test292.csv,47814958,false
/Users/Vanessa/git/BachelorThesis/rust/../instances/n5000_test293.csv,47541417,true
/Users/Vanessa/git/BachelorThesis/rust/../instances/n5000_test294.csv,47539875,false
/Users/Vanessa/git/BachelorThesis/rust/../instances/n5000_test295.csv,46899375,true
/Users/Vanessa/git/BachelorThesis/rust/../instances/n5000_test296.csv,46533416,false
/Users/Vanessa/git/BachelorThesis/rust/../instances/n5000_test297.csv,46491917,true
/Users/Vanessa/git/BachelorThesis/rust/../instances/n5000_test298.csv,48113250,false
/Users/Vanessa/git/BachelorThesis/rust/../instances/n5000_test299.csv,47587333,true
/Users/Vanessa/git/BachelorThesis/rust/../instances/n5000_test3.csv,47604542,false
/Users/Vanessa/git/BachelorThesis/rust/../instances/n5000_test30.csv,46792750,true
/Users/Vanessa/git/BachelorThesis/rust/../instances/n5000_test300.csv,45986667,true
/Users/Vanessa/git/BachelorThesis/rust/../instances/n5000_test301.csv,46375166,true
/Users/Vanessa/git/BachelorThesis/rust/../instances/n5000_test302.csv,46228875,true
/Users/Vanessa/git/BachelorThesis/rust/../instances/n5000_test303.csv,46126292,true
/Users/Vanessa/git/BachelorThesis/rust/../instances/n5000_test304.csv,46000708,false
/Users/Vanessa/git/BachelorThesis/rust/../instances/n5000_test305.csv,45999083,true
/Users/Vanessa/git/BachelorThesis/rust/../instances/n5000_test306.csv,48490583,false
/Users/Vanessa/git/BachelorThesis/rust/../instances/n5000_test307.csv,49278375,true
/Users/Vanessa/git/BachelorThesis/rust/../instances/n5000_test308.csv,83018667,true
/Users/Vanessa/git/BachelorThesis/rust/../instances/n5000_test309.csv,47603958,false
/Users/Vanessa/git/BachelorThesis/rust/../instances/n5000_test31.csv,47575458,false
/Users/Vanessa/git/BachelorThesis/rust/../instances/n5000_test310.csv,49256834,true
/Users/Vanessa/git/BachelorThesis/rust/../instances/n5000_test311.csv,49318958,false
/Users/Vanessa/git/BachelorThesis/rust/../instances/n5000_test312.csv,47609917,false
/Users/Vanessa/git/BachelorThesis/rust/../instances/n5000_test313.csv,47550333,true
/Users/Vanessa/git/BachelorThesis/rust/../instances/n5000_test314.csv,46270625,true
/Users/Vanessa/git/BachelorThesis/rust/../instances/n5000_test315.csv,46040000,true
/Users/Vanessa/git/BachelorThesis/rust/../instances/n5000_test316.csv,45941417,false
/Users/Vanessa/git/BachelorThesis/rust/../instances/n5000_test317.csv,46080291,true
/Users/Vanessa/git/BachelorThesis/rust/../instances/n5000_test318.csv,49502333,false
/Users/Vanessa/git/BachelorThesis/rust/../instances/n5000_test319.csv,51479750,false
/Users/Vanessa/git/BachelorThesis/rust/../instances/n5000_test32.csv,61676125,false
/Users/Vanessa/git/BachelorThesis/rust/../instances/n5000_test320.csv,54948917,false
/Users/Vanessa/git/BachelorThesis/rust/../instances/n5000_test321.csv,53844833,false
/Users/Vanessa/git/BachelorThesis/rust/../instances/n5000_test322.csv,55464000,true
/Users/Vanessa/git/BachelorThesis/rust/../instances/n5000_test323.csv,52120708,false
/Users/Vanessa/git/BachelorThesis/rust/../instances/n5000_test324.csv,52419667,true
/Users/Vanessa/git/BachelorThesis/rust/../instances/n5000_test325.csv,50494000,true
/Users/Vanessa/git/BachelorThesis/rust/../instances/n5000_test326.csv,49457083,false
/Users/Vanessa/git/BachelorThesis/rust/../instances/n5000_test327.csv,47524625,false
/Users/Vanessa/git/BachelorThesis/rust/../instances/n5000_test328.csv,46291084,true
/Users/Vanessa/git/BachelorThesis/rust/../instances/n5000_test329.csv,47616000,true
/Users/Vanessa/git/BachelorThesis/rust/../instances/n5000_test33.csv,45938208,true
/Users/Vanessa/git/BachelorThesis/rust/../instances/n5000_test330.csv,45927000,false
/Users/Vanessa/git/BachelorThesis/rust/../instances/n5000_test331.csv,46109333,false
/Users/Vanessa/git/BachelorThesis/rust/../instances/n5000_test332.csv,45927042,false
/Users/Vanessa/git/BachelorThesis/rust/../instances/n5000_test333.csv,46472125,false
/Users/Vanessa/git/BachelorThesis/rust/../instances/n5000_test334.csv,145938959,true
/Users/Vanessa/git/BachelorThesis/rust/../instances/n5000_test335.csv,48999667,true
/Users/Vanessa/git/BachelorThesis/rust/../instances/n5000_test336.csv,47567458,true
/Users/Vanessa/git/BachelorThesis/rust/../instances/n5000_test337.csv,50374042,false
/Users/Vanessa/git/BachelorThesis/rust/../instances/n5000_test338.csv,51464875,true
/Users/Vanessa/git/BachelorThesis/rust/../instances/n5000_test339.csv,49295250,false
/Users/Vanessa/git/BachelorThesis/rust/../instances/n5000_test34.csv,47607042,false
/Users/Vanessa/git/BachelorThesis/rust/../instances/n5000_test340.csv,49172791,false
/Users/Vanessa/git/BachelorThesis/rust/../instances/n5000_test341.csv,51250292,false
/Users/Vanessa/git/BachelorThesis/rust/../instances/n5000_test342.csv,61733416,false
/Users/Vanessa/git/BachelorThesis/rust/../instances/n5000_test343.csv,51432084,true
/Users/Vanessa/git/BachelorThesis/rust/../instances/n5000_test344.csv,49428833,true
/Users/Vanessa/git/BachelorThesis/rust/../instances/n5000_test345.csv,47616708,true
/Users/Vanessa/git/BachelorThesis/rust/../instances/n5000_test346.csv,45989584,false
/Users/Vanessa/git/BachelorThesis/rust/../instances/n5000_test347.csv,47640791,true
/Users/Vanessa/git/BachelorThesis/rust/../instances/n5000_test348.csv,47420959,false
/Users/Vanessa/git/BachelorThesis/rust/../instances/n5000_test349.csv,46003709,false
/Users/Vanessa/git/BachelorThesis/rust/../instances/n5000_test35.csv,46100083,true
/Users/Vanessa/git/BachelorThesis/rust/../instances/n5000_test350.csv,46210083,true
/Users/Vanessa/git/BachelorThesis/rust/../instances/n5000_test351.csv,47732208,true
/Users/Vanessa/git/BachelorThesis/rust/../instances/n5000_test352.csv,47654000,true
/Users/Vanessa/git/BachelorThesis/rust/../instances/n5000_test353.csv,45996792,true
/Users/Vanessa/git/BachelorThesis/rust/../instances/n5000_test354.csv,46039000,false
/Users/Vanessa/git/BachelorThesis/rust/../instances/n5000_test355.csv,46055917,false
/Users/Vanessa/git/BachelorThesis/rust/../instances/n5000_test356.csv,46017625,false
/Users/Vanessa/git/BachelorThesis/rust/../instances/n5000_test357.csv,46069458,true
/Users/Vanessa/git/BachelorThesis/rust/../instances/n5000_test358.csv,46304375,false
/Users/Vanessa/git/BachelorThesis/rust/../instances/n5000_test359.csv,46071458,true
/Users/Vanessa/git/BachelorThesis/rust/../instances/n5000_test36.csv,46026042,true
/Users/Vanessa/git/BachelorThesis/rust/../instances/n5000_test360.csv,46082417,false
/Users/Vanessa/git/BachelorThesis/rust/../instances/n5000_test361.csv,52084417,false
/Users/Vanessa/git/BachelorThesis/rust/../instances/n5000_test362.csv,54284459,false
/Users/Vanessa/git/BachelorThesis/rust/../instances/n5000_test363.csv,54305542,true
/Users/Vanessa/git/BachelorThesis/rust/../instances/n5000_test364.csv,51451875,true
/Users/Vanessa/git/BachelorThesis/rust/../instances/n5000_test365.csv,50329084,false
/Users/Vanessa/git/BachelorThesis/rust/../instances/n5000_test366.csv,51451834,true
/Users/Vanessa/git/BachelorThesis/rust/../instances/n5000_test367.csv,49300667,true
/Users/Vanessa/git/BachelorThesis/rust/../instances/n5000_test368.csv,49316750,false
/Users/Vanessa/git/BachelorThesis/rust/../instances/n5000_test369.csv,48003958,false
/Users/Vanessa/git/BachelorThesis/rust/../instances/n5000_test37.csv,47616750,false
/Users/Vanessa/git/BachelorThesis/rust/../instances/n5000_test370.csv,47557292,false
/Users/Vanessa/git/BachelorThesis/rust/../instances/n5000_test371.csv,47651667,false
/Users/Vanessa/git/BachelorThesis/rust/../instances/n5000_test372.csv,47671833,true
/Users/Vanessa/git/BachelorThesis/rust/../instances/n5000_test373.csv,47665500,true
/Users/Vanessa/git/BachelorThesis/rust/../instances/n5000_test374.csv,47542625,false
/Users/Vanessa/git/BachelorThesis/rust/../instances/n5000_test375.csv,49473375,false
/Users/Vanessa/git/BachelorThesis/rust/../instances/n5000_test376.csv,48428250,false
/Users/Vanessa/git/BachelorThesis/rust/../instances/n5000_test377.csv,47574292,true
/Users/Vanessa/git/BachelorThesis/rust/../instances/n5000_test378.csv,47588333,false
/Users/Vanessa/git/BachelorThesis/rust/../instances/n5000_test379.csv,47580542,true
/Users/Vanessa/git/BachelorThesis/rust/../instances/n5000_test38.csv,49434041,true
/Users/Vanessa/git/BachelorThesis/rust/../instances/n5000_test380.csv,48265041,false
/Users/Vanessa/git/BachelorThesis/rust/../instances/n5000_test381.csv,47618791,true
/Users/Vanessa/git/BachelorThesis/rust/../instances/n5000_test382.csv,47664333,false
/Users/Vanessa/git/BachelorThesis/rust/../instances/n5000_test383.csv,47602792,true
/Users/Vanessa/git/BachelorThesis/rust/../instances/n5000_test384.csv,47612208,false
/Users/Vanessa/git/BachelorThesis/rust/../instances/n5000_test385.csv,48534958,true
/Users/Vanessa/git/BachelorThesis/rust/../instances/n5000_test386.csv,53429458,true
/Users/Vanessa/git/BachelorThesis/rust/../instances/n5000_test387.csv,57446792,true
/Users/Vanessa/git/BachelorThesis/rust/../instances/n5000_test388.csv,54279417,true
/Users/Vanessa/git/BachelorThesis/rust/../instances/n5000_test389.csv,55754333,false
/Users/Vanessa/git/BachelorThesis/rust/../instances/n5000_test39.csv,61309083,true
/Users/Vanessa/git/BachelorThesis/rust/../instances/n5000_test390.csv,56990542,true
/Users/Vanessa/git/BachelorThesis/rust/../instances/n5000_test391.csv,60155042,true
/Users/Vanessa/git/BachelorThesis/rust/../instances/n5000_test392.csv,54312625,false
/Users/Vanessa/git/BachelorThesis/rust/../instances/n5000_test393.csv,56644959,true
/Users/Vanessa/git/BachelorThesis/rust/../instances/n5000_test394.csv,57517000,false
/Users/Vanessa/git/BachelorThesis/rust/../instances/n5000_test395.csv,58182833,false
/Users/Vanessa/git/BachelorThesis/rust/../instances/n5000_test396.csv,58124833,false
/Users/Vanessa/git/BachelorThesis/rust/../instances/n5000_test397.csv,54508083,true
/Users/Vanessa/git/BachelorThesis/rust/../instances/n5000_test398.csv,51376709,false
/Users/Vanessa/git/BachelorThesis/rust/../instances/n5000_test399.csv,49425083,false
/Users/Vanessa/git/BachelorThesis/rust/../instances/n5000_test4.csv,51591875,false
/Users/Vanessa/git/BachelorThesis/rust/../instances/n5000_test40.csv,49366667,false
/Users/Vanessa/git/BachelorThesis/rust/../instances/n5000_test400.csv,49284250,false
/Users/Vanessa/git/BachelorThesis/rust/../instances/n5000_test401.csv,48021583,false
/Users/Vanessa/git/BachelorThesis/rust/../instances/n5000_test402.csv,47513166,true
/Users/Vanessa/git/BachelorThesis/rust/../instances/n5000_test403.csv,49877625,false
/Users/Vanessa/git/BachelorThesis/rust/../instances/n5000_test404.csv,49310709,true
/Users/Vanessa/git/BachelorThesis/rust/../instances/n5000_test405.csv,47923750,false
/Users/Vanessa/git/BachelorThesis/rust/../instances/n5000_test406.csv,69428375,false
/Users/Vanessa/git/BachelorThesis/rust/../instances/n5000_test407.csv,49278958,false
/Users/Vanessa/git/BachelorThesis/rust/../instances/n5000_test408.csv,67590041,false
/Users/Vanessa/git/BachelorThesis/rust/../instances/n5000_test409.csv,49253708,true
/Users/Vanessa/git/BachelorThesis/rust/../instances/n5000_test41.csv,47537791,false
/Users/Vanessa/git/BachelorThesis/rust/../instances/n5000_test410.csv,47596000,false
/Users/Vanessa/git/BachelorThesis/rust/../instances/n5000_test411.csv,47547500,false
/Users/Vanessa/git/BachelorThesis/rust/../instances/n5000_test412.csv,49378292,true
/Users/Vanessa/git/BachelorThesis/rust/../instances/n5000_test413.csv,49250916,true
/Users/Vanessa/git/BachelorThesis/rust/../instances/n5000_test414.csv,48719500,false
/Users/Vanessa/git/BachelorThesis/rust/../instances/n5000_test415.csv,47567125,false
/Users/Vanessa/git/BachelorThesis/rust/../instances/n5000_test416.csv,47609292,true
/Users/Vanessa/git/BachelorThesis/rust/../instances/n5000_test417.csv,49858667,false
/Users/Vanessa/git/BachelorThesis/rust/../instances/n5000_test418.csv,49315625,true
/Users/Vanessa/git/BachelorThesis/rust/../instances/n5000_test419.csv,48249250,false
/Users/Vanessa/git/BachelorThesis/rust/../instances/n5000_test42.csv,47617084,false
/Users/Vanessa/git/BachelorThesis/rust/../instances/n5000_test420.csv,47602084,true
/Users/Vanessa/git/BachelorThesis/rust/../instances/n5000_test421.csv,47567917,true
/Users/Vanessa/git/BachelorThesis/rust/../instances/n5000_test422.csv,47557583,true
/Users/Vanessa/git/BachelorThesis/rust/../instances/n5000_test423.csv,47566625,true
/Users/Vanessa/git/BachelorThesis/rust/../instances/n5000_test424.csv,47573041,false
/Users/Vanessa/git/BachelorThesis/rust/../instances/n5000_test425.csv,47559750,false
/Users/Vanessa/git/BachelorThesis/rust/../instances/n5000_test426.csv,51190083,false
/Users/Vanessa/git/BachelorThesis/rust/../instances/n5000_test427.csv,49316583,true
/Users/Vanessa/git/BachelorThesis/rust/../instances/n5000_test428.csv,49369375,false
/Users/Vanessa/git/BachelorThesis/rust/../instances/n5000_test429.csv,50723583,true
/Users/Vanessa/git/BachelorThesis/rust/../instances/n5000_test43.csv,49735000,false
/Users/Vanessa/git/BachelorThesis/rust/../instances/n5000_test430.csv,55133000,true
/Users/Vanessa/git/BachelorThesis/rust/../instances/n5000_test431.csv,51579708,true
/Users/Vanessa/git/BachelorThesis/rust/../instances/n5000_test432.csv,49416875,true
/Users/Vanessa/git/BachelorThesis/rust/../instances/n5000_test433.csv,49197417,false
/Users/Vanessa/git/BachelorThesis/rust/../instances/n5000_test434.csv,47636750,true
/Users/Vanessa/git/BachelorThesis/rust/../instances/n5000_test435.csv,47655500,false
/Users/Vanessa/git/BachelorThesis/rust/../instances/n5000_test436.csv,47574292,true
/Users/Vanessa/git/BachelorThesis/rust/../instances/n5000_test437.csv,47641208,false
/Users/Vanessa/git/BachelorThesis/rust/../instances/n5000_test438.csv,47590500,false
/Users/Vanessa/git/BachelorThesis/rust/../instances/n5000_test439.csv,47588417,false
/Users/Vanessa/git/BachelorThesis/rust/../instances/n5000_test44.csv,49236333,false
/Users/Vanessa/git/BachelorThesis/rust/../instances/n5000_test440.csv,47547792,false
/Users/Vanessa/git/BachelorThesis/rust/../instances/n5000_test441.csv,47532708,true
/Users/Vanessa/git/BachelorThesis/rust/../instances/n5000_test442.csv,47565833,false
/Users/Vanessa/git/BachelorThesis/rust/../instances/n5000_test443.csv,47249334,false
/Users/Vanessa/git/BachelorThesis/rust/../instances/n5000_test444.csv,49484375,false
/Users/Vanessa/git/BachelorThesis/rust/../instances/n5000_test445.csv,49320666,false
/Users/Vanessa/git/BachelorThesis/rust/../instances/n5000_test446.csv,47530417,true
/Users/Vanessa/git/BachelorThesis/rust/../instances/n5000_test447.csv,47534125,false
/Users/Vanessa/git/BachelorThesis/rust/../instances/n5000_test448.csv,47434167,true
/Users/Vanessa/git/BachelorThesis/rust/../instances/n5000_test449.csv,46956041,false
/Users/Vanessa/git/BachelorThesis/rust/../instances/n5000_test45.csv,46546500,false
/Users/Vanessa/git/BachelorThesis/rust/../instances/n5000_test450.csv,46152083,true
/Users/Vanessa/git/BachelorThesis/rust/../instances/n5000_test451.csv,46191125,true
/Users/Vanessa/git/BachelorThesis/rust/../instances/n5000_test452.csv,47016792,false
/Users/Vanessa/git/BachelorThesis/rust/../instances/n5000_test453.csv,46298292,true
/Users/Vanessa/git/BachelorThesis/rust/../instances/n5000_test454.csv,47588459,false
/Users/Vanessa/git/BachelorThesis/rust/../instances/n5000_test455.csv,47587333,false
/Users/Vanessa/git/BachelorThesis/rust/../instances/n5000_test456.csv,47549459,false
/Users/Vanessa/git/BachelorThesis/rust/../instances/n5000_test457.csv,47116584,false
/Users/Vanessa/git/BachelorThesis/rust/../instances/n5000_test458.csv,46369500,true
/Users/Vanessa/git/BachelorThesis/rust/../instances/n5000_test459.csv,48266833,true
/Users/Vanessa/git/BachelorThesis/rust/../instances/n5000_test46.csv,47542458,false
/Users/Vanessa/git/BachelorThesis/rust/../instances/n5000_test460.csv,47631625,false
/Users/Vanessa/git/BachelorThesis/rust/../instances/n5000_test461.csv,47555917,true
/Users/Vanessa/git/BachelorThesis/rust/../instances/n5000_test462.csv,47223667,false
/Users/Vanessa/git/BachelorThesis/rust/../instances/n5000_test463.csv,46357542,false
/Users/Vanessa/git/BachelorThesis/rust/../instances/n5000_test464.csv,46459000,false
/Users/Vanessa/git/BachelorThesis/rust/../instances/n5000_test465.csv,51751583,true
/Users/Vanessa/git/BachelorThesis/rust/../instances/n5000_test466.csv,51449542,false
/Users/Vanessa/git/BachelorThesis/rust/../instances/n5000_test467.csv,49371084,true
/Users/Vanessa/git/BachelorThesis/rust/../instances/n5000_test468.csv,49359208,false
/Users/Vanessa/git/BachelorThesis/rust/../instances/n5000_test469.csv,47628584,false
/Users/Vanessa/git/BachelorThesis/rust/../instances/n5000_test47.csv,47646625,false
/Users/Vanessa/git/BachelorThesis/rust/../instances/n5000_test470.csv,46800084,false
/Users/Vanessa/git/BachelorThesis/rust/../instances/n5000_test471.csv,46069917,false
/Users/Vanessa/git/BachelorThesis/rust/../instances/n5000_test472.csv,48043583,false
/Users/Vanessa/git/BachelorThesis/rust/../instances/n5000_test473.csv,48180542,true
/Users/Vanessa/git/BachelorThesis/rust/../instances/n5000_test474.csv,48480709,false
/Users/Vanessa/git/BachelorThesis/rust/../instances/n5000_test475.csv,47694000,false
/Users/Vanessa/git/BachelorThesis/rust/../instances/n5000_test476.csv,46576541,false
/Users/Vanessa/git/BachelorThesis/rust/../instances/n5000_test477.csv,46072584,false
/Users/Vanessa/git/BachelorThesis/rust/../instances/n5000_test478.csv,46030333,false
/Users/Vanessa/git/BachelorThesis/rust/../instances/n5000_test479.csv,46311000,false
/Users/Vanessa/git/BachelorThesis/rust/../instances/n5000_test48.csv,46118792,false
/Users/Vanessa/git/BachelorThesis/rust/../instances/n5000_test480.csv,46053542,true
/Users/Vanessa/git/BachelorThesis/rust/../instances/n5000_test481.csv,46071833,true
/Users/Vanessa/git/BachelorThesis/rust/../instances/n5000_test482.csv,47796000,true
/Users/Vanessa/git/BachelorThesis/rust/../instances/n5000_test483.csv,54700833,false
/Users/Vanessa/git/BachelorThesis/rust/../instances/n5000_test484.csv,54346375,true
/Users/Vanessa/git/BachelorThesis/rust/../instances/n5000_test485.csv,54544667,false
/Users/Vanessa/git/BachelorThesis/rust/../instances/n5000_test486.csv,51421000,true
/Users/Vanessa/git/BachelorThesis/rust/../instances/n5000_test487.csv,52629250,false
/Users/Vanessa/git/BachelorThesis/rust/../instances/n5000_test488.csv,51423375,true
/Users/Vanessa/git/BachelorThesis/rust/../instances/n5000_test489.csv,49398875,true
/Users/Vanessa/git/BachelorThesis/rust/../instances/n5000_test49.csv,49430625,true
/Users/Vanessa/git/BachelorThesis/rust/../instances/n5000_test490.csv,49377583,true
/Users/Vanessa/git/BachelorThesis/rust/../instances/n5000_test491.csv,49385458,true
/Users/Vanessa/git/BachelorThesis/rust/../instances/n5000_test492.csv,48580625,false
/Users/Vanessa/git/BachelorThesis/rust/../instances/n5000_test493.csv,47685167,true
/Users/Vanessa/git/BachelorThesis/rust/../instances/n5000_test494.csv,47699208,false
/Users/Vanessa/git/BachelorThesis/rust/../instances/n5000_test495.csv,47700417,true
/Users/Vanessa/git/BachelorThesis/rust/../instances/n5000_test496.csv,49372958,true
/Users/Vanessa/git/BachelorThesis/rust/../instances/n5000_test497.csv,51665458,false
/Users/Vanessa/git/BachelorThesis/rust/../instances/n5000_test498.csv,49433750,true
/Users/Vanessa/git/BachelorThesis/rust/../instances/n5000_test499.csv,48738708,false
/Users/Vanessa/git/BachelorThesis/rust/../instances/n5000_test5.csv,47668959,false
/Users/Vanessa/git/BachelorThesis/rust/../instances/n5000_test50.csv,49802041,false
/Users/Vanessa/git/BachelorThesis/rust/../instances/n5000_test500.csv,49279750,false
/Users/Vanessa/git/BachelorThesis/rust/../instances/n5000_test51.csv,47631792,true
/Users/Vanessa/git/BachelorThesis/rust/../instances/n5000_test52.csv,47646833,false
/Users/Vanessa/git/BachelorThesis/rust/../instances/n5000_test53.csv,47666625,false
/Users/Vanessa/git/BachelorThesis/rust/../instances/n5000_test54.csv,47762583,false
/Users/Vanessa/git/BachelorThesis/rust/../instances/n5000_test55.csv,47618375,false
/Users/Vanessa/git/BachelorThesis/rust/../instances/n5000_test56.csv,47532084,false
/Users/Vanessa/git/BachelorThesis/rust/../instances/n5000_test57.csv,130515542,false
/Users/Vanessa/git/BachelorThesis/rust/../instances/n5000_test58.csv,115700792,true
/Users/Vanessa/git/BachelorThesis/rust/../instances/n5000_test59.csv,57649709,false
/Users/Vanessa/git/BachelorThesis/rust/../instances/n5000_test6.csv,57536959,true
/Users/Vanessa/git/BachelorThesis/rust/../instances/n5000_test60.csv,54294084,false
/Users/Vanessa/git/BachelorThesis/rust/../instances/n5000_test61.csv,57346167,false
/Users/Vanessa/git/BachelorThesis/rust/../instances/n5000_test62.csv,52214833,true
/Users/Vanessa/git/BachelorThesis/rust/../instances/n5000_test63.csv,49761625,true
/Users/Vanessa/git/BachelorThesis/rust/../instances/n5000_test64.csv,49272708,false
/Users/Vanessa/git/BachelorThesis/rust/../instances/n5000_test65.csv,49248375,false
/Users/Vanessa/git/BachelorThesis/rust/../instances/n5000_test66.csv,48445375,false
/Users/Vanessa/git/BachelorThesis/rust/../instances/n5000_test67.csv,47520500,false
/Users/Vanessa/git/BachelorThesis/rust/../instances/n5000_test68.csv,47527500,true
/Users/Vanessa/git/BachelorThesis/rust/../instances/n5000_test69.csv,47533042,false
/Users/Vanessa/git/BachelorThesis/rust/../instances/n5000_test7.csv,47541708,true
/Users/Vanessa/git/BachelorThesis/rust/../instances/n5000_test70.csv,49317708,false
/Users/Vanessa/git/BachelorThesis/rust/../instances/n5000_test71.csv,49099625,false
/Users/Vanessa/git/BachelorThesis/rust/../instances/n5000_test72.csv,47553709,true
/Users/Vanessa/git/BachelorThesis/rust/../instances/n5000_test73.csv,47542292,false
/Users/Vanessa/git/BachelorThesis/rust/../instances/n5000_test74.csv,47534250,true
/Users/Vanessa/git/BachelorThesis/rust/../instances/n5000_test75.csv,49787292,true
/Users/Vanessa/git/BachelorThesis/rust/../instances/n5000_test76.csv,48897042,false
/Users/Vanessa/git/BachelorThesis/rust/../instances/n5000_test77.csv,47588750,false
/Users/Vanessa/git/BachelorThesis/rust/../instances/n5000_test78.csv,47600584,false
/Users/Vanessa/git/BachelorThesis/rust/../instances/n5000_test79.csv,47628333,true
/Users/Vanessa/git/BachelorThesis/rust/../instances/n5000_test8.csv,47558334,false
/Users/Vanessa/git/BachelorThesis/rust/../instances/n5000_test80.csv,47546500,false
/Users/Vanessa/git/BachelorThesis/rust/../instances/n5000_test81.csv,60959417,false
/Users/Vanessa/git/BachelorThesis/rust/../instances/n5000_test82.csv,47490167,true
/Users/Vanessa/git/BachelorThesis/rust/../instances/n5000_test83.csv,47546625,false
/Users/Vanessa/git/BachelorThesis/rust/../instances/n5000_test84.csv,47657625,true
/Users/Vanessa/git/BachelorThesis/rust/../instances/n5000_test85.csv,47898958,false
/Users/Vanessa/git/BachelorThesis/rust/../instances/n5000_test86.csv,47549167,true
/Users/Vanessa/git/BachelorThesis/rust/../instances/n5000_test87.csv,92711000,false
/Users/Vanessa/git/BachelorThesis/rust/../instances/n5000_test88.csv,46396959,true
/Users/Vanessa/git/BachelorThesis/rust/../instances/n5000_test89.csv,47743708,false
/Users/Vanessa/git/BachelorThesis/rust/../instances/n5000_test9.csv,48377333,true
/Users/Vanessa/git/BachelorThesis/rust/../instances/n5000_test90.csv,47520166,false
/Users/Vanessa/git/BachelorThesis/rust/../instances/n5000_test91.csv,47516583,false
/Users/Vanessa/git/BachelorThesis/rust/../instances/n5000_test92.csv,47640541,false
/Users/Vanessa/git/BachelorThesis/rust/../instances/n5000_test93.csv,47073833,true
/Users/Vanessa/git/BachelorThesis/rust/../instances/n5000_test94.csv,46675750,true
/Users/Vanessa/git/BachelorThesis/rust/../instances/n5000_test95.csv,46310000,false
/Users/Vanessa/git/BachelorThesis/rust/../instances/n5000_test96.csv,46367250,false
/Users/Vanessa/git/BachelorThesis/rust/../instances/n5000_test97.csv,51732917,false
/Users/Vanessa/git/BachelorThesis/rust/../instances/n5000_test98.csv,53721417,true
/Users/Vanessa/git/BachelorThesis/rust/../instances/n5000_test99.csv,54092625,false
/Users/Vanessa/git/BachelorThesis/rust/../instances/n500_test1.csv,437583,true
/Users/Vanessa/git/BachelorThesis/rust/../instances/n500_test10.csv,430708,false
/Users/Vanessa/git/BachelorThesis/rust/../instances/n500_test100.csv,430375,true
/Users/Vanessa/git/BachelorThesis/rust/../instances/n500_test101.csv,430875,false
/Users/Vanessa/git/BachelorThesis/rust/../instances/n500_test102.csv,463875,false
/Users/Vanessa/git/BachelorThesis/rust/../instances/n500_test103.csv,430833,true
/Users/Vanessa/git/BachelorThesis/rust/../instances/n500_test104.csv,431541,true
/Users/Vanessa/git/BachelorThesis/rust/../instances/n500_test105.csv,457958,false
/Users/Vanessa/git/BachelorThesis/rust/../instances/n500_test106.csv,436000,false
/Users/Vanessa/git/BachelorThesis/rust/../instances/n500_test107.csv,431917,true
/Users/Vanessa/git/BachelorThesis/rust/../instances/n500_test108.csv,431708,false
/Users/Vanessa/git/BachelorThesis/rust/../instances/n500_test109.csv,534667,true
/Users/Vanessa/git/BachelorThesis/rust/../instances/n500_test11.csv,432000,true
/Users/Vanessa/git/BachelorThesis/rust/../instances/n500_test110.csv,431375,true
/Users/Vanessa/git/BachelorThesis/rust/../instances/n500_test111.csv,431125,true
/Users/Vanessa/git/BachelorThesis/rust/../instances/n500_test112.csv,541500,false
/Users/Vanessa/git/BachelorThesis/rust/../instances/n500_test113.csv,442542,true
/Users/Vanessa/git/BachelorThesis/rust/../instances/n500_test114.csv,430667,false
/Users/Vanessa/git/BachelorThesis/rust/../instances/n500_test115.csv,431792,false
/Users/Vanessa/git/BachelorThesis/rust/../instances/n500_test116.csv,432208,true
/Users/Vanessa/git/BachelorThesis/rust/../instances/n500_test117.csv,437500,true
/Users/Vanessa/git/BachelorThesis/rust/../instances/n500_test118.csv,431625,true
/Users/Vanessa/git/BachelorThesis/rust/../instances/n500_test119.csv,437083,true
/Users/Vanessa/git/BachelorThesis/rust/../instances/n500_test12.csv,432125,false
/Users/Vanessa/git/BachelorThesis/rust/../instances/n500_test120.csv,445208,false
/Users/Vanessa/git/BachelorThesis/rust/../instances/n500_test121.csv,430916,true
/Users/Vanessa/git/BachelorThesis/rust/../instances/n500_test122.csv,430167,false
/Users/Vanessa/git/BachelorThesis/rust/../instances/n500_test123.csv,431458,false
/Users/Vanessa/git/BachelorThesis/rust/../instances/n500_test124.csv,698917,false
/Users/Vanessa/git/BachelorThesis/rust/../instances/n500_test125.csv,431000,false
/Users/Vanessa/git/BachelorThesis/rust/../instances/n500_test126.csv,430291,false
/Users/Vanessa/git/BachelorThesis/rust/../instances/n500_test127.csv,430458,true
/Users/Vanessa/git/BachelorThesis/rust/../instances/n500_test128.csv,436041,false
/Users/Vanessa/git/BachelorThesis/rust/../instances/n500_test129.csv,457125,false
/Users/Vanessa/git/BachelorThesis/rust/../instances/n500_test13.csv,495250,true
/Users/Vanessa/git/BachelorThesis/rust/../instances/n500_test130.csv,457708,false
/Users/Vanessa/git/BachelorThesis/rust/../instances/n500_test131.csv,457667,false
/Users/Vanessa/git/BachelorThesis/rust/../instances/n500_test132.csv,456875,false
/Users/Vanessa/git/BachelorThesis/rust/../instances/n500_test133.csv,457875,true
/Users/Vanessa/git/BachelorThesis/rust/../instances/n500_test134.csv,457833,true
/Users/Vanessa/git/BachelorThesis/rust/../instances/n500_test135.csv,463625,true
/Users/Vanessa/git/BachelorThesis/rust/../instances/n500_test136.csv,457542,true
/Users/Vanessa/git/BachelorThesis/rust/../instances/n500_test137.csv,463375,true
/Users/Vanessa/git/BachelorThesis/rust/../instances/n500_test138.csv,456250,false
/Users/Vanessa/git/BachelorThesis/rust/../instances/n500_test139.csv,459834,false
/Users/Vanessa/git/BachelorThesis/rust/../instances/n500_test14.csv,456584,true
/Users/Vanessa/git/BachelorThesis/rust/../instances/n500_test140.csv,457042,false
/Users/Vanessa/git/BachelorThesis/rust/../instances/n500_test141.csv,456833,true
/Users/Vanessa/git/BachelorThesis/rust/../instances/n500_test142.csv,456792,false
/Users/Vanessa/git/BachelorThesis/rust/../instances/n500_test143.csv,456209,true
/Users/Vanessa/git/BachelorThesis/rust/../instances/n500_test144.csv,457834,true
/Users/Vanessa/git/BachelorThesis/rust/../instances/n500_test145.csv,456208,false
/Users/Vanessa/git/BachelorThesis/rust/../instances/n500_test146.csv,458375,true
/Users/Vanessa/git/BachelorThesis/rust/../instances/n500_test147.csv,456458,true
/Users/Vanessa/git/BachelorThesis/rust/../instances/n500_test148.csv,432709,true
/Users/Vanessa/git/BachelorThesis/rust/../instances/n500_test149.csv,430833,false
/Users/Vanessa/git/BachelorThesis/rust/../instances/n500_test15.csv,429958,false
/Users/Vanessa/git/BachelorThesis/rust/../instances/n500_test150.csv,438416,false
/Users/Vanessa/git/BachelorThesis/rust/../instances/n500_test151.csv,435583,true
/Users/Vanessa/git/BachelorThesis/rust/../instances/n500_test152.csv,431792,true
/Users/Vanessa/git/BachelorThesis/rust/../instances/n500_test153.csv,431750,false
/Users/Vanessa/git/BachelorThesis/rust/../instances/n500_test154.csv,430791,false
/Users/Vanessa/git/BachelorThesis/rust/../instances/n500_test155.csv,431500,false
/Users/Vanessa/git/BachelorThesis/rust/../instances/n500_test156.csv,431709,false
/Users/Vanessa/git/BachelorThesis/rust/../instances/n500_test157.csv,430792,true
/Users/Vanessa/git/BachelorThesis/rust/../instances/n500_test158.csv,430958,true
/Users/Vanessa/git/BachelorThesis/rust/../instances/n500_test159.csv,431791,true
/Users/Vanessa/git/BachelorThesis/rust/../instances/n500_test16.csv,863709,true
/Users/Vanessa/git/BachelorThesis/rust/../instances/n500_test160.csv,431334,true
/Users/Vanessa/git/BachelorThesis/rust/../instances/n500_test161.csv,431417,false
/Users/Vanessa/git/BachelorThesis/rust/../instances/n500_test162.csv,431667,true
/Users/Vanessa/git/BachelorThesis/rust/../instances/n500_test163.csv,431875,false
/Users/Vanessa/git/BachelorThesis/rust/../instances/n500_test164.csv,431000,true
/Users/Vanessa/git/BachelorThesis/rust/../instances/n500_test165.csv,431208,true
/Users/Vanessa/git/BachelorThesis/rust/../instances/n500_test166.csv,543541,false
/Users/Vanessa/git/BachelorThesis/rust/../instances/n500_test167.csv,430917,true
/Users/Vanessa/git/BachelorThesis/rust/../instances/n500_test168.csv,430792,false
/Users/Vanessa/git/BachelorThesis/rust/../instances/n500_test169.csv,431667,false
/Users/Vanessa/git/BachelorThesis/rust/../instances/n500_test17.csv,544792,true
/Users/Vanessa/git/BachelorThesis/rust/../instances/n500_test170.csv,430750,true
/Users/Vanessa/git/BachelorThesis/rust/../instances/n500_test171.csv,431083,false
/Users/Vanessa/git/BachelorThesis/rust/../instances/n500_test172.csv,431667,true
/Users/Vanessa/git/BachelorThesis/rust/../instances/n500_test173.csv,468417,true
/Users/Vanessa/git/BachelorThesis/rust/../instances/n500_test174.csv,431666,true
/Users/Vanessa/git/BachelorThesis/rust/../instances/n500_test175.csv,431375,false
/Users/Vanessa/git/BachelorThesis/rust/../instances/n500_test176.csv,430625,false
/Users/Vanessa/git/BachelorThesis/rust/../instances/n500_test177.csv,432042,false
/Users/Vanessa/git/BachelorThesis/rust/../instances/n500_test178.csv,430708,true
/Users/Vanessa/git/BachelorThesis/rust/../instances/n500_test179.csv,443542,true
/Users/Vanessa/git/BachelorThesis/rust/../instances/n500_test18.csv,431791,false
/Users/Vanessa/git/BachelorThesis/rust/../instances/n500_test180.csv,431666,true
/Users/Vanessa/git/BachelorThesis/rust/../instances/n500_test181.csv,448208,true
/Users/Vanessa/git/BachelorThesis/rust/../instances/n500_test182.csv,430125,true
/Users/Vanessa/git/BachelorThesis/rust/../instances/n500_test183.csv,430375,true
/Users/Vanessa/git/BachelorThesis/rust/../instances/n500_test184.csv,463041,true
/Users/Vanessa/git/BachelorThesis/rust/../instances/n500_test185.csv,510375,false
/Users/Vanessa/git/BachelorThesis/rust/../instances/n500_test186.csv,431792,true
/Users/Vanessa/git/BachelorThesis/rust/../instances/n500_test187.csv,431083,true
/Users/Vanessa/git/BachelorThesis/rust/../instances/n500_test188.csv,431834,false
/Users/Vanessa/git/BachelorThesis/rust/../instances/n500_test189.csv,439250,true
/Users/Vanessa/git/BachelorThesis/rust/../instances/n500_test19.csv,431084,false
/Users/Vanessa/git/BachelorThesis/rust/../instances/n500_test190.csv,431042,false
/Users/Vanessa/git/BachelorThesis/rust/../instances/n500_test191.csv,431667,false
/Users/Vanessa/git/BachelorThesis/rust/../instances/n500_test192.csv,432916,true
/Users/Vanessa/git/BachelorThesis/rust/../instances/n500_test193.csv,431750,false
/Users/Vanessa/git/BachelorThesis/rust/../instances/n500_test194.csv,431458,false
/Users/Vanessa/git/BachelorThesis/rust/../instances/n500_test195.csv,430875,true
/Users/Vanessa/git/BachelorThesis/rust/../instances/n500_test196.csv,431625,true
/Users/Vanessa/git/BachelorThesis/rust/../instances/n500_test197.csv,432333,true
/Users/Vanessa/git/BachelorThesis/rust/../instances/n500_test198.csv,431625,true
/Users/Vanessa/git/BachelorThesis/rust/../instances/n500_test199.csv,414916,true
/Users/Vanessa/git/BachelorThesis/rust/../instances/n500_test2.csv,429625,true
/Users/Vanessa/git/BachelorThesis/rust/../instances/n500_test20.csv,410042,true
/Users/Vanessa/git/BachelorThesis/rust/../instances/n500_test200.csv,409584,true
/Users/Vanessa/git/BachelorThesis/rust/../instances/n500_test201.csv,409791,true
/Users/Vanessa/git/BachelorThesis/rust/../instances/n500_test202.csv,409167,true
/Users/Vanessa/git/BachelorThesis/rust/../instances/n500_test203.csv,410208,false
/Users/Vanessa/git/BachelorThesis/rust/../instances/n500_test204.csv,410209,false
/Users/Vanessa/git/BachelorThesis/rust/../instances/n500_test205.csv,409166,false
/Users/Vanessa/git/BachelorThesis/rust/../instances/n500_test206.csv,409334,true
/Users/Vanessa/git/BachelorThesis/rust/../instances/n500_test207.csv,409917,true
/Users/Vanessa/git/BachelorThesis/rust/../instances/n500_test208.csv,409375,true
/Users/Vanessa/git/BachelorThesis/rust/../instances/n500_test209.csv,413500,true
/Users/Vanessa/git/BachelorThesis/rust/../instances/n500_test21.csv,409084,true
/Users/Vanessa/git/BachelorThesis/rust/../instances/n500_test210.csv,409166,true
/Users/Vanessa/git/BachelorThesis/rust/../instances/n500_test211.csv,410416,false
/Users/Vanessa/git/BachelorThesis/rust/../instances/n500_test212.csv,471500,false
/Users/Vanessa/git/BachelorThesis/rust/../instances/n500_test213.csv,409292,false
/Users/Vanessa/git/BachelorThesis/rust/../instances/n500_test214.csv,820250,true
/Users/Vanessa/git/BachelorThesis/rust/../instances/n500_test215.csv,449458,true
/Users/Vanessa/git/BachelorThesis/rust/../instances/n500_test216.csv,451708,true
/Users/Vanessa/git/BachelorThesis/rust/../instances/n500_test217.csv,409250,false
/Users/Vanessa/git/BachelorThesis/rust/../instances/n500_test218.csv,409500,true
/Users/Vanessa/git/BachelorThesis/rust/../instances/n500_test219.csv,408917,false
/Users/Vanessa/git/BachelorThesis/rust/../instances/n500_test22.csv,410792,true
/Users/Vanessa/git/BachelorThesis/rust/../instances/n500_test220.csv,410209,false
/Users/Vanessa/git/BachelorThesis/rust/../instances/n500_test221.csv,408584,true
/Users/Vanessa/git/BachelorThesis/rust/../instances/n500_test222.csv,408708,false
/Users/Vanessa/git/BachelorThesis/rust/../instances/n500_test223.csv,467084,false
/Users/Vanessa/git/BachelorThesis/rust/../instances/n500_test224.csv,421875,true
/Users/Vanessa/git/BachelorThesis/rust/../instances/n500_test225.csv,409250,true
/Users/Vanessa/git/BachelorThesis/rust/../instances/n500_test226.csv,408875,false
/Users/Vanessa/git/BachelorThesis/rust/../instances/n500_test227.csv,409875,true
/Users/Vanessa/git/BachelorThesis/rust/../instances/n500_test228.csv,409250,true
/Users/Vanessa/git/BachelorThesis/rust/../instances/n500_test229.csv,410541,true
/Users/Vanessa/git/BachelorThesis/rust/../instances/n500_test23.csv,409417,true
/Users/Vanessa/git/BachelorThesis/rust/../instances/n500_test230.csv,410542,true
/Users/Vanessa/git/BachelorThesis/rust/../instances/n500_test231.csv,409166,true
/Users/Vanessa/git/BachelorThesis/rust/../instances/n500_test232.csv,420333,true
/Users/Vanessa/git/BachelorThesis/rust/../instances/n500_test233.csv,408375,true
/Users/Vanessa/git/BachelorThesis/rust/../instances/n500_test234.csv,409042,false
/Users/Vanessa/git/BachelorThesis/rust/../instances/n500_test235.csv,410250,true
/Users/Vanessa/git/BachelorThesis/rust/../instances/n500_test236.csv,409375,false
/Users/Vanessa/git/BachelorThesis/rust/../instances/n500_test237.csv,410500,false
/Users/Vanessa/git/BachelorThesis/rust/../instances/n500_test238.csv,409375,true
/Users/Vanessa/git/BachelorThesis/rust/../instances/n500_test239.csv,409416,true
/Users/Vanessa/git/BachelorThesis/rust/../instances/n500_test24.csv,410125,true
/Users/Vanessa/git/BachelorThesis/rust/../instances/n500_test240.csv,410000,true
/Users/Vanessa/git/BachelorThesis/rust/../instances/n500_test241.csv,409625,true
/Users/Vanessa/git/BachelorThesis/rust/../instances/n500_test242.csv,410041,false
/Users/Vanessa/git/BachelorThesis/rust/../instances/n500_test243.csv,409458,false
/Users/Vanessa/git/BachelorThesis/rust/../instances/n500_test244.csv,818042,false
/Users/Vanessa/git/BachelorThesis/rust/../instances/n500_test245.csv,409541,false
/Users/Vanessa/git/BachelorThesis/rust/../instances/n500_test246.csv,410208,true
/Users/Vanessa/git/BachelorThesis/rust/../instances/n500_test247.csv,410125,true
/Users/Vanessa/git/BachelorThesis/rust/../instances/n500_test248.csv,409709,false
/Users/Vanessa/git/BachelorThesis/rust/../instances/n500_test249.csv,426583,true
/Users/Vanessa/git/BachelorThesis/rust/../instances/n500_test25.csv,417000,true
/Users/Vanessa/git/BachelorThesis/rust/../instances/n500_test250.csv,409333,true
/Users/Vanessa/git/BachelorThesis/rust/../instances/n500_test251.csv,409583,true
/Users/Vanessa/git/BachelorThesis/rust/../instances/n500_test252.csv,410375,true
/Users/Vanessa/git/BachelorThesis/rust/../instances/n500_test253.csv,409333,false
/Users/Vanessa/git/BachelorThesis/rust/../instances/n500_test254.csv,409083,false
/Users/Vanessa/git/BachelorThesis/rust/../instances/n500_test255.csv,409125,false
/Users/Vanessa/git/BachelorThesis/rust/../instances/n500_test256.csv,410458,true
/Users/Vanessa/git/BachelorThesis/rust/../instances/n500_test257.csv,462000,false
/Users/Vanessa/git/BachelorThesis/rust/../instances/n500_test258.csv,409000,true
/Users/Vanessa/git/BachelorThesis/rust/../instances/n500_test259.csv,410125,true
/Users/Vanessa/git/BachelorThesis/rust/../instances/n500_test26.csv,409625,false
/Users/Vanessa/git/BachelorThesis/rust/../instances/n500_test260.csv,409709,false
/Users/Vanessa/git/BachelorThesis/rust/../instances/n500_test261.csv,408917,false
/Users/Vanessa/git/BachelorThesis/rust/../instances/n500_test262.csv,409375,false
/Users/Vanessa/git/BachelorThesis/rust/../instances/n500_test263.csv,409291,true
/Users/Vanessa/git/BachelorThesis/rust/../instances/n500_test264.csv,409791,true
/Users/Vanessa/git/BachelorThesis/rust/../instances/n500_test265.csv,410166,false
/Users/Vanessa/git/BachelorThesis/rust/../instances/n500_test266.csv,411125,true
/Users/Vanessa/git/BachelorThesis/rust/../instances/n500_test267.csv,409084,true
/Users/Vanessa/git/BachelorThesis/rust/../instances/n500_test268.csv,409833,true
/Users/Vanessa/git/BachelorThesis/rust/../instances/n500_test269.csv,409333,true
/Users/Vanessa/git/BachelorThesis/rust/../instances/n500_test27.csv,410042,true
/Users/Vanessa/git/BachelorThesis/rust/../instances/n500_test270.csv,412167,false
/Users/Vanessa/git/BachelorThesis/rust/../instances/n500_test271.csv,410000,false
/Users/Vanessa/git/BachelorThesis/rust/../instances/n500_test272.csv,410791,true
/Users/Vanessa/git/BachelorThesis/rust/../instances/n500_test273.csv,460125,true
/Users/Vanessa/git/BachelorThesis/rust/../instances/n500_test274.csv,411750,false
/Users/Vanessa/git/BachelorThesis/rust/../instances/n500_test275.csv,410125,false
/Users/Vanessa/git/BachelorThesis/rust/../instances/n500_test276.csv,409875,true
/Users/Vanessa/git/BachelorThesis/rust/../instances/n500_test277.csv,409833,true
/Users/Vanessa/git/BachelorThesis/rust/../instances/n500_test278.csv,409541,false
/Users/Vanessa/git/BachelorThesis/rust/../instances/n500_test279.csv,410166,false
/Users/Vanessa/git/BachelorThesis/rust/../instances/n500_test28.csv,410250,true
/Users/Vanessa/git/BachelorThesis/rust/../instances/n500_test280.csv,410792,true
/Users/Vanessa/git/BachelorThesis/rust/../instances/n500_test281.csv,416125,true
/Users/Vanessa/git/BachelorThesis/rust/../instances/n500_test282.csv,409167,false
/Users/Vanessa/git/BachelorThesis/rust/../instances/n500_test283.csv,409500,true
/Users/Vanessa/git/BachelorThesis/rust/../instances/n500_test284.csv,410167,true
/Users/Vanessa/git/BachelorThesis/rust/../instances/n500_test285.csv,417375,true
/Users/Vanessa/git/BachelorThesis/rust/../instances/n500_test286.csv,409250,false
/Users/Vanessa/git/BachelorThesis/rust/../instances/n500_test287.csv,414459,true
/Users/Vanessa/git/BachelorThesis/rust/../instances/n500_test288.csv,410042,false
/Users/Vanessa/git/BachelorThesis/rust/../instances/n500_test289.csv,408709,false
/Users/Vanessa/git/BachelorThesis/rust/../instances/n500_test29.csv,410916,true
/Users/Vanessa/git/BachelorThesis/rust/../instances/n500_test290.csv,414333,true
/Users/Vanessa/git/BachelorThesis/rust/../instances/n500_test291.csv,409500,true
/Users/Vanessa/git/BachelorThesis/rust/../instances/n500_test292.csv,394583,false
/Users/Vanessa/git/BachelorThesis/rust/../instances/n500_test293.csv,392584,false
/Users/Vanessa/git/BachelorThesis/rust/../instances/n500_test294.csv,423500,false
/Users/Vanessa/git/BachelorThesis/rust/../instances/n500_test295.csv,393167,true
/Users/Vanessa/git/BachelorThesis/rust/../instances/n500_test296.csv,392292,true
/Users/Vanessa/git/BachelorThesis/rust/../instances/n500_test297.csv,394541,true
/Users/Vanessa/git/BachelorThesis/rust/../instances/n500_test298.csv,396583,true
/Users/Vanessa/git/BachelorThesis/rust/../instances/n500_test299.csv,394042,false
/Users/Vanessa/git/BachelorThesis/rust/../instances/n500_test3.csv,392167,true
/Users/Vanessa/git/BachelorThesis/rust/../instances/n500_test30.csv,392959,false
/Users/Vanessa/git/BachelorThesis/rust/../instances/n500_test300.csv,393083,true
/Users/Vanessa/git/BachelorThesis/rust/../instances/n500_test301.csv,393583,false
/Users/Vanessa/git/BachelorThesis/rust/../instances/n500_test302.csv,393542,true
/Users/Vanessa/git/BachelorThesis/rust/../instances/n500_test303.csv,392333,true
/Users/Vanessa/git/BachelorThesis/rust/../instances/n500_test304.csv,392667,true
/Users/Vanessa/git/BachelorThesis/rust/../instances/n500_test305.csv,393208,false
/Users/Vanessa/git/BachelorThesis/rust/../instances/n500_test306.csv,484916,true
/Users/Vanessa/git/BachelorThesis/rust/../instances/n500_test307.csv,393834,true
/Users/Vanessa/git/BachelorThesis/rust/../instances/n500_test308.csv,392959,true
/Users/Vanessa/git/BachelorThesis/rust/../instances/n500_test309.csv,393041,true
/Users/Vanessa/git/BachelorThesis/rust/../instances/n500_test31.csv,392917,false
/Users/Vanessa/git/BachelorThesis/rust/../instances/n500_test310.csv,393375,false
/Users/Vanessa/git/BachelorThesis/rust/../instances/n500_test311.csv,393375,false
/Users/Vanessa/git/BachelorThesis/rust/../instances/n500_test312.csv,392417,true
/Users/Vanessa/git/BachelorThesis/rust/../instances/n500_test313.csv,393583,false
/Users/Vanessa/git/BachelorThesis/rust/../instances/n500_test314.csv,419167,false
/Users/Vanessa/git/BachelorThesis/rust/../instances/n500_test315.csv,393583,false
/Users/Vanessa/git/BachelorThesis/rust/../instances/n500_test316.csv,393417,false
/Users/Vanessa/git/BachelorThesis/rust/../instances/n500_test317.csv,392333,false
/Users/Vanessa/git/BachelorThesis/rust/../instances/n500_test318.csv,402667,false
/Users/Vanessa/git/BachelorThesis/rust/../instances/n500_test319.csv,455375,true
/Users/Vanessa/git/BachelorThesis/rust/../instances/n500_test32.csv,393875,true
/Users/Vanessa/git/BachelorThesis/rust/../instances/n500_test320.csv,393041,false
/Users/Vanessa/git/BachelorThesis/rust/../instances/n500_test321.csv,392791,false
/Users/Vanessa/git/BachelorThesis/rust/../instances/n500_test322.csv,786208,false
/Users/Vanessa/git/BachelorThesis/rust/../instances/n500_test323.csv,393291,true
/Users/Vanessa/git/BachelorThesis/rust/../instances/n500_test324.csv,441292,false
/Users/Vanessa/git/BachelorThesis/rust/../instances/n500_test325.csv,393042,false
/Users/Vanessa/git/BachelorThesis/rust/../instances/n500_test326.csv,393959,true
/Users/Vanessa/git/BachelorThesis/rust/../instances/n500_test327.csv,412416,false
/Users/Vanessa/git/BachelorThesis/rust/../instances/n500_test328.csv,394042,true
/Users/Vanessa/git/BachelorThesis/rust/../instances/n500_test329.csv,393875,true
/Users/Vanessa/git/BachelorThesis/rust/../instances/n500_test33.csv,392333,false
/Users/Vanessa/git/BachelorThesis/rust/../instances/n500_test330.csv,393541,false
/Users/Vanessa/git/BachelorThesis/rust/../instances/n500_test331.csv,392417,false
/Users/Vanessa/git/BachelorThesis/rust/../instances/n500_test332.csv,392292,true
/Users/Vanessa/git/BachelorThesis/rust/../instances/n500_test333.csv,392875,true
/Users/Vanessa/git/BachelorThesis/rust/../instances/n500_test334.csv,817667,true
/Users/Vanessa/git/BachelorThesis/rust/../instances/n500_test335.csv,472833,false
/Users/Vanessa/git/BachelorThesis/rust/../instances/n500_test336.csv,395917,false
/Users/Vanessa/git/BachelorThesis/rust/../instances/n500_test337.csv,395459,false
/Users/Vanessa/git/BachelorThesis/rust/../instances/n500_test338.csv,392667,false
/Users/Vanessa/git/BachelorThesis/rust/../instances/n500_test339.csv,393792,false
/Users/Vanessa/git/BachelorThesis/rust/../instances/n500_test34.csv,396375,true
/Users/Vanessa/git/BachelorThesis/rust/../instances/n500_test340.csv,392875,true
/Users/Vanessa/git/BachelorThesis/rust/../instances/n500_test341.csv,393333,false
/Users/Vanessa/git/BachelorThesis/rust/../instances/n500_test342.csv,394541,true
/Users/Vanessa/git/BachelorThesis/rust/../instances/n500_test343.csv,393250,true
/Users/Vanessa/git/BachelorThesis/rust/../instances/n500_test344.csv,393375,true
/Users/Vanessa/git/BachelorThesis/rust/../instances/n500_test345.csv,392417,false
/Users/Vanessa/git/BachelorThesis/rust/../instances/n500_test346.csv,392250,false
/Users/Vanessa/git/BachelorThesis/rust/../instances/n500_test347.csv,392709,false
/Users/Vanessa/git/BachelorThesis/rust/../instances/n500_test348.csv,393125,false
/Users/Vanessa/git/BachelorThesis/rust/../instances/n500_test349.csv,392958,true
/Users/Vanessa/git/BachelorThesis/rust/../instances/n500_test35.csv,392458,true
/Users/Vanessa/git/BachelorThesis/rust/../instances/n500_test350.csv,393542,false
/Users/Vanessa/git/BachelorThesis/rust/../instances/n500_test351.csv,393750,false
/Users/Vanessa/git/BachelorThesis/rust/../instances/n500_test352.csv,394000,false
/Users/Vanessa/git/BachelorThesis/rust/../instances/n500_test353.csv,394209,false
/Users/Vanessa/git/BachelorThesis/rust/../instances/n500_test354.csv,393750,true
/Users/Vanessa/git/BachelorThesis/rust/../instances/n500_test355.csv,394375,true
/Users/Vanessa/git/BachelorThesis/rust/../instances/n500_test356.csv,393000,false
/Users/Vanessa/git/BachelorThesis/rust/../instances/n500_test357.csv,393291,true
/Users/Vanessa/git/BachelorThesis/rust/../instances/n500_test358.csv,393541,true
/Users/Vanessa/git/BachelorThesis/rust/../instances/n500_test359.csv,418249958,false
/Users/Vanessa/git/BachelorThesis/rust/../instances/n500_test36.csv,379166,false
/Users/Vanessa/git/BachelorThesis/rust/../instances/n500_test360.csv,761084,true
/Users/Vanessa/git/BachelorThesis/rust/../instances/n500_test361.csv,378916,false
/Users/Vanessa/git/BachelorThesis/rust/../instances/n500_test362.csv,379208,true
/Users/Vanessa/git/BachelorThesis/rust/../instances/n500_test363.csv,379500,true
/Users/Vanessa/git/BachelorThesis/rust/../instances/n500_test364.csv,413375,true
/Users/Vanessa/git/BachelorThesis/rust/../instances/n500_test365.csv,379667,false
/Users/Vanessa/git/BachelorThesis/rust/../instances/n500_test366.csv,379916,false
/Users/Vanessa/git/BachelorThesis/rust/../instances/n500_test367.csv,378875,false
/Users/Vanessa/git/BachelorThesis/rust/../instances/n500_test368.csv,379083,false
/Users/Vanessa/git/BachelorThesis/rust/../instances/n500_test369.csv,380625,true
/Users/Vanessa/git/BachelorThesis/rust/../instances/n500_test37.csv,379792,false
/Users/Vanessa/git/BachelorThesis/rust/../instances/n500_test370.csv,380125,false
/Users/Vanessa/git/BachelorThesis/rust/../instances/n500_test371.csv,379916,false
/Users/Vanessa/git/BachelorThesis/rust/../instances/n500_test372.csv,379750,true
/Users/Vanessa/git/BachelorThesis/rust/../instances/n500_test373.csv,381750,false
/Users/Vanessa/git/BachelorThesis/rust/../instances/n500_test374.csv,379292,false
/Users/Vanessa/git/BachelorThesis/rust/../instances/n500_test375.csv,379167,true
/Users/Vanessa/git/BachelorThesis/rust/../instances/n500_test376.csv,379167,true
/Users/Vanessa/git/BachelorThesis/rust/../instances/n500_test377.csv,379833,false
/Users/Vanessa/git/BachelorThesis/rust/../instances/n500_test378.csv,379750,false
/Users/Vanessa/git/BachelorThesis/rust/../instances/n500_test379.csv,379625,true
/Users/Vanessa/git/BachelorThesis/rust/../instances/n500_test38.csv,378500,true
/Users/Vanessa/git/BachelorThesis/rust/../instances/n500_test380.csv,380167,true
/Users/Vanessa/git/BachelorThesis/rust/../instances/n500_test381.csv,379292,true
/Users/Vanessa/git/BachelorThesis/rust/../instances/n500_test382.csv,379292,true
/Users/Vanessa/git/BachelorThesis/rust/../instances/n500_test383.csv,379416,false
/Users/Vanessa/git/BachelorThesis/rust/../instances/n500_test384.csv,379292,false
/Users/Vanessa/git/BachelorThesis/rust/../instances/n500_test385.csv,379250,false
/Users/Vanessa/git/BachelorThesis/rust/../instances/n500_test386.csv,416416,false
/Users/Vanessa/git/BachelorThesis/rust/../instances/n500_test387.csv,382667,false
/Users/Vanessa/git/BachelorThesis/rust/../instances/n500_test388.csv,759083,true
/Users/Vanessa/git/BachelorThesis/rust/../instances/n500_test389.csv,380208,false
/Users/Vanessa/git/BachelorThesis/rust/../instances/n500_test39.csv,381666,true
/Users/Vanessa/git/BachelorThesis/rust/../instances/n500_test390.csv,380000,false
/Users/Vanessa/git/BachelorThesis/rust/../instances/n500_test391.csv,379125,true
/Users/Vanessa/git/BachelorThesis/rust/../instances/n500_test392.csv,379250,false
/Users/Vanessa/git/BachelorThesis/rust/../instances/n500_test393.csv,768208,false
/Users/Vanessa/git/BachelorThesis/rust/../instances/n500_test394.csv,380375,false
/Users/Vanessa/git/BachelorThesis/rust/../instances/n500_test395.csv,379125,true
/Users/Vanessa/git/BachelorThesis/rust/../instances/n500_test396.csv,379375,false
/Users/Vanessa/git/BachelorThesis/rust/../instances/n500_test397.csv,379208,true
/Users/Vanessa/git/BachelorThesis/rust/../instances/n500_test398.csv,379333,false
/Users/Vanessa/git/BachelorThesis/rust/../instances/n500_test399.csv,379666,false
/Users/Vanessa/git/BachelorThesis/rust/../instances/n500_test4.csv,379042,false
/Users/Vanessa/git/BachelorThesis/rust/../instances/n500_test40.csv,379417,true
/Users/Vanessa/git/BachelorThesis/rust/../instances/n500_test400.csv,378542,true
/Users/Vanessa/git/BachelorThesis/rust/../instances/n500_test401.csv,760917,true
/Users/Vanessa/git/BachelorThesis/rust/../instances/n500_test402.csv,518959,true
/Users/Vanessa/git/BachelorThesis/rust/../instances/n500_test403.csv,379583,false
/Users/Vanessa/git/BachelorThesis/rust/../instances/n500_test404.csv,379791,true
/Users/Vanessa/git/BachelorThesis/rust/../instances/n500_test405.csv,379667,false
/Users/Vanessa/git/BachelorThesis/rust/../instances/n500_test406.csv,379584,true
/Users/Vanessa/git/BachelorThesis/rust/../instances/n500_test407.csv,417750,true
/Users/Vanessa/git/BachelorThesis/rust/../instances/n500_test408.csv,380792,true
/Users/Vanessa/git/BachelorThesis/rust/../instances/n500_test409.csv,392583,true
/Users/Vanessa/git/BachelorThesis/rust/../instances/n500_test41.csv,393792,true
/Users/Vanessa/git/BachelorThesis/rust/../instances/n500_test410.csv,359809833,false
/Users/Vanessa/git/BachelorThesis/rust/../instances/n500_test411.csv,353000,true
/Users/Vanessa/git/BachelorThesis/rust/../instances/n500_test412.csv,354791,true
/Users/Vanessa/git/BachelorThesis/rust/../instances/n500_test413.csv,360792,false
/Users/Vanessa/git/BachelorThesis/rust/../instances/n500_test414.csv,360125,false
/Users/Vanessa/git/BachelorThesis/rust/../instances/n500_test415.csv,394834,true
/Users/Vanessa/git/BachelorThesis/rust/../instances/n500_test416.csv,352792,true
/Users/Vanessa/git/BachelorThesis/rust/../instances/n500_test417.csv,353667,false
/Users/Vanessa/git/BachelorThesis/rust/../instances/n500_test418.csv,356959,false
/Users/Vanessa/git/BachelorThesis/rust/../instances/n500_test419.csv,353125,true
/Users/Vanessa/git/BachelorThesis/rust/../instances/n500_test42.csv,408333,false
/Users/Vanessa/git/BachelorThesis/rust/../instances/n500_test420.csv,353208,true
/Users/Vanessa/git/BachelorThesis/rust/../instances/n500_test421.csv,353375,false
/Users/Vanessa/git/BachelorThesis/rust/../instances/n500_test422.csv,352833,true
/Users/Vanessa/git/BachelorThesis/rust/../instances/n500_test423.csv,356959,true
/Users/Vanessa/git/BachelorThesis/rust/../instances/n500_test424.csv,353709,true
/Users/Vanessa/git/BachelorThesis/rust/../instances/n500_test425.csv,367375,false
/Users/Vanessa/git/BachelorThesis/rust/../instances/n500_test426.csv,359708,true
/Users/Vanessa/git/BachelorThesis/rust/../instances/n500_test427.csv,353250,false
/Users/Vanessa/git/BachelorThesis/rust/../instances/n500_test428.csv,363875,false
/Users/Vanessa/git/BachelorThesis/rust/../instances/n500_test429.csv,353333,true
/Users/Vanessa/git/BachelorThesis/rust/../instances/n500_test43.csv,363792,false
/Users/Vanessa/git/BachelorThesis/rust/../instances/n500_test430.csv,356958,false
/Users/Vanessa/git/BachelorThesis/rust/../instances/n500_test431.csv,353000,false
/Users/Vanessa/git/BachelorThesis/rust/../instances/n500_test432.csv,357916,false
/Users/Vanessa/git/BachelorThesis/rust/../instances/n500_test433.csv,353791,false
/Users/Vanessa/git/BachelorThesis/rust/../instances/n500_test434.csv,353250,true
/Users/Vanessa/git/BachelorThesis/rust/../instances/n500_test435.csv,353125,true
/Users/Vanessa/git/BachelorThesis/rust/../instances/n500_test436.csv,358125,false
/Users/Vanessa/git/BachelorThesis/rust/../instances/n500_test437.csv,366208,true
/Users/Vanessa/git/BachelorThesis/rust/../instances/n500_test438.csv,364334,false
/Users/Vanessa/git/BachelorThesis/rust/../instances/n500_test439.csv,353208,false
/Users/Vanessa/git/BachelorThesis/rust/../instances/n500_test44.csv,362500,true
/Users/Vanessa/git/BachelorThesis/rust/../instances/n500_test440.csv,706000,false
/Users/Vanessa/git/BachelorThesis/rust/../instances/n500_test441.csv,354833,false
/Users/Vanessa/git/BachelorThesis/rust/../instances/n500_test442.csv,354250,true
/Users/Vanessa/git/BachelorThesis/rust/../instances/n500_test443.csv,353250,true
/Users/Vanessa/git/BachelorThesis/rust/../instances/n500_test444.csv,363333,false
/Users/Vanessa/git/BachelorThesis/rust/../instances/n500_test445.csv,725584,true
/Users/Vanessa/git/BachelorThesis/rust/../instances/n500_test446.csv,354250,true
/Users/Vanessa/git/BachelorThesis/rust/../instances/n500_test447.csv,357958,true
/Users/Vanessa/git/BachelorThesis/rust/../instances/n500_test448.csv,353167,true
/Users/Vanessa/git/BachelorThesis/rust/../instances/n500_test449.csv,360917,false
/Users/Vanessa/git/BachelorThesis/rust/../instances/n500_test45.csv,367041,false
/Users/Vanessa/git/BachelorThesis/rust/../instances/n500_test450.csv,367000,false
/Users/Vanessa/git/BachelorThesis/rust/../instances/n500_test451.csv,366625,true
/Users/Vanessa/git/BachelorThesis/rust/../instances/n500_test452.csv,365958,true
/Users/Vanessa/git/BachelorThesis/rust/../instances/n500_test453.csv,365875,false
/Users/Vanessa/git/BachelorThesis/rust/../instances/n500_test454.csv,366042,true
/Users/Vanessa/git/BachelorThesis/rust/../instances/n500_test455.csv,366833,true
/Users/Vanessa/git/BachelorThesis/rust/../instances/n500_test456.csv,366500,false
/Users/Vanessa/git/BachelorThesis/rust/../instances/n500_test457.csv,366167,true
/Users/Vanessa/git/BachelorThesis/rust/../instances/n500_test458.csv,367041,true
/Users/Vanessa/git/BachelorThesis/rust/../instances/n500_test459.csv,365750,true
/Users/Vanessa/git/BachelorThesis/rust/../instances/n500_test46.csv,367375,true
/Users/Vanessa/git/BachelorThesis/rust/../instances/n500_test460.csv,366667,false
/Users/Vanessa/git/BachelorThesis/rust/../instances/n500_test461.csv,366458,false
/Users/Vanessa/git/BachelorThesis/rust/../instances/n500_test462.csv,370000,false
/Users/Vanessa/git/BachelorThesis/rust/../instances/n500_test463.csv,365791,true
/Users/Vanessa/git/BachelorThesis/rust/../instances/n500_test464.csv,366625,false
/Users/Vanessa/git/BachelorThesis/rust/../instances/n500_test465.csv,366500,true
/Users/Vanessa/git/BachelorThesis/rust/../instances/n500_test466.csv,366250,true
/Users/Vanessa/git/BachelorThesis/rust/../instances/n500_test467.csv,366292,false
/Users/Vanessa/git/BachelorThesis/rust/../instances/n500_test468.csv,366042,true
/Users/Vanessa/git/BachelorThesis/rust/../instances/n500_test469.csv,367459,true
/Users/Vanessa/git/BachelorThesis/rust/../instances/n500_test47.csv,365917,true
/Users/Vanessa/git/BachelorThesis/rust/../instances/n500_test470.csv,366500,false
/Users/Vanessa/git/BachelorThesis/rust/../instances/n500_test471.csv,366709,false
/Users/Vanessa/git/BachelorThesis/rust/../instances/n500_test472.csv,365667,false
/Users/Vanessa/git/BachelorThesis/rust/../instances/n500_test473.csv,366500,false
/Users/Vanessa/git/BachelorThesis/rust/../instances/n500_test474.csv,366500,true
/Users/Vanessa/git/BachelorThesis/rust/../instances/n500_test475.csv,367208,true
/Users/Vanessa/git/BachelorThesis/rust/../instances/n500_test476.csv,365875,true
/Users/Vanessa/git/BachelorThesis/rust/../instances/n500_test477.csv,367042,true
/Users/Vanessa/git/BachelorThesis/rust/../instances/n500_test478.csv,366083,false
/Users/Vanessa/git/BachelorThesis/rust/../instances/n500_test479.csv,367042,false
/Users/Vanessa/git/BachelorThesis/rust/../instances/n500_test48.csv,366959,true
/Users/Vanessa/git/BachelorThesis/rust/../instances/n500_test480.csv,366375,true
/Users/Vanessa/git/BachelorThesis/rust/../instances/n500_test481.csv,367041,true
/Users/Vanessa/git/BachelorThesis/rust/../instances/n500_test482.csv,366375,true
/Users/Vanessa/git/BachelorThesis/rust/../instances/n500_test483.csv,367583,true
/Users/Vanessa/git/BachelorThesis/rust/../instances/n500_test484.csv,369792,false
/Users/Vanessa/git/BachelorThesis/rust/../instances/n500_test485.csv,366083,true
/Users/Vanessa/git/BachelorThesis/rust/../instances/n500_test486.csv,365792,true
/Users/Vanessa/git/BachelorThesis/rust/../instances/n500_test487.csv,367584,true
/Users/Vanessa/git/BachelorThesis/rust/../instances/n500_test488.csv,366709,true
/Users/Vanessa/git/BachelorThesis/rust/../instances/n500_test489.csv,366875,true
/Users/Vanessa/git/BachelorThesis/rust/../instances/n500_test49.csv,366583,true
/Users/Vanessa/git/BachelorThesis/rust/../instances/n500_test490.csv,367209,false
/Users/Vanessa/git/BachelorThesis/rust/../instances/n500_test491.csv,367042,true
/Users/Vanessa/git/BachelorThesis/rust/../instances/n500_test492.csv,366500,false
/Users/Vanessa/git/BachelorThesis/rust/../instances/n500_test493.csv,366166,false
/Users/Vanessa/git/BachelorThesis/rust/../instances/n500_test494.csv,409167,true
/Users/Vanessa/git/BachelorThesis/rust/../instances/n500_test495.csv,366375,false
/Users/Vanessa/git/BachelorThesis/rust/../instances/n500_test496.csv,367167,true
/Users/Vanessa/git/BachelorThesis/rust/../instances/n500_test497.csv,366542,false
/Users/Vanessa/git/BachelorThesis/rust/../instances/n500_test498.csv,367042,true
/Users/Vanessa/git/BachelorThesis/rust/../instances/n500_test499.csv,367875,false
/Users/Vanessa/git/BachelorThesis/rust/../instances/n500_test5.csv,366500,true
/Users/Vanessa/git/BachelorThesis/rust/../instances/n500_test50.csv,367042,false
/Users/Vanessa/git/BachelorThesis/rust/../instances/n500_test500.csv,367375,false
/Users/Vanessa/git/BachelorThesis/rust/../instances/n500_test51.csv,366208,true
/Users/Vanessa/git/BachelorThesis/rust/../instances/n500_test52.csv,734083,true
/Users/Vanessa/git/BachelorThesis/rust/../instances/n500_test53.csv,467833,false
/Users/Vanessa/git/BachelorThesis/rust/../instances/n500_test54.csv,366667,true
/Users/Vanessa/git/BachelorThesis/rust/../instances/n500_test55.csv,366958,true
/Users/Vanessa/git/BachelorThesis/rust/../instances/n500_test56.csv,366375,false
/Users/Vanessa/git/BachelorThesis/rust/../instances/n500_test57.csv,367125,true
/Users/Vanessa/git/BachelorThesis/rust/../instances/n500_test58.csv,367292,true
/Users/Vanessa/git/BachelorThesis/rust/../instances/n500_test59.csv,366167,true
/Users/Vanessa/git/BachelorThesis/rust/../instances/n500_test6.csv,366500,false
/Users/Vanessa/git/BachelorThesis/rust/../instances/n500_test60.csv,366166,true
/Users/Vanessa/git/BachelorThesis/rust/../instances/n500_test61.csv,367416,false
/Users/Vanessa/git/BachelorThesis/rust/../instances/n500_test62.csv,441417,false
/Users/Vanessa/git/BachelorThesis/rust/../instances/n500_test63.csv,366333,true
/Users/Vanessa/git/BachelorThesis/rust/../instances/n500_test64.csv,367292,true
/Users/Vanessa/git/BachelorThesis/rust/../instances/n500_test65.csv,366125,false
/Users/Vanessa/git/BachelorThesis/rust/../instances/n500_test66.csv,366375,true
/Users/Vanessa/git/BachelorThesis/rust/../instances/n500_test67.csv,408333,false
/Users/Vanessa/git/BachelorThesis/rust/../instances/n500_test68.csv,731916,false
/Users/Vanessa/git/BachelorThesis/rust/../instances/n500_test69.csv,367167,true
/Users/Vanessa/git/BachelorThesis/rust/../instances/n500_test7.csv,366875,true
/Users/Vanessa/git/BachelorThesis/rust/../instances/n500_test70.csv,366625,false
/Users/Vanessa/git/BachelorThesis/rust/../instances/n500_test71.csv,417791,true
/Users/Vanessa/git/BachelorThesis/rust/../instances/n500_test72.csv,366292,false
/Users/Vanessa/git/BachelorThesis/rust/../instances/n500_test73.csv,366625,false
/Users/Vanessa/git/BachelorThesis/rust/../instances/n500_test74.csv,367166,false
/Users/Vanessa/git/BachelorThesis/rust/../instances/n500_test75.csv,367125,true
/Users/Vanessa/git/BachelorThesis/rust/../instances/n500_test76.csv,394583,false
/Users/Vanessa/git/BachelorThesis/rust/../instances/n500_test77.csv,366583,false
/Users/Vanessa/git/BachelorThesis/rust/../instances/n500_test78.csv,379250,true
/Users/Vanessa/git/BachelorThesis/rust/../instances/n500_test79.csv,379583,false
/Users/Vanessa/git/BachelorThesis/rust/../instances/n500_test8.csv,379125,false
/Users/Vanessa/git/BachelorThesis/rust/../instances/n500_test80.csv,379208,false
/Users/Vanessa/git/BachelorThesis/rust/../instances/n500_test81.csv,380042,false
/Users/Vanessa/git/BachelorThesis/rust/../instances/n500_test82.csv,379416,true
/Users/Vanessa/git/BachelorThesis/rust/../instances/n500_test83.csv,379625,true
/Users/Vanessa/git/BachelorThesis/rust/../instances/n500_test84.csv,379917,true
/Users/Vanessa/git/BachelorThesis/rust/../instances/n500_test85.csv,379708,true
/Users/Vanessa/git/BachelorThesis/rust/../instances/n500_test86.csv,378916,false
/Users/Vanessa/git/BachelorThesis/rust/../instances/n500_test87.csv,380125,false
/Users/Vanessa/git/BachelorThesis/rust/../instances/n500_test88.csv,378916,true
/Users/Vanessa/git/BachelorThesis/rust/../instances/n500_test89.csv,378791,false
/Users/Vanessa/git/BachelorThesis/rust/../instances/n500_test9.csv,379708,false
/Users/Vanessa/git/BachelorThesis/rust/../instances/n500_test90.csv,379875,true
/Users/Vanessa/git/BachelorThesis/rust/../instances/n500_test91.csv,379458,true
/Users/Vanessa/git/BachelorThesis/rust/../instances/n500_test92.csv,378958,true
/Users/Vanessa/git/BachelorThesis/rust/../instances/n500_test93.csv,378875,true
/Users/Vanessa/git/BachelorThesis/rust/../instances/n500_test94.csv,378666,false
/Users/Vanessa/git/BachelorThesis/rust/../instances/n500_test95.csv,379166,true
/Users/Vanessa/git/BachelorThesis/rust/../instances/n500_test96.csv,379375,true
/Users/Vanessa/git/BachelorThesis/rust/../instances/n500_test97.csv,382209,false
/Users/Vanessa/git/BachelorThesis/rust/../instances/n500_test98.csv,379042,false
/Users/Vanessa/git/BachelorThesis/rust/../instances/n500_test99.csv,379000,false
/Users/Vanessa/git/BachelorThesis/rust/../instances/n50_test1.csv,1917,false
/Users/Vanessa/git/BachelorThesis/rust/../instances/n50_test10.csv,1917,false
/Users/Vanessa/git/BachelorThesis/rust/../instances/n50_test100.csv,2000,false
/Users/Vanessa/git/BachelorThesis/rust/../instances/n50_test101.csv,1833,true
/Users/Vanessa/git/BachelorThesis/rust/../instances/n50_test102.csv,6292,false
/Users/Vanessa/git/BachelorThesis/rust/../instances/n50_test103.csv,1792,false
/Users/Vanessa/git/BachelorThesis/rust/../instances/n50_test104.csv,1833,false
/Users/Vanessa/git/BachelorThesis/rust/../instances/n50_test105.csv,1791,false
/Users/Vanessa/git/BachelorThesis/rust/../instances/n50_test106.csv,1792,false
/Users/Vanessa/git/BachelorThesis/rust/../instances/n50_test107.csv,1792,true
/Users/Vanessa/git/BachelorThesis/rust/../instances/n50_test108.csv,1833,true
/Users/Vanessa/git/BachelorThesis/rust/../instances/n50_test109.csv,3542,true
/Users/Vanessa/git/BachelorThesis/rust/../instances/n50_test11.csv,1792,true
/Users/Vanessa/git/BachelorThesis/rust/../instances/n50_test110.csv,169291,false
/Users/Vanessa/git/BachelorThesis/rust/../instances/n50_test111.csv,1791,false
/Users/Vanessa/git/BachelorThesis/rust/../instances/n50_test112.csv,1791,false
/Users/Vanessa/git/BachelorThesis/rust/../instances/n50_test113.csv,1791,false
/Users/Vanessa/git/BachelorThesis/rust/../instances/n50_test114.csv,3458,false
/Users/Vanessa/git/BachelorThesis/rust/../instances/n50_test115.csv,1792,false
/Users/Vanessa/git/BachelorThesis/rust/../instances/n50_test116.csv,1792,true
/Users/Vanessa/git/BachelorThesis/rust/../instances/n50_test117.csv,1791,false
/Users/Vanessa/git/BachelorThesis/rust/../instances/n50_test118.csv,1792,false
/Users/Vanessa/git/BachelorThesis/rust/../instances/n50_test119.csv,1792,false
/Users/Vanessa/git/BachelorThesis/rust/../instances/n50_test12.csv,3542,true
/Users/Vanessa/git/BachelorThesis/rust/../instances/n50_test120.csv,1791,true
/Users/Vanessa/git/BachelorThesis/rust/../instances/n50_test121.csv,1792,true
/Users/Vanessa/git/BachelorThesis/rust/../instances/n50_test122.csv,169334,false
/Users/Vanessa/git/BachelorThesis/rust/../instances/n50_test123.csv,1791,true
/Users/Vanessa/git/BachelorThesis/rust/../instances/n50_test124.csv,1791,true
/Users/Vanessa/git/BachelorThesis/rust/../instances/n50_test125.csv,1791,false
/Users/Vanessa/git/BachelorThesis/rust/../instances/n50_test126.csv,1791,true
/Users/Vanessa/git/BachelorThesis/rust/../instances/n50_test127.csv,1792,true
/Users/Vanessa/git/BachelorThesis/rust/../instances/n50_test128.csv,1792,true
/Users/Vanessa/git/BachelorThesis/rust/../instances/n50_test129.csv,1792,false
/Users/Vanessa/git/BachelorThesis/rust/../instances/n50_test13.csv,1792,true
/Users/Vanessa/git/BachelorThesis/rust/../instances/n50_test130.csv,1792,true
/Users/Vanessa/git/BachelorThesis/rust/../instances/n50_test131.csv,1791,false
/Users/Vanessa/git/BachelorThesis/rust/../instances/n50_test132.csv,1792,true
/Users/Vanessa/git/BachelorThesis/rust/../instances/n50_test133.csv,1792,true
/Users/Vanessa/git/BachelorThesis/rust/../instances/n50_test134.csv,1792,false
/Users/Vanessa/git/BachelorThesis/rust/../instances/n50_test135.csv,1792,false
/Users/Vanessa/git/BachelorThesis/rust/../instances/n50_test136.csv,1791,true
/Users/Vanessa/git/BachelorThesis/rust/../instances/n50_test137.csv,3541,true
/Users/Vanessa/git/BachelorThesis/rust/../instances/n50_test138.csv,1791,false
/Users/Vanessa/git/BachelorThesis/rust/../instances/n50_test139.csv,1792,false
/Users/Vanessa/git/BachelorThesis/rust/../instances/n50_test14.csv,1833,true
/Users/Vanessa/git/BachelorThesis/rust/../instances/n50_test140.csv,1750,false
/Users/Vanessa/git/BachelorThesis/rust/../instances/n50_test141.csv,1792,false
/Users/Vanessa/git/BachelorThesis/rust/../instances/n50_test142.csv,1833,true
/Users/Vanessa/git/BachelorThesis/rust/../instances/n50_test143.csv,1792,false
/Users/Vanessa/git/BachelorThesis/rust/../instances/n50_test144.csv,1791,false
/Users/Vanessa/git/BachelorThesis/rust/../instances/n50_test145.csv,3500,false
/Users/Vanessa/git/BachelorThesis/rust/../instances/n50_test146.csv,1833,true
/Users/Vanessa/git/BachelorThesis/rust/../instances/n50_test147.csv,1750,true
/Users/Vanessa/git/BachelorThesis/rust/../instances/n50_test148.csv,1792,false
/Users/Vanessa/git/BachelorThesis/rust/../instances/n50_test149.csv,1792,true
/Users/Vanessa/git/BachelorThesis/rust/../instances/n50_test15.csv,3542,false
/Users/Vanessa/git/BachelorThesis/rust/../instances/n50_test150.csv,1792,true
/Users/Vanessa/git/BachelorThesis/rust/../instances/n50_test151.csv,1792,true
/Users/Vanessa/git/BachelorThesis/rust/../instances/n50_test152.csv,3542,true
/Users/Vanessa/git/BachelorThesis/rust/../instances/n50_test153.csv,1792,false
/Users/Vanessa/git/BachelorThesis/rust/../instances/n50_test154.csv,3542,false
/Users/Vanessa/git/BachelorThesis/rust/../instances/n50_test155.csv,1792,true
/Users/Vanessa/git/BachelorThesis/rust/../instances/n50_test156.csv,4834,true
/Users/Vanessa/git/BachelorThesis/rust/../instances/n50_test157.csv,1792,true
/Users/Vanessa/git/BachelorThesis/rust/../instances/n50_test158.csv,1792,false
/Users/Vanessa/git/BachelorThesis/rust/../instances/n50_test159.csv,1834,true
/Users/Vanessa/git/BachelorThesis/rust/../instances/n50_test16.csv,1834,false
/Users/Vanessa/git/BachelorThesis/rust/../instances/n50_test160.csv,1833,false
/Users/Vanessa/git/BachelorThesis/rust/../instances/n50_test161.csv,1792,true
/Users/Vanessa/git/BachelorThesis/rust/../instances/n50_test162.csv,1833,false
/Users/Vanessa/git/BachelorThesis/rust/../instances/n50_test163.csv,1792,true
/Users/Vanessa/git/BachelorThesis/rust/../instances/n50_test164.csv,1792,false
/Users/Vanessa/git/BachelorThesis/rust/../instances/n50_test165.csv,1791,false
/Users/Vanessa/git/BachelorThesis/rust/../instances/n50_test166.csv,1792,false
/Users/Vanessa/git/BachelorThesis/rust/../instances/n50_test167.csv,1792,true
/Users/Vanessa/git/BachelorThesis/rust/../instances/n50_test168.csv,1792,false
/Users/Vanessa/git/BachelorThesis/rust/../instances/n50_test169.csv,1750,false
/Users/Vanessa/git/BachelorThesis/rust/../instances/n50_test17.csv,1833,true
/Users/Vanessa/git/BachelorThesis/rust/../instances/n50_test170.csv,1791,true
/Users/Vanessa/git/BachelorThesis/rust/../instances/n50_test171.csv,1792,true
/Users/Vanessa/git/BachelorThesis/rust/../instances/n50_test172.csv,1791,true
/Users/Vanessa/git/BachelorThesis/rust/../instances/n50_test173.csv,1792,true
/Users/Vanessa/git/BachelorThesis/rust/../instances/n50_test174.csv,1750,true
/Users/Vanessa/git/BachelorThesis/rust/../instances/n50_test175.csv,3458,false
/Users/Vanessa/git/BachelorThesis/rust/../instances/n50_test176.csv,1750,true
/Users/Vanessa/git/BachelorThesis/rust/../instances/n50_test177.csv,1791,true
/Users/Vanessa/git/BachelorThesis/rust/../instances/n50_test178.csv,1791,true
/Users/Vanessa/git/BachelorThesis/rust/../instances/n50_test179.csv,1791,false
/Users/Vanessa/git/BachelorThesis/rust/../instances/n50_test18.csv,1791,false
/Users/Vanessa/git/BachelorThesis/rust/../instances/n50_test180.csv,1792,false
/Users/Vanessa/git/BachelorThesis/rust/../instances/n50_test181.csv,1792,true
/Users/Vanessa/git/BachelorThesis/rust/../instances/n50_test182.csv,1791,true
/Users/Vanessa/git/BachelorThesis/rust/../instances/n50_test183.csv,3458,false
/Users/Vanessa/git/BachelorThesis/rust/../instances/n50_test184.csv,1792,true
/Users/Vanessa/git/BachelorThesis/rust/../instances/n50_test185.csv,1792,false
/Users/Vanessa/git/BachelorThesis/rust/../instances/n50_test186.csv,1792,true
/Users/Vanessa/git/BachelorThesis/rust/../instances/n50_test187.csv,1791,false
/Users/Vanessa/git/BachelorThesis/rust/../instances/n50_test188.csv,3500,true
/Users/Vanessa/git/BachelorThesis/rust/../instances/n50_test189.csv,1791,false
/Users/Vanessa/git/BachelorThesis/rust/../instances/n50_test19.csv,1792,true
/Users/Vanessa/git/BachelorThesis/rust/../instances/n50_test190.csv,1791,true
/Users/Vanessa/git/BachelorThesis/rust/../instances/n50_test191.csv,1792,false
/Users/Vanessa/git/BachelorThesis/rust/../instances/n50_test192.csv,1792,false
/Users/Vanessa/git/BachelorThesis/rust/../instances/n50_test193.csv,169333,false
/Users/Vanessa/git/BachelorThesis/rust/../instances/n50_test194.csv,3583,false
/Users/Vanessa/git/BachelorThesis/rust/../instances/n50_test195.csv,1791,true
/Users/Vanessa/git/BachelorThesis/rust/../instances/n50_test196.csv,1792,false
/Users/Vanessa/git/BachelorThesis/rust/../instances/n50_test197.csv,1750,true
/Users/Vanessa/git/BachelorThesis/rust/../instances/n50_test198.csv,1792,false
/Users/Vanessa/git/BachelorThesis/rust/../instances/n50_test199.csv,1792,true
/Users/Vanessa/git/BachelorThesis/rust/../instances/n50_test2.csv,1792,true
/Users/Vanessa/git/BachelorThesis/rust/../instances/n50_test20.csv,1792,false
/Users/Vanessa/git/BachelorThesis/rust/../instances/n50_test200.csv,1833,true
/Users/Vanessa/git/BachelorThesis/rust/../instances/n50_test201.csv,1750,false
/Users/Vanessa/git/BachelorThesis/rust/../instances/n50_test202.csv,1792,false
/Users/Vanessa/git/BachelorThesis/rust/../instances/n50_test203.csv,1791,true
/Users/Vanessa/git/BachelorThesis/rust/../instances/n50_test204.csv,1791,false
/Users/Vanessa/git/BachelorThesis/rust/../instances/n50_test205.csv,1750,true
/Users/Vanessa/git/BachelorThesis/rust/../instances/n50_test206.csv,1791,false
/Users/Vanessa/git/BachelorThesis/rust/../instances/n50_test207.csv,1792,true
/Users/Vanessa/git/BachelorThesis/rust/../instances/n50_test208.csv,1792,false
/Users/Vanessa/git/BachelorThesis/rust/../instances/n50_test209.csv,1791,true
/Users/Vanessa/git/BachelorThesis/rust/../instances/n50_test21.csv,1792,true
/Users/Vanessa/git/BachelorThesis/rust/../instances/n50_test210.csv,1791,true
/Users/Vanessa/git/BachelorThesis/rust/../instances/n50_test211.csv,1792,true
/Users/Vanessa/git/BachelorThesis/rust/../instances/n50_test212.csv,1792,false
/Users/Vanessa/git/BachelorThesis/rust/../instances/n50_test213.csv,1792,false
/Users/Vanessa/git/BachelorThesis/rust/../instances/n50_test214.csv,1792,true
/Users/Vanessa/git/BachelorThesis/rust/../instances/n50_test215.csv,1792,true
/Users/Vanessa/git/BachelorThesis/rust/../instances/n50_test216.csv,1792,true
/Users/Vanessa/git/BachelorThesis/rust/../instances/n50_test217.csv,1750,true
/Users/Vanessa/git/BachelorThesis/rust/../instances/n50_test218.csv,1833,false
/Users/Vanessa/git/BachelorThesis/rust/../instances/n50_test219.csv,1750,false
/Users/Vanessa/git/BachelorThesis/rust/../instances/n50_test22.csv,1791,false
/Users/Vanessa/git/BachelorThesis/rust/../instances/n50_test220.csv,1792,true
/Users/Vanessa/git/BachelorThesis/rust/../instances/n50_test221.csv,1791,false
/Users/Vanessa/git/BachelorThesis/rust/../instances/n50_test222.csv,1791,false
/Users/Vanessa/git/BachelorThesis/rust/../instances/n50_test223.csv,1792,true
/Users/Vanessa/git/BachelorThesis/rust/../instances/n50_test224.csv,1792,false
/Users/Vanessa/git/BachelorThesis/rust/../instances/n50_test225.csv,1792,false
/Users/Vanessa/git/BachelorThesis/rust/../instances/n50_test226.csv,1792,true
/Users/Vanessa/git/BachelorThesis/rust/../instances/n50_test227.csv,1750,false
/Users/Vanessa/git/BachelorThesis/rust/../instances/n50_test228.csv,1792,true
/Users/Vanessa/git/BachelorThesis/rust/../instances/n50_test229.csv,1750,false
/Users/Vanessa/git/BachelorThesis/rust/../instances/n50_test23.csv,1792,false
/Users/Vanessa/git/BachelorThesis/rust/../instances/n50_test230.csv,1791,false
/Users/Vanessa/git/BachelorThesis/rust/../instances/n50_test231.csv,1792,false
/Users/Vanessa/git/BachelorThesis/rust/../instances/n50_test232.csv,1833,true
/Users/Vanessa/git/BachelorThesis/rust/../instances/n50_test233.csv,1792,false
/Users/Vanessa/git/BachelorThesis/rust/../instances/n50_test234.csv,1750,false
/Users/Vanessa/git/BachelorThesis/rust/../instances/n50_test235.csv,3500,true
/Users/Vanessa/git/BachelorThesis/rust/../instances/n50_test236.csv,1791,true
/Users/Vanessa/git/BachelorThesis/rust/../instances/n50_test237.csv,1834,true
/Users/Vanessa/git/BachelorThesis/rust/../instances/n50_test238.csv,3541,true
/Users/Vanessa/git/BachelorThesis/rust/../instances/n50_test239.csv,1791,true
/Users/Vanessa/git/BachelorThesis/rust/../instances/n50_test24.csv,1792,false
/Users/Vanessa/git/BachelorThesis/rust/../instances/n50_test240.csv,1792,true
/Users/Vanessa/git/BachelorThesis/rust/../instances/n50_test241.csv,1792,true
/Users/Vanessa/git/BachelorThesis/rust/../instances/n50_test242.csv,1792,true
/Users/Vanessa/git/BachelorThesis/rust/../instances/n50_test243.csv,1791,false
/Users/Vanessa/git/BachelorThesis/rust/../instances/n50_test244.csv,1792,false
/Users/Vanessa/git/BachelorThesis/rust/../instances/n50_test245.csv,169292,false
/Users/Vanessa/git/BachelorThesis/rust/../instances/n50_test246.csv,1792,false
/Users/Vanessa/git/BachelorThesis/rust/../instances/n50_test247.csv,169250,false
/Users/Vanessa/git/BachelorThesis/rust/../instances/n50_test248.csv,1791,true
/Users/Vanessa/git/BachelorThesis/rust/../instances/n50_test249.csv,3500,true
/Users/Vanessa/git/BachelorThesis/rust/../instances/n50_test25.csv,1792,false
/Users/Vanessa/git/BachelorThesis/rust/../instances/n50_test250.csv,1792,true
/Users/Vanessa/git/BachelorThesis/rust/../instances/n50_test251.csv,1792,true
/Users/Vanessa/git/BachelorThesis/rust/../instances/n50_test252.csv,1791,true
/Users/Vanessa/git/BachelorThesis/rust/../instances/n50_test253.csv,1792,true
/Users/Vanessa/git/BachelorThesis/rust/../instances/n50_test254.csv,1792,false
/Users/Vanessa/git/BachelorThesis/rust/../instances/n50_test255.csv,1792,true
/Users/Vanessa/git/BachelorThesis/rust/../instances/n50_test256.csv,3542,false
/Users/Vanessa/git/BachelorThesis/rust/../instances/n50_test257.csv,1792,false
/Users/Vanessa/git/BachelorThesis/rust/../instances/n50_test258.csv,1833,true
/Users/Vanessa/git/BachelorThesis/rust/../instances/n50_test259.csv,1792,true
/Users/Vanessa/git/BachelorThesis/rust/../instances/n50_test26.csv,1791,false
/Users/Vanessa/git/BachelorThesis/rust/../instances/n50_test260.csv,1792,true
/Users/Vanessa/git/BachelorThesis/rust/../instances/n50_test261.csv,1791,false
/Users/Vanessa/git/BachelorThesis/rust/../instances/n50_test262.csv,1792,false
/Users/Vanessa/git/BachelorThesis/rust/../instances/n50_test263.csv,1792,false
/Users/Vanessa/git/BachelorThesis/rust/../instances/n50_test264.csv,1791,false
/Users/Vanessa/git/BachelorThesis/rust/../instances/n50_test265.csv,1792,true
/Users/Vanessa/git/BachelorThesis/rust/../instances/n50_test266.csv,3500,true
/Users/Vanessa/git/BachelorThesis/rust/../instances/n50_test267.csv,1792,true
/Users/Vanessa/git/BachelorThesis/rust/../instances/n50_test268.csv,1791,true
/Users/Vanessa/git/BachelorThesis/rust/../instances/n50_test269.csv,3458,false
/Users/Vanessa/git/BachelorThesis/rust/../instances/n50_test27.csv,1834,true
/Users/Vanessa/git/BachelorThesis/rust/../instances/n50_test270.csv,1792,false
/Users/Vanessa/git/BachelorThesis/rust/../instances/n50_test271.csv,1791,false
/Users/Vanessa/git/BachelorThesis/rust/../instances/n50_test272.csv,1792,true
/Users/Vanessa/git/BachelorThesis/rust/../instances/n50_test273.csv,1792,false
/Users/Vanessa/git/BachelorThesis/rust/../instances/n50_test274.csv,1791,false
/Users/Vanessa/git/BachelorThesis/rust/../instances/n50_test275.csv,1792,true
/Users/Vanessa/git/BachelorThesis/rust/../instances/n50_test276.csv,1750,true
/Users/Vanessa/git/BachelorThesis/rust/../instances/n50_test277.csv,1792,true
/Users/Vanessa/git/BachelorThesis/rust/../instances/n50_test278.csv,1791,false
/Users/Vanessa/git/BachelorThesis/rust/../instances/n50_test279.csv,1792,true
/Users/Vanessa/git/BachelorThesis/rust/../instances/n50_test28.csv,1792,true
/Users/Vanessa/git/BachelorThesis/rust/../instances/n50_test280.csv,1792,false
/Users/Vanessa/git/BachelorThesis/rust/../instances/n50_test281.csv,1750,true
/Users/Vanessa/git/BachelorThesis/rust/../instances/n50_test282.csv,1833,true
/Users/Vanessa/git/BachelorThesis/rust/../instances/n50_test283.csv,1792,true
/Users/Vanessa/git/BachelorThesis/rust/../instances/n50_test284.csv,1792,false
/Users/Vanessa/git/BachelorThesis/rust/../instances/n50_test285.csv,1750,false
/Users/Vanessa/git/BachelorThesis/rust/../instances/n50_test286.csv,1792,false
/Users/Vanessa/git/BachelorThesis/rust/../instances/n50_test287.csv,1833,false
/Users/Vanessa/git/BachelorThesis/rust/../instances/n50_test288.csv,1792,false
/Users/Vanessa/git/BachelorThesis/rust/../instances/n50_test289.csv,3500,true
/Users/Vanessa/git/BachelorThesis/rust/../instances/n50_test29.csv,1791,false
/Users/Vanessa/git/BachelorThesis/rust/../instances/n50_test290.csv,1791,true
/Users/Vanessa/git/BachelorThesis/rust/../instances/n50_test291.csv,1792,false
/Users/Vanessa/git/BachelorThesis/rust/../instances/n50_test292.csv,1792,true
/Users/Vanessa/git/BachelorThesis/rust/../instances/n50_test293.csv,1791,true
/Users/Vanessa/git/BachelorThesis/rust/../instances/n50_test294.csv,3541,true
/Users/Vanessa/git/BachelorThesis/rust/../instances/n50_test295.csv,1833,true
/Users/Vanessa/git/BachelorThesis/rust/../instances/n50_test296.csv,1792,true
/Users/Vanessa/git/BachelorThesis/rust/../instances/n50_test297.csv,1792,false
/Users/Vanessa/git/BachelorThesis/rust/../instances/n50_test298.csv,1833,false
/Users/Vanessa/git/BachelorThesis/rust/../instances/n50_test299.csv,1791,false
/Users/Vanessa/git/BachelorThesis/rust/../instances/n50_test3.csv,1792,true
/Users/Vanessa/git/BachelorThesis/rust/../instances/n50_test30.csv,1750,false
/Users/Vanessa/git/BachelorThesis/rust/../instances/n50_test300.csv,1792,true
/Users/Vanessa/git/BachelorThesis/rust/../instances/n50_test301.csv,1791,true
/Users/Vanessa/git/BachelorThesis/rust/../instances/n50_test302.csv,1792,true
/Users/Vanessa/git/BachelorThesis/rust/../instances/n50_test303.csv,3500,false
/Users/Vanessa/git/BachelorThesis/rust/../instances/n50_test304.csv,1792,false
/Users/Vanessa/git/BachelorThesis/rust/../instances/n50_test305.csv,1792,true
/Users/Vanessa/git/BachelorThesis/rust/../instances/n50_test306.csv,3541,false
/Users/Vanessa/git/BachelorThesis/rust/../instances/n50_test307.csv,1792,false
/Users/Vanessa/git/BachelorThesis/rust/../instances/n50_test308.csv,1792,true
/Users/Vanessa/git/BachelorThesis/rust/../instances/n50_test309.csv,1792,true
/Users/Vanessa/git/BachelorThesis/rust/../instances/n50_test31.csv,1792,false
/Users/Vanessa/git/BachelorThesis/rust/../instances/n50_test310.csv,1750,false
/Users/Vanessa/git/BachelorThesis/rust/../instances/n50_test311.csv,1750,true
/Users/Vanessa/git/BachelorThesis/rust/../instances/n50_test312.csv,1792,false
/Users/Vanessa/git/BachelorThesis/rust/../instances/n50_test313.csv,1791,true
/Users/Vanessa/git/BachelorThesis/rust/../instances/n50_test314.csv,1792,false
/Users/Vanessa/git/BachelorThesis/rust/../instances/n50_test315.csv,1792,true
/Users/Vanessa/git/BachelorThesis/rust/../instances/n50_test316.csv,1750,true
/Users/Vanessa/git/BachelorThesis/rust/../instances/n50_test317.csv,3541,true
/Users/Vanessa/git/BachelorThesis/rust/../instances/n50_test318.csv,3541,false
/Users/Vanessa/git/BachelorThesis/rust/../instances/n50_test319.csv,1791,true
/Users/Vanessa/git/BachelorThesis/rust/../instances/n50_test32.csv,1792,false
/Users/Vanessa/git/BachelorThesis/rust/../instances/n50_test320.csv,1792,true
/Users/Vanessa/git/BachelorThesis/rust/../instances/n50_test321.csv,1792,false
/Users/Vanessa/git/BachelorThesis/rust/../instances/n50_test322.csv,1792,true
/Users/Vanessa/git/BachelorThesis/rust/../instances/n50_test323.csv,1833,true
/Users/Vanessa/git/BachelorThesis/rust/../instances/n50_test324.csv,1792,false
/Users/Vanessa/git/BachelorThesis/rust/../instances/n50_test325.csv,1791,true
/Users/Vanessa/git/BachelorThesis/rust/../instances/n50_test326.csv,3541,true
/Users/Vanessa/git/BachelorThesis/rust/../instances/n50_test327.csv,1833,true
/Users/Vanessa/git/BachelorThesis/rust/../instances/n50_test328.csv,1792,false
/Users/Vanessa/git/BachelorThesis/rust/../instances/n50_test329.csv,1792,true
/Users/Vanessa/git/BachelorThesis/rust/../instances/n50_test33.csv,3500,false
/Users/Vanessa/git/BachelorThesis/rust/../instances/n50_test330.csv,1750,false
/Users/Vanessa/git/BachelorThesis/rust/../instances/n50_test331.csv,3542,false
/Users/Vanessa/git/BachelorThesis/rust/../instances/n50_test332.csv,1833,false
/Users/Vanessa/git/BachelorThesis/rust/../instances/n50_test333.csv,1792,false
/Users/Vanessa/git/BachelorThesis/rust/../instances/n50_test334.csv,1792,true
/Users/Vanessa/git/BachelorThesis/rust/../instances/n50_test335.csv,1791,false
/Users/Vanessa/git/BachelorThesis/rust/../instances/n50_test336.csv,3542,false
/Users/Vanessa/git/BachelorThesis/rust/../instances/n50_test337.csv,1792,true
/Users/Vanessa/git/BachelorThesis/rust/../instances/n50_test338.csv,1792,false
/Users/Vanessa/git/BachelorThesis/rust/../instances/n50_test339.csv,1792,true
/Users/Vanessa/git/BachelorThesis/rust/../instances/n50_test34.csv,1792,false
/Users/Vanessa/git/BachelorThesis/rust/../instances/n50_test340.csv,1792,false
/Users/Vanessa/git/BachelorThesis/rust/../instances/n50_test341.csv,1792,true
/Users/Vanessa/git/BachelorThesis/rust/../instances/n50_test342.csv,1791,true
/Users/Vanessa/git/BachelorThesis/rust/../instances/n50_test343.csv,3542,true
/Users/Vanessa/git/BachelorThesis/rust/../instances/n50_test344.csv,3584,false
/Users/Vanessa/git/BachelorThesis/rust/../instances/n50_test345.csv,1791,true
/Users/Vanessa/git/BachelorThesis/rust/../instances/n50_test346.csv,3500,true
/Users/Vanessa/git/BachelorThesis/rust/../instances/n50_test347.csv,1791,true
/Users/Vanessa/git/BachelorThesis/rust/../instances/n50_test348.csv,1792,false
/Users/Vanessa/git/BachelorThesis/rust/../instances/n50_test349.csv,1875,false
/Users/Vanessa/git/BachelorThesis/rust/../instances/n50_test35.csv,1750,true
/Users/Vanessa/git/BachelorThesis/rust/../instances/n50_test350.csv,1792,true
/Users/Vanessa/git/BachelorThesis/rust/../instances/n50_test351.csv,1750,false
/Users/Vanessa/git/BachelorThesis/rust/../instances/n50_test352.csv,1792,false
/Users/Vanessa/git/BachelorThesis/rust/../instances/n50_test353.csv,1792,false
/Users/Vanessa/git/BachelorThesis/rust/../instances/n50_test354.csv,1792,false
/Users/Vanessa/git/BachelorThesis/rust/../instances/n50_test355.csv,1792,false
/Users/Vanessa/git/BachelorThesis/rust/../instances/n50_test356.csv,1792,true
/Users/Vanessa/git/BachelorThesis/rust/../instances/n50_test357.csv,1792,true
/Users/Vanessa/git/BachelorThesis/rust/../instances/n50_test358.csv,1792,false
/Users/Vanessa/git/BachelorThesis/rust/../instances/n50_test359.csv,1792,true
/Users/Vanessa/git/BachelorThesis/rust/../instances/n50_test36.csv,1792,false
/Users/Vanessa/git/BachelorThesis/rust/../instances/n50_test360.csv,1792,false
/Users/Vanessa/git/BachelorThesis/rust/../instances/n50_test361.csv,1792,true
/Users/Vanessa/git/BachelorThesis/rust/../instances/n50_test362.csv,1791,false
/Users/Vanessa/git/BachelorThesis/rust/../instances/n50_test363.csv,1791,false
/Users/Vanessa/git/BachelorThesis/rust/../instances/n50_test364.csv,1750,false
/Users/Vanessa/git/BachelorThesis/rust/../instances/n50_test365.csv,1792,false
/Users/Vanessa/git/BachelorThesis/rust/../instances/n50_test366.csv,3542,false
/Users/Vanessa/git/BachelorThesis/rust/../instances/n50_test367.csv,1791,true
/Users/Vanessa/git/BachelorThesis/rust/../instances/n50_test368.csv,1792,false
/Users/Vanessa/git/BachelorThesis/rust/../instances/n50_test369.csv,1792,false
/Users/Vanessa/git/BachelorThesis/rust/../instances/n50_test37.csv,1791,true
/Users/Vanessa/git/BachelorThesis/rust/../instances/n50_test370.csv,1791,true
/Users/Vanessa/git/BachelorThesis/rust/../instances/n50_test371.csv,1792,false
/Users/Vanessa/git/BachelorThesis/rust/../instances/n50_test372.csv,169375,false
/Users/Vanessa/git/BachelorThesis/rust/../instances/n50_test373.csv,1792,false
/Users/Vanessa/git/BachelorThesis/rust/../instances/n50_test374.csv,3500,true
/Users/Vanessa/git/BachelorThesis/rust/../instances/n50_test375.csv,1792,false
/Users/Vanessa/git/BachelorThesis/rust/../instances/n50_test376.csv,1834,false
/Users/Vanessa/git/BachelorThesis/rust/../instances/n50_test377.csv,1792,false
/Users/Vanessa/git/BachelorThesis/rust/../instances/n50_test378.csv,1791,false
/Users/Vanessa/git/BachelorThesis/rust/../instances/n50_test379.csv,1834,true
/Users/Vanessa/git/BachelorThesis/rust/../instances/n50_test38.csv,3500,false
/Users/Vanessa/git/BachelorThesis/rust/../instances/n50_test380.csv,1792,false
/Users/Vanessa/git/BachelorThesis/rust/../instances/n50_test381.csv,1792,true
/Users/Vanessa/git/BachelorThesis/rust/../instances/n50_test382.csv,1792,false
/Users/Vanessa/git/BachelorThesis/rust/../instances/n50_test383.csv,1791,true
/Users/Vanessa/git/BachelorThesis/rust/../instances/n50_test384.csv,1750,true
/Users/Vanessa/git/BachelorThesis/rust/../instances/n50_test385.csv,1792,false
/Users/Vanessa/git/BachelorThesis/rust/../instances/n50_test386.csv,3541,true
/Users/Vanessa/git/BachelorThesis/rust/../instances/n50_test387.csv,1792,false
/Users/Vanessa/git/BachelorThesis/rust/../instances/n50_test388.csv,1792,true
/Users/Vanessa/git/BachelorThesis/rust/../instances/n50_test389.csv,1791,false
/Users/Vanessa/git/BachelorThesis/rust/../instances/n50_test39.csv,1750,true
/Users/Vanessa/git/BachelorThesis/rust/../instances/n50_test390.csv,1792,true
/Users/Vanessa/git/BachelorThesis/rust/../instances/n50_test391.csv,1792,true
/Users/Vanessa/git/BachelorThesis/rust/../instances/n50_test392.csv,1750,false
/Users/Vanessa/git/BachelorThesis/rust/../instances/n50_test393.csv,1792,true
/Users/Vanessa/git/BachelorThesis/rust/../instances/n50_test394.csv,3542,false
/Users/Vanessa/git/BachelorThesis/rust/../instances/n50_test395.csv,1792,false
/Users/Vanessa/git/BachelorThesis/rust/../instances/n50_test396.csv,1750,false
/Users/Vanessa/git/BachelorThesis/rust/../instances/n50_test397.csv,1792,true
/Users/Vanessa/git/BachelorThesis/rust/../instances/n50_test398.csv,3500,true
/Users/Vanessa/git/BachelorThesis/rust/../instances/n50_test399.csv,1750,true
/Users/Vanessa/git/BachelorThesis/rust/../instances/n50_test4.csv,1791,false
/Users/Vanessa/git/BachelorThesis/rust/../instances/n50_test40.csv,1791,false
/Users/Vanessa/git/BachelorThesis/rust/../instances/n50_test400.csv,1791,false
/Users/Vanessa/git/BachelorThesis/rust/../instances/n50_test401.csv,1792,true
/Users/Vanessa/git/BachelorThesis/rust/../instances/n50_test402.csv,1833,true
/Users/Vanessa/git/BachelorThesis/rust/../instances/n50_test403.csv,1792,true
/Users/Vanessa/git/BachelorThesis/rust/../instances/n50_test404.csv,1792,false
/Users/Vanessa/git/BachelorThesis/rust/../instances/n50_test405.csv,1792,true
/Users/Vanessa/git/BachelorThesis/rust/../instances/n50_test406.csv,1791,false
/Users/Vanessa/git/BachelorThesis/rust/../instances/n50_test407.csv,1750,true
/Users/Vanessa/git/BachelorThesis/rust/../instances/n50_test408.csv,3500,true
/Users/Vanessa/git/BachelorThesis/rust/../instances/n50_test409.csv,1792,false
/Users/Vanessa/git/BachelorThesis/rust/../instances/n50_test41.csv,1791,false
/Users/Vanessa/git/BachelorThesis/rust/../instances/n50_test410.csv,1792,false
/Users/Vanessa/git/BachelorThesis/rust/../instances/n50_test411.csv,1834,false
/Users/Vanessa/git/BachelorThesis/rust/../instances/n50_test412.csv,1791,true
/Users/Vanessa/git/BachelorThesis/rust/../instances/n50_test413.csv,1791,false
/Users/Vanessa/git/BachelorThesis/rust/../instances/n50_test414.csv,3500,true
/Users/Vanessa/git/BachelorThesis/rust/../instances/n50_test415.csv,1791,false
/Users/Vanessa/git/BachelorThesis/rust/../instances/n50_test416.csv,1792,false
/Users/Vanessa/git/BachelorThesis/rust/../instances/n50_test417.csv,1792,true
/Users/Vanessa/git/BachelorThesis/rust/../instances/n50_test418.csv,1833,true
/Users/Vanessa/git/BachelorThesis/rust/../instances/n50_test419.csv,1792,true
/Users/Vanessa/git/BachelorThesis/rust/../instances/n50_test42.csv,1792,false
/Users/Vanessa/git/BachelorThesis/rust/../instances/n50_test420.csv,1791,false
/Users/Vanessa/git/BachelorThesis/rust/../instances/n50_test421.csv,1792,false
/Users/Vanessa/git/BachelorThesis/rust/../instances/n50_test422.csv,1792,false
/Users/Vanessa/git/BachelorThesis/rust/../instances/n50_test423.csv,1792,true
/Users/Vanessa/git/BachelorThesis/rust/../instances/n50_test424.csv,1791,false
/Users/Vanessa/git/BachelorThesis/rust/../instances/n50_test425.csv,1792,true
/Users/Vanessa/git/BachelorThesis/rust/../instances/n50_test426.csv,3500,true
/Users/Vanessa/git/BachelorThesis/rust/../instances/n50_test427.csv,1791,false
/Users/Vanessa/git/BachelorThesis/rust/../instances/n50_test428.csv,169250,false
/Users/Vanessa/git/BachelorThesis/rust/../instances/n50_test429.csv,1792,true
/Users/Vanessa/git/BachelorThesis/rust/../instances/n50_test43.csv,1792,false
/Users/Vanessa/git/BachelorThesis/rust/../instances/n50_test430.csv,1833,true
/Users/Vanessa/git/BachelorThesis/rust/../instances/n50_test431.csv,1792,false
/Users/Vanessa/git/BachelorThesis/rust/../instances/n50_test432.csv,1791,false
/Users/Vanessa/git/BachelorThesis/rust/../instances/n50_test433.csv,1875,true
/Users/Vanessa/git/BachelorThesis/rust/../instances/n50_test434.csv,1875,true
/Users/Vanessa/git/BachelorThesis/rust/../instances/n50_test435.csv,1791,true
/Users/Vanessa/git/BachelorThesis/rust/../instances/n50_test436.csv,1833,true
/Users/Vanessa/git/BachelorThesis/rust/../instances/n50_test437.csv,1750,true
/Users/Vanessa/git/BachelorThesis/rust/../instances/n50_test438.csv,1791,true
/Users/Vanessa/git/BachelorThesis/rust/../instances/n50_test439.csv,3541,true
/Users/Vanessa/git/BachelorThesis/rust/../instances/n50_test44.csv,1833,true
/Users/Vanessa/git/BachelorThesis/rust/../instances/n50_test440.csv,1792,false
/Users/Vanessa/git/BachelorThesis/rust/../instances/n50_test441.csv,2000,true
/Users/Vanessa/git/BachelorThesis/rust/../instances/n50_test442.csv,1791,false
/Users/Vanessa/git/BachelorThesis/rust/../instances/n50_test443.csv,1792,true
/Users/Vanessa/git/BachelorThesis/rust/../instances/n50_test444.csv,1875,false
/Users/Vanessa/git/BachelorThesis/rust/../instances/n50_test445.csv,1792,false
/Users/Vanessa/git/BachelorThesis/rust/../instances/n50_test446.csv,1791,true
/Users/Vanessa/git/BachelorThesis/rust/../instances/n50_test447.csv,1792,true
/Users/Vanessa/git/BachelorThesis/rust/../instances/n50_test448.csv,1792,true
/Users/Vanessa/git/BachelorThesis/rust/../instances/n50_test449.csv,1792,true
/Users/Vanessa/git/BachelorThesis/rust/../instances/n50_test45.csv,1791,true
/Users/Vanessa/git/BachelorThesis/rust/../instances/n50_test450.csv,1792,false
/Users/Vanessa/git/BachelorThesis/rust/../instances/n50_test451.csv,1750,true
/Users/Vanessa/git/BachelorThesis/rust/../instances/n50_test452.csv,1792,false
/Users/Vanessa/git/BachelorThesis/rust/../instances/n50_test453.csv,1791,true
/Users/Vanessa/git/BachelorThesis/rust/../instances/n50_test454.csv,1791,false
/Users/Vanessa/git/BachelorThesis/rust/../instances/n50_test455.csv,1792,false
/Users/Vanessa/git/BachelorThesis/rust/../instances/n50_test456.csv,1791,false
/Users/Vanessa/git/BachelorThesis/rust/../instances/n50_test457.csv,1792,true
/Users/Vanessa/git/BachelorThesis/rust/../instances/n50_test458.csv,1833,false
/Users/Vanessa/git/BachelorThesis/rust/../instances/n50_test459.csv,1791,false
/Users/Vanessa/git/BachelorThesis/rust/../instances/n50_test46.csv,1791,true
/Users/Vanessa/git/BachelorThesis/rust/../instances/n50_test460.csv,1791,true
/Users/Vanessa/git/BachelorThesis/rust/../instances/n50_test461.csv,1791,true
/Users/Vanessa/git/BachelorThesis/rust/../instances/n50_test462.csv,1792,true
/Users/Vanessa/git/BachelorThesis/rust/../instances/n50_test463.csv,3500,false
/Users/Vanessa/git/BachelorThesis/rust/../instances/n50_test464.csv,1834,true
/Users/Vanessa/git/BachelorThesis/rust/../instances/n50_test465.csv,1792,false
/Users/Vanessa/git/BachelorThesis/rust/../instances/n50_test466.csv,1791,true
/Users/Vanessa/git/BachelorThesis/rust/../instances/n50_test467.csv,1792,false
/Users/Vanessa/git/BachelorThesis/rust/../instances/n50_test468.csv,1792,true
/Users/Vanessa/git/BachelorThesis/rust/../instances/n50_test469.csv,1792,false
/Users/Vanessa/git/BachelorThesis/rust/../instances/n50_test47.csv,1791,false
/Users/Vanessa/git/BachelorThesis/rust/../instances/n50_test470.csv,1834,true
/Users/Vanessa/git/BachelorThesis/rust/../instances/n50_test471.csv,1792,false
/Users/Vanessa/git/BachelorThesis/rust/../instances/n50_test472.csv,1750,true
/Users/Vanessa/git/BachelorThesis/rust/../instances/n50_test473.csv,1792,true
/Users/Vanessa/git/BachelorThesis/rust/../instances/n50_test474.csv,1792,true
/Users/Vanessa/git/BachelorThesis/rust/../instances/n50_test475.csv,1833,false
/Users/Vanessa/git/BachelorThesis/rust/../instances/n50_test476.csv,1750,true
/Users/Vanessa/git/BachelorThesis/rust/../instances/n50_test477.csv,169250,false
/Users/Vanessa/git/BachelorThesis/rust/../instances/n50_test478.csv,1792,false
/Users/Vanessa/git/BachelorThesis/rust/../instances/n50_test479.csv,1791,false
/Users/Vanessa/git/BachelorThesis/rust/../instances/n50_test48.csv,1792,false
/Users/Vanessa/git/BachelorThesis/rust/../instances/n50_test480.csv,1750,true
/Users/Vanessa/git/BachelorThesis/rust/../instances/n50_test481.csv,1792,true
/Users/Vanessa/git/BachelorThesis/rust/../instances/n50_test482.csv,1791,false
/Users/Vanessa/git/BachelorThesis/rust/../instances/n50_test483.csv,1791,false
/Users/Vanessa/git/BachelorThesis/rust/../instances/n50_test484.csv,1834,false
/Users/Vanessa/git/BachelorThesis/rust/../instances/n50_test485.csv,1792,false
/Users/Vanessa/git/BachelorThesis/rust/../instances/n50_test486.csv,1791,true
/Users/Vanessa/git/BachelorThesis/rust/../instances/n50_test487.csv,1792,false
/Users/Vanessa/git/BachelorThesis/rust/../instances/n50_test488.csv,1750,false
/Users/Vanessa/git/BachelorThesis/rust/../instances/n50_test489.csv,1792,false
/Users/Vanessa/git/BachelorThesis/rust/../instances/n50_test49.csv,1792,false
/Users/Vanessa/git/BachelorThesis/rust/../instances/n50_test490.csv,1792,true
/Users/Vanessa/git/BachelorThesis/rust/../instances/n50_test491.csv,1792,true
/Users/Vanessa/git/BachelorThesis/rust/../instances/n50_test492.csv,1792,false
/Users/Vanessa/git/BachelorThesis/rust/../instances/n50_test493.csv,169417,false
/Users/Vanessa/git/BachelorThesis/rust/../instances/n50_test494.csv,1791,false
/Users/Vanessa/git/BachelorThesis/rust/../instances/n50_test495.csv,1791,false
/Users/Vanessa/git/BachelorThesis/rust/../instances/n50_test496.csv,2000,false
/Users/Vanessa/git/BachelorThesis/rust/../instances/n50_test497.csv,1791,false
/Users/Vanessa/git/BachelorThesis/rust/../instances/n50_test498.csv,1792,false
/Users/Vanessa/git/BachelorThesis/rust/../instances/n50_test499.csv,1792,true
/Users/Vanessa/git/BachelorThesis/rust/../instances/n50_test5.csv,1791,false
/Users/Vanessa/git/BachelorThesis/rust/../instances/n50_test50.csv,1791,true
/Users/Vanessa/git/BachelorThesis/rust/../instances/n50_test500.csv,1791,false
/Users/Vanessa/git/BachelorThesis/rust/../instances/n50_test51.csv,1792,false
/Users/Vanessa/git/BachelorThesis/rust/../instances/n50_test52.csv,1791,false
/Users/Vanessa/git/BachelorThesis/rust/../instances/n50_test53.csv,1792,true
/Users/Vanessa/git/BachelorThesis/rust/../instances/n50_test54.csv,1792,true
/Users/Vanessa/git/BachelorThesis/rust/../instances/n50_test55.csv,1791,true
/Users/Vanessa/git/BachelorThesis/rust/../instances/n50_test56.csv,1791,false
/Users/Vanessa/git/BachelorThesis/rust/../instances/n50_test57.csv,169250,false
/Users/Vanessa/git/BachelorThesis/rust/../instances/n50_test58.csv,1792,false
/Users/Vanessa/git/BachelorThesis/rust/../instances/n50_test59.csv,1791,true
/Users/Vanessa/git/BachelorThesis/rust/../instances/n50_test6.csv,1833,false
/Users/Vanessa/git/BachelorThesis/rust/../instances/n50_test60.csv,1792,false
/Users/Vanessa/git/BachelorThesis/rust/../instances/n50_test61.csv,1750,false
/Users/Vanessa/git/BachelorThesis/rust/../instances/n50_test62.csv,1750,true
/Users/Vanessa/git/BachelorThesis/rust/../instances/n50_test63.csv,1791,false
/Users/Vanessa/git/BachelorThesis/rust/../instances/n50_test64.csv,1792,true
/Users/Vanessa/git/BachelorThesis/rust/../instances/n50_test65.csv,1750,false
/Users/Vanessa/git/BachelorThesis/rust/../instances/n50_test66.csv,1792,false
/Users/Vanessa/git/BachelorThesis/rust/../instances/n50_test67.csv,1750,false
/Users/Vanessa/git/BachelorThesis/rust/../instances/n50_test68.csv,1791,false
/Users/Vanessa/git/BachelorThesis/rust/../instances/n50_test69.csv,1792,false
/Users/Vanessa/git/BachelorThesis/rust/../instances/n50_test7.csv,1791,true
/Users/Vanessa/git/BachelorThesis/rust/../instances/n50_test70.csv,1792,false
/Users/Vanessa/git/BachelorThesis/rust/../instances/n50_test71.csv,1791,false
/Users/Vanessa/git/BachelorThesis/rust/../instances/n50_test72.csv,1791,false
/Users/Vanessa/git/BachelorThesis/rust/../instances/n50_test73.csv,1750,false
/Users/Vanessa/git/BachelorThesis/rust/../instances/n50_test74.csv,1750,true
/Users/Vanessa/git/BachelorThesis/rust/../instances/n50_test75.csv,1791,false
/Users/Vanessa/git/BachelorThesis/rust/../instances/n50_test76.csv,1792,true
/Users/Vanessa/git/BachelorThesis/rust/../instances/n50_test77.csv,1791,false
/Users/Vanessa/git/BachelorThesis/rust/../instances/n50_test78.csv,1791,true
/Users/Vanessa/git/BachelorThesis/rust/../instances/n50_test79.csv,1792,true
/Users/Vanessa/git/BachelorThesis/rust/../instances/n50_test8.csv,1792,true
/Users/Vanessa/git/BachelorThesis/rust/../instances/n50_test80.csv,3541,false
/Users/Vanessa/git/BachelorThesis/rust/../instances/n50_test81.csv,169292,false
/Users/Vanessa/git/BachelorThesis/rust/../instances/n50_test82.csv,1834,true
/Users/Vanessa/git/BachelorThesis/rust/../instances/n50_test83.csv,1750,false
/Users/Vanessa/git/BachelorThesis/rust/../instances/n50_test84.csv,1792,false
/Users/Vanessa/git/BachelorThesis/rust/../instances/n50_test85.csv,1875,false
/Users/Vanessa/git/BachelorThesis/rust/../instances/n50_test86.csv,1833,true
/Users/Vanessa/git/BachelorThesis/rust/../instances/n50_test87.csv,1791,false
/Users/Vanessa/git/BachelorThesis/rust/../instances/n50_test88.csv,1792,false
/Users/Vanessa/git/BachelorThesis/rust/../instances/n50_test89.csv,169500,false
/Users/Vanessa/git/BachelorThesis/rust/../instances/n50_test9.csv,1792,true
/Users/Vanessa/git/BachelorThesis/rust/../instances/n50_test90.csv,1792,true
/Users/Vanessa/git/BachelorThesis/rust/../instances/n50_test91.csv,1792,true
/Users/Vanessa/git/BachelorThesis/rust/../instances/n50_test92.csv,1792,true
/Users/Vanessa/git/BachelorThesis/rust/../instances/n50_test93.csv,1792,true
/Users/Vanessa/git/BachelorThesis/rust/../instances/n50_test94.csv,1792,false
/Users/Vanessa/git/BachelorThesis/rust/../instances/n50_test95.csv,1833,true
/Users/Vanessa/git/BachelorThesis/rust/../instances/n50_test96.csv,1791,true
/Users/Vanessa/git/BachelorThesis/rust/../instances/n50_test97.csv,1791,false
/Users/Vanessa/git/BachelorThesis/rust/../instances/n50_test98.csv,1792,false
/Users/Vanessa/git/BachelorThesis/rust/../instances/n50_test99.csv,1791,true
