file,time,result
/Users/Vanessa/git/BachelorThesis/rust/../instances/n1000_test1.csv,1139959,false
/Users/Vanessa/git/BachelorThesis/rust/../instances/n1000_test10.csv,608000,true
/Users/Vanessa/git/BachelorThesis/rust/../instances/n1000_test100.csv,552667,true
/Users/Vanessa/git/BachelorThesis/rust/../instances/n1000_test101.csv,319916,true
/Users/Vanessa/git/BachelorThesis/rust/../instances/n1000_test102.csv,306250,false
/Users/Vanessa/git/BachelorThesis/rust/../instances/n1000_test103.csv,8470500,true
/Users/Vanessa/git/BachelorThesis/rust/../instances/n1000_test104.csv,339167,true
/Users/Vanessa/git/BachelorThesis/rust/../instances/n1000_test105.csv,315917,true
/Users/Vanessa/git/BachelorThesis/rust/../instances/n1000_test106.csv,372541,true
/Users/Vanessa/git/BachelorThesis/rust/../instances/n1000_test107.csv,375250,false
/Users/Vanessa/git/BachelorThesis/rust/../instances/n1000_test108.csv,295917,true
/Users/Vanessa/git/BachelorThesis/rust/../instances/n1000_test109.csv,454708,true
/Users/Vanessa/git/BachelorThesis/rust/../instances/n1000_test11.csv,299417,true
/Users/Vanessa/git/BachelorThesis/rust/../instances/n1000_test110.csv,356959,true
/Users/Vanessa/git/BachelorThesis/rust/../instances/n1000_test111.csv,326459,false
/Users/Vanessa/git/BachelorThesis/rust/../instances/n1000_test112.csv,7057417,false
/Users/Vanessa/git/BachelorThesis/rust/../instances/n1000_test113.csv,300250,true
/Users/Vanessa/git/BachelorThesis/rust/../instances/n1000_test114.csv,348125,true
/Users/Vanessa/git/BachelorThesis/rust/../instances/n1000_test115.csv,306333,false
/Users/Vanessa/git/BachelorThesis/rust/../instances/n1000_test116.csv,403583,true
/Users/Vanessa/git/BachelorThesis/rust/../instances/n1000_test117.csv,291625,false
/Users/Vanessa/git/BachelorThesis/rust/../instances/n1000_test118.csv,390959,false
/Users/Vanessa/git/BachelorThesis/rust/../instances/n1000_test119.csv,11451875,false
/Users/Vanessa/git/BachelorThesis/rust/../instances/n1000_test12.csv,459208,false
/Users/Vanessa/git/BachelorThesis/rust/../instances/n1000_test120.csv,400333,false
/Users/Vanessa/git/BachelorThesis/rust/../instances/n1000_test121.csv,341291,false
/Users/Vanessa/git/BachelorThesis/rust/../instances/n1000_test122.csv,461167,false
/Users/Vanessa/git/BachelorThesis/rust/../instances/n1000_test123.csv,341209,true
/Users/Vanessa/git/BachelorThesis/rust/../instances/n1000_test124.csv,376791,false
/Users/Vanessa/git/BachelorThesis/rust/../instances/n1000_test125.csv,307458,true
/Users/Vanessa/git/BachelorThesis/rust/../instances/n1000_test126.csv,388250,false
/Users/Vanessa/git/BachelorThesis/rust/../instances/n1000_test127.csv,298417,false
/Users/Vanessa/git/BachelorThesis/rust/../instances/n1000_test128.csv,7886416,false
/Users/Vanessa/git/BachelorThesis/rust/../instances/n1000_test129.csv,295958,true
/Users/Vanessa/git/BachelorThesis/rust/../instances/n1000_test13.csv,294375,true
/Users/Vanessa/git/BachelorThesis/rust/../instances/n1000_test130.csv,310958,false
/Users/Vanessa/git/BachelorThesis/rust/../instances/n1000_test131.csv,305417,true
/Users/Vanessa/git/BachelorThesis/rust/../instances/n1000_test132.csv,310333,true
/Users/Vanessa/git/BachelorThesis/rust/../instances/n1000_test133.csv,381709,true
/Users/Vanessa/git/BachelorThesis/rust/../instances/n1000_test134.csv,306667,false
/Users/Vanessa/git/BachelorThesis/rust/../instances/n1000_test135.csv,495209,true
/Users/Vanessa/git/BachelorThesis/rust/../instances/n1000_test136.csv,312417,false
/Users/Vanessa/git/BachelorThesis/rust/../instances/n1000_test137.csv,306083,false
/Users/Vanessa/git/BachelorThesis/rust/../instances/n1000_test138.csv,306125,true
/Users/Vanessa/git/BachelorThesis/rust/../instances/n1000_test139.csv,296333,false
/Users/Vanessa/git/BachelorThesis/rust/../instances/n1000_test14.csv,301458,true
/Users/Vanessa/git/BachelorThesis/rust/../instances/n1000_test140.csv,316334,true
/Users/Vanessa/git/BachelorThesis/rust/../instances/n1000_test141.csv,296208,false
/Users/Vanessa/git/BachelorThesis/rust/../instances/n1000_test142.csv,441750,true
/Users/Vanessa/git/BachelorThesis/rust/../instances/n1000_test143.csv,312333,true
/Users/Vanessa/git/BachelorThesis/rust/../instances/n1000_test144.csv,296791,false
/Users/Vanessa/git/BachelorThesis/rust/../instances/n1000_test145.csv,306542,false
/Users/Vanessa/git/BachelorThesis/rust/../instances/n1000_test146.csv,298166,true
/Users/Vanessa/git/BachelorThesis/rust/../instances/n1000_test147.csv,300542,true
/Users/Vanessa/git/BachelorThesis/rust/../instances/n1000_test148.csv,299959,false
/Users/Vanessa/git/BachelorThesis/rust/../instances/n1000_test149.csv,296917,true
/Users/Vanessa/git/BachelorThesis/rust/../instances/n1000_test15.csv,472833,false
/Users/Vanessa/git/BachelorThesis/rust/../instances/n1000_test150.csv,296167,true
/Users/Vanessa/git/BachelorThesis/rust/../instances/n1000_test151.csv,293917,false
/Users/Vanessa/git/BachelorThesis/rust/../instances/n1000_test152.csv,305375,true
/Users/Vanessa/git/BachelorThesis/rust/../instances/n1000_test153.csv,295375,false
/Users/Vanessa/git/BachelorThesis/rust/../instances/n1000_test154.csv,578417,false
/Users/Vanessa/git/BachelorThesis/rust/../instances/n1000_test155.csv,599625,false
/Users/Vanessa/git/BachelorThesis/rust/../instances/n1000_test156.csv,402250,false
/Users/Vanessa/git/BachelorThesis/rust/../instances/n1000_test157.csv,367291,true
/Users/Vanessa/git/BachelorThesis/rust/../instances/n1000_test158.csv,583875,true
/Users/Vanessa/git/BachelorThesis/rust/../instances/n1000_test159.csv,417334,false
/Users/Vanessa/git/BachelorThesis/rust/../instances/n1000_test16.csv,484958,true
/Users/Vanessa/git/BachelorThesis/rust/../instances/n1000_test160.csv,339833,false
/Users/Vanessa/git/BachelorThesis/rust/../instances/n1000_test161.csv,351334,false
/Users/Vanessa/git/BachelorThesis/rust/../instances/n1000_test162.csv,365416,false
/Users/Vanessa/git/BachelorThesis/rust/../instances/n1000_test163.csv,315667,false
/Users/Vanessa/git/BachelorThesis/rust/../instances/n1000_test164.csv,449959,false
/Users/Vanessa/git/BachelorThesis/rust/../instances/n1000_test165.csv,322750,true
/Users/Vanessa/git/BachelorThesis/rust/../instances/n1000_test166.csv,292417,false
/Users/Vanessa/git/BachelorThesis/rust/../instances/n1000_test167.csv,306083,true
/Users/Vanessa/git/BachelorThesis/rust/../instances/n1000_test168.csv,302500,false
/Users/Vanessa/git/BachelorThesis/rust/../instances/n1000_test169.csv,312042,false
/Users/Vanessa/git/BachelorThesis/rust/../instances/n1000_test17.csv,328125,true
/Users/Vanessa/git/BachelorThesis/rust/../instances/n1000_test170.csv,298291,true
/Users/Vanessa/git/BachelorThesis/rust/../instances/n1000_test171.csv,319042,false
/Users/Vanessa/git/BachelorThesis/rust/../instances/n1000_test172.csv,306709,false
/Users/Vanessa/git/BachelorThesis/rust/../instances/n1000_test173.csv,312750,false
/Users/Vanessa/git/BachelorThesis/rust/../instances/n1000_test174.csv,457583,true
/Users/Vanessa/git/BachelorThesis/rust/../instances/n1000_test175.csv,316625,false
/Users/Vanessa/git/BachelorThesis/rust/../instances/n1000_test176.csv,382459,true
/Users/Vanessa/git/BachelorThesis/rust/../instances/n1000_test177.csv,322583,false
/Users/Vanessa/git/BachelorThesis/rust/../instances/n1000_test178.csv,320417,false
/Users/Vanessa/git/BachelorThesis/rust/../instances/n1000_test179.csv,355042,true
/Users/Vanessa/git/BachelorThesis/rust/../instances/n1000_test18.csv,297584,true
/Users/Vanessa/git/BachelorThesis/rust/../instances/n1000_test180.csv,439167,true
/Users/Vanessa/git/BachelorThesis/rust/../instances/n1000_test181.csv,312125,false
/Users/Vanessa/git/BachelorThesis/rust/../instances/n1000_test182.csv,298583,true
/Users/Vanessa/git/BachelorThesis/rust/../instances/n1000_test183.csv,401500,true
/Users/Vanessa/git/BachelorThesis/rust/../instances/n1000_test184.csv,289041,false
/Users/Vanessa/git/BachelorThesis/rust/../instances/n1000_test185.csv,299041,false
/Users/Vanessa/git/BachelorThesis/rust/../instances/n1000_test186.csv,284250,true
/Users/Vanessa/git/BachelorThesis/rust/../instances/n1000_test187.csv,299375,true
/Users/Vanessa/git/BachelorThesis/rust/../instances/n1000_test188.csv,310542,true
/Users/Vanessa/git/BachelorThesis/rust/../instances/n1000_test189.csv,301042,true
/Users/Vanessa/git/BachelorThesis/rust/../instances/n1000_test19.csv,319250,true
/Users/Vanessa/git/BachelorThesis/rust/../instances/n1000_test190.csv,335792,false
/Users/Vanessa/git/BachelorThesis/rust/../instances/n1000_test191.csv,308459,true
/Users/Vanessa/git/BachelorThesis/rust/../instances/n1000_test192.csv,352292,false
/Users/Vanessa/git/BachelorThesis/rust/../instances/n1000_test193.csv,387458,true
/Users/Vanessa/git/BachelorThesis/rust/../instances/n1000_test194.csv,309416,true
/Users/Vanessa/git/BachelorThesis/rust/../instances/n1000_test195.csv,473167,true
/Users/Vanessa/git/BachelorThesis/rust/../instances/n1000_test196.csv,290333,false
/Users/Vanessa/git/BachelorThesis/rust/../instances/n1000_test197.csv,300250,true
/Users/Vanessa/git/BachelorThesis/rust/../instances/n1000_test198.csv,298542,true
/Users/Vanessa/git/BachelorThesis/rust/../instances/n1000_test199.csv,288792,true
/Users/Vanessa/git/BachelorThesis/rust/../instances/n1000_test2.csv,309500,true
/Users/Vanessa/git/BachelorThesis/rust/../instances/n1000_test20.csv,316875,true
/Users/Vanessa/git/BachelorThesis/rust/../instances/n1000_test200.csv,287000,false
/Users/Vanessa/git/BachelorThesis/rust/../instances/n1000_test201.csv,283333,true
/Users/Vanessa/git/BachelorThesis/rust/../instances/n1000_test202.csv,295708,false
/Users/Vanessa/git/BachelorThesis/rust/../instances/n1000_test203.csv,309708,false
/Users/Vanessa/git/BachelorThesis/rust/../instances/n1000_test204.csv,379208,false
/Users/Vanessa/git/BachelorThesis/rust/../instances/n1000_test205.csv,320542,false
/Users/Vanessa/git/BachelorThesis/rust/../instances/n1000_test206.csv,344375,false
/Users/Vanessa/git/BachelorThesis/rust/../instances/n1000_test207.csv,321834,false
/Users/Vanessa/git/BachelorThesis/rust/../instances/n1000_test208.csv,326041,true
/Users/Vanessa/git/BachelorThesis/rust/../instances/n1000_test209.csv,396833,false
/Users/Vanessa/git/BachelorThesis/rust/../instances/n1000_test21.csv,318375,true
/Users/Vanessa/git/BachelorThesis/rust/../instances/n1000_test210.csv,334666,false
/Users/Vanessa/git/BachelorThesis/rust/../instances/n1000_test211.csv,337000,true
/Users/Vanessa/git/BachelorThesis/rust/../instances/n1000_test212.csv,315417,true
/Users/Vanessa/git/BachelorThesis/rust/../instances/n1000_test213.csv,509375,false
/Users/Vanessa/git/BachelorThesis/rust/../instances/n1000_test214.csv,300125,true
/Users/Vanessa/git/BachelorThesis/rust/../instances/n1000_test215.csv,292166,true
/Users/Vanessa/git/BachelorThesis/rust/../instances/n1000_test216.csv,299334,false
/Users/Vanessa/git/BachelorThesis/rust/../instances/n1000_test217.csv,298083,true
/Users/Vanessa/git/BachelorThesis/rust/../instances/n1000_test218.csv,315292,false
/Users/Vanessa/git/BachelorThesis/rust/../instances/n1000_test219.csv,310833,false
/Users/Vanessa/git/BachelorThesis/rust/../instances/n1000_test22.csv,302541,false
/Users/Vanessa/git/BachelorThesis/rust/../instances/n1000_test220.csv,304791,true
/Users/Vanessa/git/BachelorThesis/rust/../instances/n1000_test221.csv,304208,false
/Users/Vanessa/git/BachelorThesis/rust/../instances/n1000_test222.csv,322333,false
/Users/Vanessa/git/BachelorThesis/rust/../instances/n1000_test223.csv,436250,false
/Users/Vanessa/git/BachelorThesis/rust/../instances/n1000_test224.csv,313375,true
/Users/Vanessa/git/BachelorThesis/rust/../instances/n1000_test225.csv,353458,true
/Users/Vanessa/git/BachelorThesis/rust/../instances/n1000_test226.csv,7211083,false
/Users/Vanessa/git/BachelorThesis/rust/../instances/n1000_test227.csv,299875,false
/Users/Vanessa/git/BachelorThesis/rust/../instances/n1000_test228.csv,311625,false
/Users/Vanessa/git/BachelorThesis/rust/../instances/n1000_test229.csv,303250,true
/Users/Vanessa/git/BachelorThesis/rust/../instances/n1000_test23.csv,439333,false
/Users/Vanessa/git/BachelorThesis/rust/../instances/n1000_test230.csv,290792,true
/Users/Vanessa/git/BachelorThesis/rust/../instances/n1000_test231.csv,309625,false
/Users/Vanessa/git/BachelorThesis/rust/../instances/n1000_test232.csv,315209,false
/Users/Vanessa/git/BachelorThesis/rust/../instances/n1000_test233.csv,300375,false
/Users/Vanessa/git/BachelorThesis/rust/../instances/n1000_test234.csv,319291,false
/Users/Vanessa/git/BachelorThesis/rust/../instances/n1000_test235.csv,293208,false
/Users/Vanessa/git/BachelorThesis/rust/../instances/n1000_test236.csv,302875,true
/Users/Vanessa/git/BachelorThesis/rust/../instances/n1000_test237.csv,285083,true
/Users/Vanessa/git/BachelorThesis/rust/../instances/n1000_test238.csv,291208,false
/Users/Vanessa/git/BachelorThesis/rust/../instances/n1000_test239.csv,304833,true
/Users/Vanessa/git/BachelorThesis/rust/../instances/n1000_test24.csv,318291,true
/Users/Vanessa/git/BachelorThesis/rust/../instances/n1000_test240.csv,287417,false
/Users/Vanessa/git/BachelorThesis/rust/../instances/n1000_test241.csv,377875,false
/Users/Vanessa/git/BachelorThesis/rust/../instances/n1000_test242.csv,294208,false
/Users/Vanessa/git/BachelorThesis/rust/../instances/n1000_test243.csv,309792,true
/Users/Vanessa/git/BachelorThesis/rust/../instances/n1000_test244.csv,312042,true
/Users/Vanessa/git/BachelorThesis/rust/../instances/n1000_test245.csv,305459,false
/Users/Vanessa/git/BachelorThesis/rust/../instances/n1000_test246.csv,391208,true
/Users/Vanessa/git/BachelorThesis/rust/../instances/n1000_test247.csv,438166,false
/Users/Vanessa/git/BachelorThesis/rust/../instances/n1000_test248.csv,343833,false
/Users/Vanessa/git/BachelorThesis/rust/../instances/n1000_test249.csv,351666,true
/Users/Vanessa/git/BachelorThesis/rust/../instances/n1000_test25.csv,408709,false
/Users/Vanessa/git/BachelorThesis/rust/../instances/n1000_test250.csv,327541,false
/Users/Vanessa/git/BachelorThesis/rust/../instances/n1000_test251.csv,388583,false
/Users/Vanessa/git/BachelorThesis/rust/../instances/n1000_test252.csv,425291,false
/Users/Vanessa/git/BachelorThesis/rust/../instances/n1000_test253.csv,377834,false
/Users/Vanessa/git/BachelorThesis/rust/../instances/n1000_test254.csv,306583,false
/Users/Vanessa/git/BachelorThesis/rust/../instances/n1000_test255.csv,306791,true
/Users/Vanessa/git/BachelorThesis/rust/../instances/n1000_test256.csv,306875,true
/Users/Vanessa/git/BachelorThesis/rust/../instances/n1000_test257.csv,343542,true
/Users/Vanessa/git/BachelorThesis/rust/../instances/n1000_test258.csv,407375,false
/Users/Vanessa/git/BachelorThesis/rust/../instances/n1000_test259.csv,312458,false
/Users/Vanessa/git/BachelorThesis/rust/../instances/n1000_test26.csv,363541,true
/Users/Vanessa/git/BachelorThesis/rust/../instances/n1000_test260.csv,308000,true
/Users/Vanessa/git/BachelorThesis/rust/../instances/n1000_test261.csv,299583,false
/Users/Vanessa/git/BachelorThesis/rust/../instances/n1000_test262.csv,314459,true
/Users/Vanessa/git/BachelorThesis/rust/../instances/n1000_test263.csv,295625,true
/Users/Vanessa/git/BachelorThesis/rust/../instances/n1000_test264.csv,300250,false
/Users/Vanessa/git/BachelorThesis/rust/../instances/n1000_test265.csv,295958,false
/Users/Vanessa/git/BachelorThesis/rust/../instances/n1000_test266.csv,290417,true
/Users/Vanessa/git/BachelorThesis/rust/../instances/n1000_test267.csv,400583,false
/Users/Vanessa/git/BachelorThesis/rust/../instances/n1000_test268.csv,314875,true
/Users/Vanessa/git/BachelorThesis/rust/../instances/n1000_test269.csv,319375,true
/Users/Vanessa/git/BachelorThesis/rust/../instances/n1000_test27.csv,307958,true
/Users/Vanessa/git/BachelorThesis/rust/../instances/n1000_test270.csv,304833,true
/Users/Vanessa/git/BachelorThesis/rust/../instances/n1000_test271.csv,311667,false
/Users/Vanessa/git/BachelorThesis/rust/../instances/n1000_test272.csv,317000,false
/Users/Vanessa/git/BachelorThesis/rust/../instances/n1000_test273.csv,306083,false
/Users/Vanessa/git/BachelorThesis/rust/../instances/n1000_test274.csv,351667,false
/Users/Vanessa/git/BachelorThesis/rust/../instances/n1000_test275.csv,317125,false
/Users/Vanessa/git/BachelorThesis/rust/../instances/n1000_test276.csv,311042,false
/Users/Vanessa/git/BachelorThesis/rust/../instances/n1000_test277.csv,427792,false
/Users/Vanessa/git/BachelorThesis/rust/../instances/n1000_test278.csv,285500,false
/Users/Vanessa/git/BachelorThesis/rust/../instances/n1000_test279.csv,376792,true
/Users/Vanessa/git/BachelorThesis/rust/../instances/n1000_test28.csv,293792,false
/Users/Vanessa/git/BachelorThesis/rust/../instances/n1000_test280.csv,8040291,false
/Users/Vanessa/git/BachelorThesis/rust/../instances/n1000_test281.csv,406541,false
/Users/Vanessa/git/BachelorThesis/rust/../instances/n1000_test282.csv,302542,false
/Users/Vanessa/git/BachelorThesis/rust/../instances/n1000_test283.csv,518875,true
/Users/Vanessa/git/BachelorThesis/rust/../instances/n1000_test284.csv,298459,false
/Users/Vanessa/git/BachelorThesis/rust/../instances/n1000_test285.csv,296125,true
/Users/Vanessa/git/BachelorThesis/rust/../instances/n1000_test286.csv,303083,true
/Users/Vanessa/git/BachelorThesis/rust/../instances/n1000_test287.csv,307250,true
/Users/Vanessa/git/BachelorThesis/rust/../instances/n1000_test288.csv,305959,false
/Users/Vanessa/git/BachelorThesis/rust/../instances/n1000_test289.csv,374125,false
/Users/Vanessa/git/BachelorThesis/rust/../instances/n1000_test29.csv,332667,true
/Users/Vanessa/git/BachelorThesis/rust/../instances/n1000_test290.csv,317833,false
/Users/Vanessa/git/BachelorThesis/rust/../instances/n1000_test291.csv,301333,false
/Users/Vanessa/git/BachelorThesis/rust/../instances/n1000_test292.csv,297750,false
/Users/Vanessa/git/BachelorThesis/rust/../instances/n1000_test293.csv,352708,true
/Users/Vanessa/git/BachelorThesis/rust/../instances/n1000_test294.csv,291625,false
/Users/Vanessa/git/BachelorThesis/rust/../instances/n1000_test295.csv,309042,false
/Users/Vanessa/git/BachelorThesis/rust/../instances/n1000_test296.csv,305708,true
/Users/Vanessa/git/BachelorThesis/rust/../instances/n1000_test297.csv,293208,false
/Users/Vanessa/git/BachelorThesis/rust/../instances/n1000_test298.csv,312292,false
/Users/Vanessa/git/BachelorThesis/rust/../instances/n1000_test299.csv,300625,true
/Users/Vanessa/git/BachelorThesis/rust/../instances/n1000_test3.csv,313459,false
/Users/Vanessa/git/BachelorThesis/rust/../instances/n1000_test30.csv,321417,false
/Users/Vanessa/git/BachelorThesis/rust/../instances/n1000_test300.csv,295625,false
/Users/Vanessa/git/BachelorThesis/rust/../instances/n1000_test301.csv,369250,false
/Users/Vanessa/git/BachelorThesis/rust/../instances/n1000_test302.csv,320666,true
/Users/Vanessa/git/BachelorThesis/rust/../instances/n1000_test303.csv,326250,true
/Users/Vanessa/git/BachelorThesis/rust/../instances/n1000_test304.csv,596125,false
/Users/Vanessa/git/BachelorThesis/rust/../instances/n1000_test305.csv,365292,true
/Users/Vanessa/git/BachelorThesis/rust/../instances/n1000_test306.csv,356833,true
/Users/Vanessa/git/BachelorThesis/rust/../instances/n1000_test307.csv,416667,true
/Users/Vanessa/git/BachelorThesis/rust/../instances/n1000_test308.csv,395416,false
/Users/Vanessa/git/BachelorThesis/rust/../instances/n1000_test309.csv,319958,true
/Users/Vanessa/git/BachelorThesis/rust/../instances/n1000_test31.csv,313042,false
/Users/Vanessa/git/BachelorThesis/rust/../instances/n1000_test310.csv,412084,true
/Users/Vanessa/git/BachelorThesis/rust/../instances/n1000_test311.csv,325209,true
/Users/Vanessa/git/BachelorThesis/rust/../instances/n1000_test312.csv,439416,true
/Users/Vanessa/git/BachelorThesis/rust/../instances/n1000_test313.csv,315958,false
/Users/Vanessa/git/BachelorThesis/rust/../instances/n1000_test314.csv,317167,true
/Users/Vanessa/git/BachelorThesis/rust/../instances/n1000_test315.csv,364584,true
/Users/Vanessa/git/BachelorThesis/rust/../instances/n1000_test316.csv,322208,true
/Users/Vanessa/git/BachelorThesis/rust/../instances/n1000_test317.csv,370834,false
/Users/Vanessa/git/BachelorThesis/rust/../instances/n1000_test318.csv,394000,false
/Users/Vanessa/git/BachelorThesis/rust/../instances/n1000_test319.csv,329417,true
/Users/Vanessa/git/BachelorThesis/rust/../instances/n1000_test32.csv,397583,false
/Users/Vanessa/git/BachelorThesis/rust/../instances/n1000_test320.csv,309625,true
/Users/Vanessa/git/BachelorThesis/rust/../instances/n1000_test321.csv,315792,true
/Users/Vanessa/git/BachelorThesis/rust/../instances/n1000_test322.csv,333667,false
/Users/Vanessa/git/BachelorThesis/rust/../instances/n1000_test323.csv,310042,true
/Users/Vanessa/git/BachelorThesis/rust/../instances/n1000_test324.csv,306583,true
/Users/Vanessa/git/BachelorThesis/rust/../instances/n1000_test325.csv,463000,false
/Users/Vanessa/git/BachelorThesis/rust/../instances/n1000_test326.csv,322375,false
/Users/Vanessa/git/BachelorThesis/rust/../instances/n1000_test327.csv,322709,true
/Users/Vanessa/git/BachelorThesis/rust/../instances/n1000_test328.csv,321916,true
/Users/Vanessa/git/BachelorThesis/rust/../instances/n1000_test329.csv,299916,true
/Users/Vanessa/git/BachelorThesis/rust/../instances/n1000_test33.csv,304666,false
/Users/Vanessa/git/BachelorThesis/rust/../instances/n1000_test330.csv,295834,false
/Users/Vanessa/git/BachelorThesis/rust/../instances/n1000_test331.csv,314208,true
/Users/Vanessa/git/BachelorThesis/rust/../instances/n1000_test332.csv,300250,true
/Users/Vanessa/git/BachelorThesis/rust/../instances/n1000_test333.csv,312333,false
/Users/Vanessa/git/BachelorThesis/rust/../instances/n1000_test334.csv,429125,true
/Users/Vanessa/git/BachelorThesis/rust/../instances/n1000_test335.csv,315875,true
/Users/Vanessa/git/BachelorThesis/rust/../instances/n1000_test336.csv,297500,false
/Users/Vanessa/git/BachelorThesis/rust/../instances/n1000_test337.csv,296500,false
/Users/Vanessa/git/BachelorThesis/rust/../instances/n1000_test338.csv,296500,false
/Users/Vanessa/git/BachelorThesis/rust/../instances/n1000_test339.csv,332125,false
/Users/Vanessa/git/BachelorThesis/rust/../instances/n1000_test34.csv,380583,true
/Users/Vanessa/git/BachelorThesis/rust/../instances/n1000_test340.csv,302458,true
/Users/Vanessa/git/BachelorThesis/rust/../instances/n1000_test341.csv,432458,false
/Users/Vanessa/git/BachelorThesis/rust/../instances/n1000_test342.csv,291625,false
/Users/Vanessa/git/BachelorThesis/rust/../instances/n1000_test343.csv,314958,true
/Users/Vanessa/git/BachelorThesis/rust/../instances/n1000_test344.csv,299250,true
/Users/Vanessa/git/BachelorThesis/rust/../instances/n1000_test345.csv,306292,false
/Users/Vanessa/git/BachelorThesis/rust/../instances/n1000_test346.csv,504291,false
/Users/Vanessa/git/BachelorThesis/rust/../instances/n1000_test347.csv,337000,false
/Users/Vanessa/git/BachelorThesis/rust/../instances/n1000_test348.csv,320208,true
/Users/Vanessa/git/BachelorThesis/rust/../instances/n1000_test349.csv,299458,false
/Users/Vanessa/git/BachelorThesis/rust/../instances/n1000_test35.csv,396125,false
/Users/Vanessa/git/BachelorThesis/rust/../instances/n1000_test350.csv,328584,false
/Users/Vanessa/git/BachelorThesis/rust/../instances/n1000_test351.csv,312167,false
/Users/Vanessa/git/BachelorThesis/rust/../instances/n1000_test352.csv,309916,true
/Users/Vanessa/git/BachelorThesis/rust/../instances/n1000_test353.csv,304167,true
/Users/Vanessa/git/BachelorThesis/rust/../instances/n1000_test354.csv,295250,true
/Users/Vanessa/git/BachelorThesis/rust/../instances/n1000_test355.csv,421041,true
/Users/Vanessa/git/BachelorThesis/rust/../instances/n1000_test356.csv,341208,false
/Users/Vanessa/git/BachelorThesis/rust/../instances/n1000_test357.csv,303792,false
/Users/Vanessa/git/BachelorThesis/rust/../instances/n1000_test358.csv,313583,false
/Users/Vanessa/git/BachelorThesis/rust/../instances/n1000_test359.csv,306083,false
/Users/Vanessa/git/BachelorThesis/rust/../instances/n1000_test36.csv,401291,false
/Users/Vanessa/git/BachelorThesis/rust/../instances/n1000_test360.csv,309917,false
/Users/Vanessa/git/BachelorThesis/rust/../instances/n1000_test361.csv,335458,false
/Users/Vanessa/git/BachelorThesis/rust/../instances/n1000_test362.csv,317583,true
/Users/Vanessa/git/BachelorThesis/rust/../instances/n1000_test363.csv,320750,false
/Users/Vanessa/git/BachelorThesis/rust/../instances/n1000_test364.csv,380792,true
/Users/Vanessa/git/BachelorThesis/rust/../instances/n1000_test365.csv,314375,false
/Users/Vanessa/git/BachelorThesis/rust/../instances/n1000_test366.csv,411875,true
/Users/Vanessa/git/BachelorThesis/rust/../instances/n1000_test367.csv,310459,true
/Users/Vanessa/git/BachelorThesis/rust/../instances/n1000_test368.csv,311500,true
/Users/Vanessa/git/BachelorThesis/rust/../instances/n1000_test369.csv,321042,true
/Users/Vanessa/git/BachelorThesis/rust/../instances/n1000_test37.csv,308334,true
/Users/Vanessa/git/BachelorThesis/rust/../instances/n1000_test370.csv,346375,false
/Users/Vanessa/git/BachelorThesis/rust/../instances/n1000_test371.csv,401292,true
/Users/Vanessa/git/BachelorThesis/rust/../instances/n1000_test372.csv,314250,true
/Users/Vanessa/git/BachelorThesis/rust/../instances/n1000_test373.csv,577875,false
/Users/Vanessa/git/BachelorThesis/rust/../instances/n1000_test374.csv,319167,true
/Users/Vanessa/git/BachelorThesis/rust/../instances/n1000_test375.csv,318541,true
/Users/Vanessa/git/BachelorThesis/rust/../instances/n1000_test376.csv,339875,true
/Users/Vanessa/git/BachelorThesis/rust/../instances/n1000_test377.csv,401375,false
/Users/Vanessa/git/BachelorThesis/rust/../instances/n1000_test378.csv,352416,false
/Users/Vanessa/git/BachelorThesis/rust/../instances/n1000_test379.csv,347209,false
/Users/Vanessa/git/BachelorThesis/rust/../instances/n1000_test38.csv,514375,true
/Users/Vanessa/git/BachelorThesis/rust/../instances/n1000_test380.csv,485209,true
/Users/Vanessa/git/BachelorThesis/rust/../instances/n1000_test381.csv,390833,false
/Users/Vanessa/git/BachelorThesis/rust/../instances/n1000_test382.csv,322833,true
/Users/Vanessa/git/BachelorThesis/rust/../instances/n1000_test383.csv,316625,false
/Users/Vanessa/git/BachelorThesis/rust/../instances/n1000_test384.csv,298709,true
/Users/Vanessa/git/BachelorThesis/rust/../instances/n1000_test385.csv,374791,true
/Users/Vanessa/git/BachelorThesis/rust/../instances/n1000_test386.csv,328667,false
/Users/Vanessa/git/BachelorThesis/rust/../instances/n1000_test387.csv,312208,false
/Users/Vanessa/git/BachelorThesis/rust/../instances/n1000_test388.csv,339250,true
/Users/Vanessa/git/BachelorThesis/rust/../instances/n1000_test389.csv,316750,true
/Users/Vanessa/git/BachelorThesis/rust/../instances/n1000_test39.csv,329125,false
/Users/Vanessa/git/BachelorThesis/rust/../instances/n1000_test390.csv,394708,true
/Users/Vanessa/git/BachelorThesis/rust/../instances/n1000_test391.csv,312333,false
/Users/Vanessa/git/BachelorThesis/rust/../instances/n1000_test392.csv,368041,true
/Users/Vanessa/git/BachelorThesis/rust/../instances/n1000_test393.csv,348292,false
/Users/Vanessa/git/BachelorThesis/rust/../instances/n1000_test394.csv,357416,false
/Users/Vanessa/git/BachelorThesis/rust/../instances/n1000_test395.csv,359333,true
/Users/Vanessa/git/BachelorThesis/rust/../instances/n1000_test396.csv,302625,false
/Users/Vanessa/git/BachelorThesis/rust/../instances/n1000_test397.csv,320708,false
/Users/Vanessa/git/BachelorThesis/rust/../instances/n1000_test398.csv,388125,false
/Users/Vanessa/git/BachelorThesis/rust/../instances/n1000_test399.csv,318875,false
/Users/Vanessa/git/BachelorThesis/rust/../instances/n1000_test4.csv,573375,true
/Users/Vanessa/git/BachelorThesis/rust/../instances/n1000_test40.csv,299000,false
/Users/Vanessa/git/BachelorThesis/rust/../instances/n1000_test400.csv,353333,true
/Users/Vanessa/git/BachelorThesis/rust/../instances/n1000_test401.csv,385208,true
/Users/Vanessa/git/BachelorThesis/rust/../instances/n1000_test402.csv,324417,false
/Users/Vanessa/git/BachelorThesis/rust/../instances/n1000_test403.csv,306708,false
/Users/Vanessa/git/BachelorThesis/rust/../instances/n1000_test404.csv,483500,false
/Users/Vanessa/git/BachelorThesis/rust/../instances/n1000_test405.csv,347458,false
/Users/Vanessa/git/BachelorThesis/rust/../instances/n1000_test406.csv,383584,false
/Users/Vanessa/git/BachelorThesis/rust/../instances/n1000_test407.csv,316333,true
/Users/Vanessa/git/BachelorThesis/rust/../instances/n1000_test408.csv,303708,false
/Users/Vanessa/git/BachelorThesis/rust/../instances/n1000_test409.csv,305375,true
/Users/Vanessa/git/BachelorThesis/rust/../instances/n1000_test41.csv,299042,false
/Users/Vanessa/git/BachelorThesis/rust/../instances/n1000_test410.csv,327959,true
/Users/Vanessa/git/BachelorThesis/rust/../instances/n1000_test411.csv,510792,false
/Users/Vanessa/git/BachelorThesis/rust/../instances/n1000_test412.csv,375459,false
/Users/Vanessa/git/BachelorThesis/rust/../instances/n1000_test413.csv,469416,false
/Users/Vanessa/git/BachelorThesis/rust/../instances/n1000_test414.csv,339958,true
/Users/Vanessa/git/BachelorThesis/rust/../instances/n1000_test415.csv,311292,true
/Users/Vanessa/git/BachelorThesis/rust/../instances/n1000_test416.csv,293000,false
/Users/Vanessa/git/BachelorThesis/rust/../instances/n1000_test417.csv,340208,false
/Users/Vanessa/git/BachelorThesis/rust/../instances/n1000_test418.csv,321042,true
/Users/Vanessa/git/BachelorThesis/rust/../instances/n1000_test419.csv,382250,false
/Users/Vanessa/git/BachelorThesis/rust/../instances/n1000_test42.csv,303584,true
/Users/Vanessa/git/BachelorThesis/rust/../instances/n1000_test420.csv,339541,false
/Users/Vanessa/git/BachelorThesis/rust/../instances/n1000_test421.csv,298416,false
/Users/Vanessa/git/BachelorThesis/rust/../instances/n1000_test422.csv,8017083,true
/Users/Vanessa/git/BachelorThesis/rust/../instances/n1000_test423.csv,343583,true
/Users/Vanessa/git/BachelorThesis/rust/../instances/n1000_test424.csv,309125,true
/Users/Vanessa/git/BachelorThesis/rust/../instances/n1000_test425.csv,298750,true
/Users/Vanessa/git/BachelorThesis/rust/../instances/n1000_test426.csv,300333,true
/Users/Vanessa/git/BachelorThesis/rust/../instances/n1000_test427.csv,307333,false
/Users/Vanessa/git/BachelorThesis/rust/../instances/n1000_test428.csv,301042,true
/Users/Vanessa/git/BachelorThesis/rust/../instances/n1000_test429.csv,306583,false
/Users/Vanessa/git/BachelorThesis/rust/../instances/n1000_test43.csv,301500,false
/Users/Vanessa/git/BachelorThesis/rust/../instances/n1000_test430.csv,294500,false
/Users/Vanessa/git/BachelorThesis/rust/../instances/n1000_test431.csv,323833,true
/Users/Vanessa/git/BachelorThesis/rust/../instances/n1000_test432.csv,416416,false
/Users/Vanessa/git/BachelorThesis/rust/../instances/n1000_test433.csv,301000,true
/Users/Vanessa/git/BachelorThesis/rust/../instances/n1000_test434.csv,440333,true
/Users/Vanessa/git/BachelorThesis/rust/../instances/n1000_test435.csv,307250,false
/Users/Vanessa/git/BachelorThesis/rust/../instances/n1000_test436.csv,326625,false
/Users/Vanessa/git/BachelorThesis/rust/../instances/n1000_test437.csv,360625,true
/Users/Vanessa/git/BachelorThesis/rust/../instances/n1000_test438.csv,343500,true
/Users/Vanessa/git/BachelorThesis/rust/../instances/n1000_test439.csv,313709,true
/Users/Vanessa/git/BachelorThesis/rust/../instances/n1000_test44.csv,396167,false
/Users/Vanessa/git/BachelorThesis/rust/../instances/n1000_test440.csv,802750,true
/Users/Vanessa/git/BachelorThesis/rust/../instances/n1000_test441.csv,676167,false
/Users/Vanessa/git/BachelorThesis/rust/../instances/n1000_test442.csv,328542,true
/Users/Vanessa/git/BachelorThesis/rust/../instances/n1000_test443.csv,338584,true
/Users/Vanessa/git/BachelorThesis/rust/../instances/n1000_test444.csv,477375,false
/Users/Vanessa/git/BachelorThesis/rust/../instances/n1000_test445.csv,341917,false
/Users/Vanessa/git/BachelorThesis/rust/../instances/n1000_test446.csv,331334,false
/Users/Vanessa/git/BachelorThesis/rust/../instances/n1000_test447.csv,386875,true
/Users/Vanessa/git/BachelorThesis/rust/../instances/n1000_test448.csv,297208,false
/Users/Vanessa/git/BachelorThesis/rust/../instances/n1000_test449.csv,351458,false
/Users/Vanessa/git/BachelorThesis/rust/../instances/n1000_test45.csv,296333,false
/Users/Vanessa/git/BachelorThesis/rust/../instances/n1000_test450.csv,290708,true
/Users/Vanessa/git/BachelorThesis/rust/../instances/n1000_test451.csv,287084,false
/Users/Vanessa/git/BachelorThesis/rust/../instances/n1000_test452.csv,308667,false
/Users/Vanessa/git/BachelorThesis/rust/../instances/n1000_test453.csv,318166,true
/Users/Vanessa/git/BachelorThesis/rust/../instances/n1000_test454.csv,407083,true
/Users/Vanessa/git/BachelorThesis/rust/../instances/n1000_test455.csv,341666,false
/Users/Vanessa/git/BachelorThesis/rust/../instances/n1000_test456.csv,2779458,true
/Users/Vanessa/git/BachelorThesis/rust/../instances/n1000_test457.csv,424209,true
/Users/Vanessa/git/BachelorThesis/rust/../instances/n1000_test458.csv,361500,true
/Users/Vanessa/git/BachelorThesis/rust/../instances/n1000_test459.csv,403708,true
/Users/Vanessa/git/BachelorThesis/rust/../instances/n1000_test46.csv,343750,true
/Users/Vanessa/git/BachelorThesis/rust/../instances/n1000_test460.csv,459000,false
/Users/Vanessa/git/BachelorThesis/rust/../instances/n1000_test461.csv,472792,true
/Users/Vanessa/git/BachelorThesis/rust/../instances/n1000_test462.csv,451167,false
/Users/Vanessa/git/BachelorThesis/rust/../instances/n1000_test463.csv,349416,false
/Users/Vanessa/git/BachelorThesis/rust/../instances/n1000_test464.csv,349875,true
/Users/Vanessa/git/BachelorThesis/rust/../instances/n1000_test465.csv,371875,true
/Users/Vanessa/git/BachelorThesis/rust/../instances/n1000_test466.csv,342750,false
/Users/Vanessa/git/BachelorThesis/rust/../instances/n1000_test467.csv,335958,true
/Users/Vanessa/git/BachelorThesis/rust/../instances/n1000_test468.csv,431750,false
/Users/Vanessa/git/BachelorThesis/rust/../instances/n1000_test469.csv,363333,true
/Users/Vanessa/git/BachelorThesis/rust/../instances/n1000_test47.csv,388209,false
/Users/Vanessa/git/BachelorThesis/rust/../instances/n1000_test470.csv,367167,false
/Users/Vanessa/git/BachelorThesis/rust/../instances/n1000_test471.csv,329958,false
/Users/Vanessa/git/BachelorThesis/rust/../instances/n1000_test472.csv,356041,true
/Users/Vanessa/git/BachelorThesis/rust/../instances/n1000_test473.csv,326625,false
/Users/Vanessa/git/BachelorThesis/rust/../instances/n1000_test474.csv,548291,true
/Users/Vanessa/git/BachelorThesis/rust/../instances/n1000_test475.csv,540625,false
/Users/Vanessa/git/BachelorThesis/rust/../instances/n1000_test476.csv,352167,false
/Users/Vanessa/git/BachelorThesis/rust/../instances/n1000_test477.csv,431208,true
/Users/Vanessa/git/BachelorThesis/rust/../instances/n1000_test478.csv,437917,true
/Users/Vanessa/git/BachelorThesis/rust/../instances/n1000_test479.csv,514666,true
/Users/Vanessa/git/BachelorThesis/rust/../instances/n1000_test48.csv,352916,false
/Users/Vanessa/git/BachelorThesis/rust/../instances/n1000_test480.csv,407458,false
/Users/Vanessa/git/BachelorThesis/rust/../instances/n1000_test481.csv,348958,true
/Users/Vanessa/git/BachelorThesis/rust/../instances/n1000_test482.csv,335000,false
/Users/Vanessa/git/BachelorThesis/rust/../instances/n1000_test483.csv,445417,true
/Users/Vanessa/git/BachelorThesis/rust/../instances/n1000_test484.csv,447959,false
/Users/Vanessa/git/BachelorThesis/rust/../instances/n1000_test485.csv,356541,false
/Users/Vanessa/git/BachelorThesis/rust/../instances/n1000_test486.csv,612500,true
/Users/Vanessa/git/BachelorThesis/rust/../instances/n1000_test487.csv,343875,true
/Users/Vanessa/git/BachelorThesis/rust/../instances/n1000_test488.csv,341125,false
/Users/Vanessa/git/BachelorThesis/rust/../instances/n1000_test489.csv,330583,true
/Users/Vanessa/git/BachelorThesis/rust/../instances/n1000_test49.csv,326125,false
/Users/Vanessa/git/BachelorThesis/rust/../instances/n1000_test490.csv,339792,false
/Users/Vanessa/git/BachelorThesis/rust/../instances/n1000_test491.csv,476209,true
/Users/Vanessa/git/BachelorThesis/rust/../instances/n1000_test492.csv,411292,true
/Users/Vanessa/git/BachelorThesis/rust/../instances/n1000_test493.csv,1052583,false
/Users/Vanessa/git/BachelorThesis/rust/../instances/n1000_test494.csv,385166,false
/Users/Vanessa/git/BachelorThesis/rust/../instances/n1000_test495.csv,343083,true
/Users/Vanessa/git/BachelorThesis/rust/../instances/n1000_test496.csv,7355125,false
/Users/Vanessa/git/BachelorThesis/rust/../instances/n1000_test497.csv,330208,false
/Users/Vanessa/git/BachelorThesis/rust/../instances/n1000_test498.csv,323083,false
/Users/Vanessa/git/BachelorThesis/rust/../instances/n1000_test499.csv,416416,true
/Users/Vanessa/git/BachelorThesis/rust/../instances/n1000_test5.csv,310750,true
/Users/Vanessa/git/BachelorThesis/rust/../instances/n1000_test50.csv,6642917,true
/Users/Vanessa/git/BachelorThesis/rust/../instances/n1000_test500.csv,452625,false
/Users/Vanessa/git/BachelorThesis/rust/../instances/n1000_test51.csv,316833,false
/Users/Vanessa/git/BachelorThesis/rust/../instances/n1000_test52.csv,6345208,false
/Users/Vanessa/git/BachelorThesis/rust/../instances/n1000_test53.csv,312209,false
/Users/Vanessa/git/BachelorThesis/rust/../instances/n1000_test54.csv,385917,false
/Users/Vanessa/git/BachelorThesis/rust/../instances/n1000_test55.csv,7251584,false
/Users/Vanessa/git/BachelorThesis/rust/../instances/n1000_test56.csv,394125,false
/Users/Vanessa/git/BachelorThesis/rust/../instances/n1000_test57.csv,318750,true
/Users/Vanessa/git/BachelorThesis/rust/../instances/n1000_test58.csv,385333,false
/Users/Vanessa/git/BachelorThesis/rust/../instances/n1000_test59.csv,333833,true
/Users/Vanessa/git/BachelorThesis/rust/../instances/n1000_test6.csv,305750,false
/Users/Vanessa/git/BachelorThesis/rust/../instances/n1000_test60.csv,373541,true
/Users/Vanessa/git/BachelorThesis/rust/../instances/n1000_test61.csv,289083,false
/Users/Vanessa/git/BachelorThesis/rust/../instances/n1000_test62.csv,280542,false
/Users/Vanessa/git/BachelorThesis/rust/../instances/n1000_test63.csv,291208,true
/Users/Vanessa/git/BachelorThesis/rust/../instances/n1000_test64.csv,304291,true
/Users/Vanessa/git/BachelorThesis/rust/../instances/n1000_test65.csv,293916,false
/Users/Vanessa/git/BachelorThesis/rust/../instances/n1000_test66.csv,293875,true
/Users/Vanessa/git/BachelorThesis/rust/../instances/n1000_test67.csv,295292,false
/Users/Vanessa/git/BachelorThesis/rust/../instances/n1000_test68.csv,309833,false
/Users/Vanessa/git/BachelorThesis/rust/../instances/n1000_test69.csv,495750,true
/Users/Vanessa/git/BachelorThesis/rust/../instances/n1000_test7.csv,357791,false
/Users/Vanessa/git/BachelorThesis/rust/../instances/n1000_test70.csv,355375,false
/Users/Vanessa/git/BachelorThesis/rust/../instances/n1000_test71.csv,381709,false
/Users/Vanessa/git/BachelorThesis/rust/../instances/n1000_test72.csv,328209,true
/Users/Vanessa/git/BachelorThesis/rust/../instances/n1000_test73.csv,342833,true
/Users/Vanessa/git/BachelorThesis/rust/../instances/n1000_test74.csv,444667,true
/Users/Vanessa/git/BachelorThesis/rust/../instances/n1000_test75.csv,350625,false
/Users/Vanessa/git/BachelorThesis/rust/../instances/n1000_test76.csv,694209,false
/Users/Vanessa/git/BachelorThesis/rust/../instances/n1000_test77.csv,329500,true
/Users/Vanessa/git/BachelorThesis/rust/../instances/n1000_test78.csv,327125,false
/Users/Vanessa/git/BachelorThesis/rust/../instances/n1000_test79.csv,302834,true
/Users/Vanessa/git/BachelorThesis/rust/../instances/n1000_test8.csv,309750,false
/Users/Vanessa/git/BachelorThesis/rust/../instances/n1000_test80.csv,300417,true
/Users/Vanessa/git/BachelorThesis/rust/../instances/n1000_test81.csv,312750,true
/Users/Vanessa/git/BachelorThesis/rust/../instances/n1000_test82.csv,307958,false
/Users/Vanessa/git/BachelorThesis/rust/../instances/n1000_test83.csv,370375,true
/Users/Vanessa/git/BachelorThesis/rust/../instances/n1000_test84.csv,316458,false
/Users/Vanessa/git/BachelorThesis/rust/../instances/n1000_test85.csv,394583,false
/Users/Vanessa/git/BachelorThesis/rust/../instances/n1000_test86.csv,316750,false
/Users/Vanessa/git/BachelorThesis/rust/../instances/n1000_test87.csv,314333,true
/Users/Vanessa/git/BachelorThesis/rust/../instances/n1000_test88.csv,387375,true
/Users/Vanessa/git/BachelorThesis/rust/../instances/n1000_test89.csv,283625,true
/Users/Vanessa/git/BachelorThesis/rust/../instances/n1000_test9.csv,350500,true
/Users/Vanessa/git/BachelorThesis/rust/../instances/n1000_test90.csv,340709,false
/Users/Vanessa/git/BachelorThesis/rust/../instances/n1000_test91.csv,307958,false
/Users/Vanessa/git/BachelorThesis/rust/../instances/n1000_test92.csv,321042,false
/Users/Vanessa/git/BachelorThesis/rust/../instances/n1000_test93.csv,325667,true
/Users/Vanessa/git/BachelorThesis/rust/../instances/n1000_test94.csv,476584,false
/Users/Vanessa/git/BachelorThesis/rust/../instances/n1000_test95.csv,382833,true
/Users/Vanessa/git/BachelorThesis/rust/../instances/n1000_test96.csv,7109292,true
/Users/Vanessa/git/BachelorThesis/rust/../instances/n1000_test97.csv,350792,true
/Users/Vanessa/git/BachelorThesis/rust/../instances/n1000_test98.csv,320917,true
/Users/Vanessa/git/BachelorThesis/rust/../instances/n1000_test99.csv,289833,false
/Users/Vanessa/git/BachelorThesis/rust/../instances/n100_test1.csv,4333,true
/Users/Vanessa/git/BachelorThesis/rust/../instances/n100_test10.csv,22250,false
/Users/Vanessa/git/BachelorThesis/rust/../instances/n100_test100.csv,3625,true
/Users/Vanessa/git/BachelorThesis/rust/../instances/n100_test101.csv,3959,false
/Users/Vanessa/git/BachelorThesis/rust/../instances/n100_test102.csv,3709,false
/Users/Vanessa/git/BachelorThesis/rust/../instances/n100_test103.csv,3541,true
/Users/Vanessa/git/BachelorThesis/rust/../instances/n100_test104.csv,4042,false
/Users/Vanessa/git/BachelorThesis/rust/../instances/n100_test105.csv,3625,false
/Users/Vanessa/git/BachelorThesis/rust/../instances/n100_test106.csv,3500,true
/Users/Vanessa/git/BachelorThesis/rust/../instances/n100_test107.csv,3916,false
/Users/Vanessa/git/BachelorThesis/rust/../instances/n100_test108.csv,18625,true
/Users/Vanessa/git/BachelorThesis/rust/../instances/n100_test109.csv,4209,false
/Users/Vanessa/git/BachelorThesis/rust/../instances/n100_test11.csv,3833,false
/Users/Vanessa/git/BachelorThesis/rust/../instances/n100_test110.csv,4333,false
/Users/Vanessa/git/BachelorThesis/rust/../instances/n100_test111.csv,4125,false
/Users/Vanessa/git/BachelorThesis/rust/../instances/n100_test112.csv,3625,true
/Users/Vanessa/git/BachelorThesis/rust/../instances/n100_test113.csv,4000,true
/Users/Vanessa/git/BachelorThesis/rust/../instances/n100_test114.csv,3625,false
/Users/Vanessa/git/BachelorThesis/rust/../instances/n100_test115.csv,4084,true
/Users/Vanessa/git/BachelorThesis/rust/../instances/n100_test116.csv,4292,false
/Users/Vanessa/git/BachelorThesis/rust/../instances/n100_test117.csv,4042,false
/Users/Vanessa/git/BachelorThesis/rust/../instances/n100_test118.csv,3584,false
/Users/Vanessa/git/BachelorThesis/rust/../instances/n100_test119.csv,4250,true
/Users/Vanessa/git/BachelorThesis/rust/../instances/n100_test12.csv,4291,true
/Users/Vanessa/git/BachelorThesis/rust/../instances/n100_test120.csv,19542,true
/Users/Vanessa/git/BachelorThesis/rust/../instances/n100_test121.csv,4125,false
/Users/Vanessa/git/BachelorThesis/rust/../instances/n100_test122.csv,3917,true
/Users/Vanessa/git/BachelorThesis/rust/../instances/n100_test123.csv,4291,false
/Users/Vanessa/git/BachelorThesis/rust/../instances/n100_test124.csv,4125,true
/Users/Vanessa/git/BachelorThesis/rust/../instances/n100_test125.csv,3917,true
/Users/Vanessa/git/BachelorThesis/rust/../instances/n100_test126.csv,3959,true
/Users/Vanessa/git/BachelorThesis/rust/../instances/n100_test127.csv,4167,true
/Users/Vanessa/git/BachelorThesis/rust/../instances/n100_test128.csv,4042,false
/Users/Vanessa/git/BachelorThesis/rust/../instances/n100_test129.csv,4125,false
/Users/Vanessa/git/BachelorThesis/rust/../instances/n100_test13.csv,4000,false
/Users/Vanessa/git/BachelorThesis/rust/../instances/n100_test130.csv,4125,false
/Users/Vanessa/git/BachelorThesis/rust/../instances/n100_test131.csv,4083,true
/Users/Vanessa/git/BachelorThesis/rust/../instances/n100_test132.csv,3958,false
/Users/Vanessa/git/BachelorThesis/rust/../instances/n100_test133.csv,4250,false
/Users/Vanessa/git/BachelorThesis/rust/../instances/n100_test134.csv,4125,false
/Users/Vanessa/git/BachelorThesis/rust/../instances/n100_test135.csv,4125,true
/Users/Vanessa/git/BachelorThesis/rust/../instances/n100_test136.csv,3625,false
/Users/Vanessa/git/BachelorThesis/rust/../instances/n100_test137.csv,4208,true
/Users/Vanessa/git/BachelorThesis/rust/../instances/n100_test138.csv,3583,true
/Users/Vanessa/git/BachelorThesis/rust/../instances/n100_test139.csv,4167,true
/Users/Vanessa/git/BachelorThesis/rust/../instances/n100_test14.csv,4250,false
/Users/Vanessa/git/BachelorThesis/rust/../instances/n100_test140.csv,3958,true
/Users/Vanessa/git/BachelorThesis/rust/../instances/n100_test141.csv,4000,true
/Users/Vanessa/git/BachelorThesis/rust/../instances/n100_test142.csv,4042,true
/Users/Vanessa/git/BachelorThesis/rust/../instances/n100_test143.csv,3625,false
/Users/Vanessa/git/BachelorThesis/rust/../instances/n100_test144.csv,4250,false
/Users/Vanessa/git/BachelorThesis/rust/../instances/n100_test145.csv,4208,false
/Users/Vanessa/git/BachelorThesis/rust/../instances/n100_test146.csv,4166,false
/Users/Vanessa/git/BachelorThesis/rust/../instances/n100_test147.csv,3625,false
/Users/Vanessa/git/BachelorThesis/rust/../instances/n100_test148.csv,4083,true
/Users/Vanessa/git/BachelorThesis/rust/../instances/n100_test149.csv,4125,true
/Users/Vanessa/git/BachelorThesis/rust/../instances/n100_test15.csv,4041,true
/Users/Vanessa/git/BachelorThesis/rust/../instances/n100_test150.csv,3625,false
/Users/Vanessa/git/BachelorThesis/rust/../instances/n100_test151.csv,4250,false
/Users/Vanessa/git/BachelorThesis/rust/../instances/n100_test152.csv,3708,false
/Users/Vanessa/git/BachelorThesis/rust/../instances/n100_test153.csv,3583,false
/Users/Vanessa/git/BachelorThesis/rust/../instances/n100_test154.csv,4083,false
/Users/Vanessa/git/BachelorThesis/rust/../instances/n100_test155.csv,4250,false
/Users/Vanessa/git/BachelorThesis/rust/../instances/n100_test156.csv,3708,true
/Users/Vanessa/git/BachelorThesis/rust/../instances/n100_test157.csv,4209,true
/Users/Vanessa/git/BachelorThesis/rust/../instances/n100_test158.csv,4125,false
/Users/Vanessa/git/BachelorThesis/rust/../instances/n100_test159.csv,4291,true
/Users/Vanessa/git/BachelorThesis/rust/../instances/n100_test16.csv,4125,false
/Users/Vanessa/git/BachelorThesis/rust/../instances/n100_test160.csv,4417,true
/Users/Vanessa/git/BachelorThesis/rust/../instances/n100_test161.csv,4334,true
/Users/Vanessa/git/BachelorThesis/rust/../instances/n100_test162.csv,4375,false
/Users/Vanessa/git/BachelorThesis/rust/../instances/n100_test163.csv,4417,true
/Users/Vanessa/git/BachelorThesis/rust/../instances/n100_test164.csv,4458,false
/Users/Vanessa/git/BachelorThesis/rust/../instances/n100_test165.csv,4250,false
/Users/Vanessa/git/BachelorThesis/rust/../instances/n100_test166.csv,4291,true
/Users/Vanessa/git/BachelorThesis/rust/../instances/n100_test167.csv,4375,true
/Users/Vanessa/git/BachelorThesis/rust/../instances/n100_test168.csv,4083,true
/Users/Vanessa/git/BachelorThesis/rust/../instances/n100_test169.csv,4334,false
/Users/Vanessa/git/BachelorThesis/rust/../instances/n100_test17.csv,4375,false
/Users/Vanessa/git/BachelorThesis/rust/../instances/n100_test170.csv,19708,false
/Users/Vanessa/git/BachelorThesis/rust/../instances/n100_test171.csv,4709,false
/Users/Vanessa/git/BachelorThesis/rust/../instances/n100_test172.csv,4333,false
/Users/Vanessa/git/BachelorThesis/rust/../instances/n100_test173.csv,4500,true
/Users/Vanessa/git/BachelorThesis/rust/../instances/n100_test174.csv,4208,true
/Users/Vanessa/git/BachelorThesis/rust/../instances/n100_test175.csv,3958,true
/Users/Vanessa/git/BachelorThesis/rust/../instances/n100_test176.csv,4209,true
/Users/Vanessa/git/BachelorThesis/rust/../instances/n100_test177.csv,4459,true
/Users/Vanessa/git/BachelorThesis/rust/../instances/n100_test178.csv,4083,true
/Users/Vanessa/git/BachelorThesis/rust/../instances/n100_test179.csv,4416,false
/Users/Vanessa/git/BachelorThesis/rust/../instances/n100_test18.csv,4208,false
/Users/Vanessa/git/BachelorThesis/rust/../instances/n100_test180.csv,4334,true
/Users/Vanessa/git/BachelorThesis/rust/../instances/n100_test181.csv,4083,false
/Users/Vanessa/git/BachelorThesis/rust/../instances/n100_test182.csv,4166,true
/Users/Vanessa/git/BachelorThesis/rust/../instances/n100_test183.csv,4000,false
/Users/Vanessa/git/BachelorThesis/rust/../instances/n100_test184.csv,4375,false
/Users/Vanessa/git/BachelorThesis/rust/../instances/n100_test185.csv,4042,true
/Users/Vanessa/git/BachelorThesis/rust/../instances/n100_test186.csv,4041,true
/Users/Vanessa/git/BachelorThesis/rust/../instances/n100_test187.csv,4250,true
/Users/Vanessa/git/BachelorThesis/rust/../instances/n100_test188.csv,4209,false
/Users/Vanessa/git/BachelorThesis/rust/../instances/n100_test189.csv,3958,false
/Users/Vanessa/git/BachelorThesis/rust/../instances/n100_test19.csv,4000,false
/Users/Vanessa/git/BachelorThesis/rust/../instances/n100_test190.csv,4000,false
/Users/Vanessa/git/BachelorThesis/rust/../instances/n100_test191.csv,4250,false
/Users/Vanessa/git/BachelorThesis/rust/../instances/n100_test192.csv,4292,true
/Users/Vanessa/git/BachelorThesis/rust/../instances/n100_test193.csv,4209,true
/Users/Vanessa/git/BachelorThesis/rust/../instances/n100_test194.csv,4166,true
/Users/Vanessa/git/BachelorThesis/rust/../instances/n100_test195.csv,4083,true
/Users/Vanessa/git/BachelorThesis/rust/../instances/n100_test196.csv,4208,false
/Users/Vanessa/git/BachelorThesis/rust/../instances/n100_test197.csv,3792,true
/Users/Vanessa/git/BachelorThesis/rust/../instances/n100_test198.csv,4167,false
/Users/Vanessa/git/BachelorThesis/rust/../instances/n100_test199.csv,4375,false
/Users/Vanessa/git/BachelorThesis/rust/../instances/n100_test2.csv,4417,false
/Users/Vanessa/git/BachelorThesis/rust/../instances/n100_test20.csv,4333,false
/Users/Vanessa/git/BachelorThesis/rust/../instances/n100_test200.csv,3875,false
/Users/Vanessa/git/BachelorThesis/rust/../instances/n100_test201.csv,17666,true
/Users/Vanessa/git/BachelorThesis/rust/../instances/n100_test202.csv,4000,true
/Users/Vanessa/git/BachelorThesis/rust/../instances/n100_test203.csv,20500,false
/Users/Vanessa/git/BachelorThesis/rust/../instances/n100_test204.csv,4000,true
/Users/Vanessa/git/BachelorThesis/rust/../instances/n100_test205.csv,20750,false
/Users/Vanessa/git/BachelorThesis/rust/../instances/n100_test206.csv,3416,true
/Users/Vanessa/git/BachelorThesis/rust/../instances/n100_test207.csv,4000,true
/Users/Vanessa/git/BachelorThesis/rust/../instances/n100_test208.csv,4167,true
/Users/Vanessa/git/BachelorThesis/rust/../instances/n100_test209.csv,4125,true
/Users/Vanessa/git/BachelorThesis/rust/../instances/n100_test21.csv,4084,false
/Users/Vanessa/git/BachelorThesis/rust/../instances/n100_test210.csv,4292,true
/Users/Vanessa/git/BachelorThesis/rust/../instances/n100_test211.csv,3792,true
/Users/Vanessa/git/BachelorThesis/rust/../instances/n100_test212.csv,30916,false
/Users/Vanessa/git/BachelorThesis/rust/../instances/n100_test213.csv,3875,true
/Users/Vanessa/git/BachelorThesis/rust/../instances/n100_test214.csv,4000,true
/Users/Vanessa/git/BachelorThesis/rust/../instances/n100_test215.csv,19250,true
/Users/Vanessa/git/BachelorThesis/rust/../instances/n100_test216.csv,3833,true
/Users/Vanessa/git/BachelorThesis/rust/../instances/n100_test217.csv,4125,false
/Users/Vanessa/git/BachelorThesis/rust/../instances/n100_test218.csv,4084,true
/Users/Vanessa/git/BachelorThesis/rust/../instances/n100_test219.csv,3834,false
/Users/Vanessa/git/BachelorThesis/rust/../instances/n100_test22.csv,3958,false
/Users/Vanessa/git/BachelorThesis/rust/../instances/n100_test220.csv,3583,true
/Users/Vanessa/git/BachelorThesis/rust/../instances/n100_test221.csv,3417,false
/Users/Vanessa/git/BachelorThesis/rust/../instances/n100_test222.csv,4042,true
/Users/Vanessa/git/BachelorThesis/rust/../instances/n100_test223.csv,3458,true
/Users/Vanessa/git/BachelorThesis/rust/../instances/n100_test224.csv,3833,true
/Users/Vanessa/git/BachelorThesis/rust/../instances/n100_test225.csv,4000,true
/Users/Vanessa/git/BachelorThesis/rust/../instances/n100_test226.csv,20542,true
/Users/Vanessa/git/BachelorThesis/rust/../instances/n100_test227.csv,4125,true
/Users/Vanessa/git/BachelorThesis/rust/../instances/n100_test228.csv,4000,false
/Users/Vanessa/git/BachelorThesis/rust/../instances/n100_test229.csv,3708,false
/Users/Vanessa/git/BachelorThesis/rust/../instances/n100_test23.csv,3791,true
/Users/Vanessa/git/BachelorThesis/rust/../instances/n100_test230.csv,4209,false
/Users/Vanessa/git/BachelorThesis/rust/../instances/n100_test231.csv,4084,true
/Users/Vanessa/git/BachelorThesis/rust/../instances/n100_test232.csv,4083,false
/Users/Vanessa/git/BachelorThesis/rust/../instances/n100_test233.csv,3875,false
/Users/Vanessa/git/BachelorThesis/rust/../instances/n100_test234.csv,4167,false
/Users/Vanessa/git/BachelorThesis/rust/../instances/n100_test235.csv,4125,false
/Users/Vanessa/git/BachelorThesis/rust/../instances/n100_test236.csv,4208,true
/Users/Vanessa/git/BachelorThesis/rust/../instances/n100_test237.csv,4125,true
/Users/Vanessa/git/BachelorThesis/rust/../instances/n100_test238.csv,3667,false
/Users/Vanessa/git/BachelorThesis/rust/../instances/n100_test239.csv,3958,false
/Users/Vanessa/git/BachelorThesis/rust/../instances/n100_test24.csv,3708,true
/Users/Vanessa/git/BachelorThesis/rust/../instances/n100_test240.csv,3917,true
/Users/Vanessa/git/BachelorThesis/rust/../instances/n100_test241.csv,3583,true
/Users/Vanessa/git/BachelorThesis/rust/../instances/n100_test242.csv,4167,false
/Users/Vanessa/git/BachelorThesis/rust/../instances/n100_test243.csv,4166,false
/Users/Vanessa/git/BachelorThesis/rust/../instances/n100_test244.csv,4209,false
/Users/Vanessa/git/BachelorThesis/rust/../instances/n100_test245.csv,4500,true
/Users/Vanessa/git/BachelorThesis/rust/../instances/n100_test246.csv,3833,false
/Users/Vanessa/git/BachelorThesis/rust/../instances/n100_test247.csv,4208,false
/Users/Vanessa/git/BachelorThesis/rust/../instances/n100_test248.csv,4000,true
/Users/Vanessa/git/BachelorThesis/rust/../instances/n100_test249.csv,4042,false
/Users/Vanessa/git/BachelorThesis/rust/../instances/n100_test25.csv,3917,true
/Users/Vanessa/git/BachelorThesis/rust/../instances/n100_test250.csv,4042,false
/Users/Vanessa/git/BachelorThesis/rust/../instances/n100_test251.csv,4291,true
/Users/Vanessa/git/BachelorThesis/rust/../instances/n100_test252.csv,4209,true
/Users/Vanessa/git/BachelorThesis/rust/../instances/n100_test253.csv,4208,false
/Users/Vanessa/git/BachelorThesis/rust/../instances/n100_test254.csv,4042,false
/Users/Vanessa/git/BachelorThesis/rust/../instances/n100_test255.csv,3625,true
/Users/Vanessa/git/BachelorThesis/rust/../instances/n100_test256.csv,4250,true
/Users/Vanessa/git/BachelorThesis/rust/../instances/n100_test257.csv,4250,true
/Users/Vanessa/git/BachelorThesis/rust/../instances/n100_test258.csv,4166,true
/Users/Vanessa/git/BachelorThesis/rust/../instances/n100_test259.csv,4416,true
/Users/Vanessa/git/BachelorThesis/rust/../instances/n100_test26.csv,4208,true
/Users/Vanessa/git/BachelorThesis/rust/../instances/n100_test260.csv,3583,false
/Users/Vanessa/git/BachelorThesis/rust/../instances/n100_test261.csv,4042,false
/Users/Vanessa/git/BachelorThesis/rust/../instances/n100_test262.csv,4417,true
/Users/Vanessa/git/BachelorThesis/rust/../instances/n100_test263.csv,4250,true
/Users/Vanessa/git/BachelorThesis/rust/../instances/n100_test264.csv,4333,true
/Users/Vanessa/git/BachelorThesis/rust/../instances/n100_test265.csv,4458,false
/Users/Vanessa/git/BachelorThesis/rust/../instances/n100_test266.csv,4084,false
/Users/Vanessa/git/BachelorThesis/rust/../instances/n100_test267.csv,4084,true
/Users/Vanessa/git/BachelorThesis/rust/../instances/n100_test268.csv,3917,false
/Users/Vanessa/git/BachelorThesis/rust/../instances/n100_test269.csv,4291,false
/Users/Vanessa/git/BachelorThesis/rust/../instances/n100_test27.csv,4084,true
/Users/Vanessa/git/BachelorThesis/rust/../instances/n100_test270.csv,4167,false
/Users/Vanessa/git/BachelorThesis/rust/../instances/n100_test271.csv,4209,false
/Users/Vanessa/git/BachelorThesis/rust/../instances/n100_test272.csv,4292,true
/Users/Vanessa/git/BachelorThesis/rust/../instances/n100_test273.csv,4333,false
/Users/Vanessa/git/BachelorThesis/rust/../instances/n100_test274.csv,4459,true
/Users/Vanessa/git/BachelorThesis/rust/../instances/n100_test275.csv,4292,true
/Users/Vanessa/git/BachelorThesis/rust/../instances/n100_test276.csv,3875,false
/Users/Vanessa/git/BachelorThesis/rust/../instances/n100_test277.csv,3959,true
/Users/Vanessa/git/BachelorThesis/rust/../instances/n100_test278.csv,4292,false
/Users/Vanessa/git/BachelorThesis/rust/../instances/n100_test279.csv,4208,true
/Users/Vanessa/git/BachelorThesis/rust/../instances/n100_test28.csv,4083,true
/Users/Vanessa/git/BachelorThesis/rust/../instances/n100_test280.csv,4250,false
/Users/Vanessa/git/BachelorThesis/rust/../instances/n100_test281.csv,4125,false
/Users/Vanessa/git/BachelorThesis/rust/../instances/n100_test282.csv,4333,true
/Users/Vanessa/git/BachelorThesis/rust/../instances/n100_test283.csv,4250,true
/Users/Vanessa/git/BachelorThesis/rust/../instances/n100_test284.csv,20625,false
/Users/Vanessa/git/BachelorThesis/rust/../instances/n100_test285.csv,4042,false
/Users/Vanessa/git/BachelorThesis/rust/../instances/n100_test286.csv,3458,true
/Users/Vanessa/git/BachelorThesis/rust/../instances/n100_test287.csv,4084,true
/Users/Vanessa/git/BachelorThesis/rust/../instances/n100_test288.csv,3958,true
/Users/Vanessa/git/BachelorThesis/rust/../instances/n100_test289.csv,3625,true
/Users/Vanessa/git/BachelorThesis/rust/../instances/n100_test29.csv,4125,false
/Users/Vanessa/git/BachelorThesis/rust/../instances/n100_test290.csv,3584,false
/Users/Vanessa/git/BachelorThesis/rust/../instances/n100_test291.csv,3875,true
/Users/Vanessa/git/BachelorThesis/rust/../instances/n100_test292.csv,3875,false
/Users/Vanessa/git/BachelorThesis/rust/../instances/n100_test293.csv,3959,false
/Users/Vanessa/git/BachelorThesis/rust/../instances/n100_test294.csv,4000,true
/Users/Vanessa/git/BachelorThesis/rust/../instances/n100_test295.csv,3917,false
/Users/Vanessa/git/BachelorThesis/rust/../instances/n100_test296.csv,3625,true
/Users/Vanessa/git/BachelorThesis/rust/../instances/n100_test297.csv,3709,true
/Users/Vanessa/git/BachelorThesis/rust/../instances/n100_test298.csv,4125,false
/Users/Vanessa/git/BachelorThesis/rust/../instances/n100_test299.csv,3667,true
/Users/Vanessa/git/BachelorThesis/rust/../instances/n100_test3.csv,4042,false
/Users/Vanessa/git/BachelorThesis/rust/../instances/n100_test30.csv,4250,true
/Users/Vanessa/git/BachelorThesis/rust/../instances/n100_test300.csv,4334,false
/Users/Vanessa/git/BachelorThesis/rust/../instances/n100_test301.csv,4125,false
/Users/Vanessa/git/BachelorThesis/rust/../instances/n100_test302.csv,4083,true
/Users/Vanessa/git/BachelorThesis/rust/../instances/n100_test303.csv,4292,true
/Users/Vanessa/git/BachelorThesis/rust/../instances/n100_test304.csv,20916,true
/Users/Vanessa/git/BachelorThesis/rust/../instances/n100_test305.csv,3791,false
/Users/Vanessa/git/BachelorThesis/rust/../instances/n100_test306.csv,3500,true
/Users/Vanessa/git/BachelorThesis/rust/../instances/n100_test307.csv,3500,false
/Users/Vanessa/git/BachelorThesis/rust/../instances/n100_test308.csv,4000,true
/Users/Vanessa/git/BachelorThesis/rust/../instances/n100_test309.csv,3875,true
/Users/Vanessa/git/BachelorThesis/rust/../instances/n100_test31.csv,3666,false
/Users/Vanessa/git/BachelorThesis/rust/../instances/n100_test310.csv,4083,false
/Users/Vanessa/git/BachelorThesis/rust/../instances/n100_test311.csv,4083,false
/Users/Vanessa/git/BachelorThesis/rust/../instances/n100_test312.csv,3708,false
/Users/Vanessa/git/BachelorThesis/rust/../instances/n100_test313.csv,3459,false
/Users/Vanessa/git/BachelorThesis/rust/../instances/n100_test314.csv,4041,false
/Users/Vanessa/git/BachelorThesis/rust/../instances/n100_test315.csv,3916,true
/Users/Vanessa/git/BachelorThesis/rust/../instances/n100_test316.csv,3959,true
/Users/Vanessa/git/BachelorThesis/rust/../instances/n100_test317.csv,4125,false
/Users/Vanessa/git/BachelorThesis/rust/../instances/n100_test318.csv,3583,false
/Users/Vanessa/git/BachelorThesis/rust/../instances/n100_test319.csv,3917,true
/Users/Vanessa/git/BachelorThesis/rust/../instances/n100_test32.csv,3917,false
/Users/Vanessa/git/BachelorThesis/rust/../instances/n100_test320.csv,4000,true
/Users/Vanessa/git/BachelorThesis/rust/../instances/n100_test321.csv,3500,false
/Users/Vanessa/git/BachelorThesis/rust/../instances/n100_test322.csv,3959,false
/Users/Vanessa/git/BachelorThesis/rust/../instances/n100_test323.csv,3667,true
/Users/Vanessa/git/BachelorThesis/rust/../instances/n100_test324.csv,4208,true
/Users/Vanessa/git/BachelorThesis/rust/../instances/n100_test325.csv,3959,false
/Users/Vanessa/git/BachelorThesis/rust/../instances/n100_test326.csv,3500,true
/Users/Vanessa/git/BachelorThesis/rust/../instances/n100_test327.csv,4125,true
/Users/Vanessa/git/BachelorThesis/rust/../instances/n100_test328.csv,3958,true
/Users/Vanessa/git/BachelorThesis/rust/../instances/n100_test329.csv,3583,true
/Users/Vanessa/git/BachelorThesis/rust/../instances/n100_test33.csv,3917,true
/Users/Vanessa/git/BachelorThesis/rust/../instances/n100_test330.csv,4083,true
/Users/Vanessa/git/BachelorThesis/rust/../instances/n100_test331.csv,4167,true
/Users/Vanessa/git/BachelorThesis/rust/../instances/n100_test332.csv,3958,false
/Users/Vanessa/git/BachelorThesis/rust/../instances/n100_test333.csv,4167,true
/Users/Vanessa/git/BachelorThesis/rust/../instances/n100_test334.csv,3958,true
/Users/Vanessa/git/BachelorThesis/rust/../instances/n100_test335.csv,3958,true
/Users/Vanessa/git/BachelorThesis/rust/../instances/n100_test336.csv,3583,true
/Users/Vanessa/git/BachelorThesis/rust/../instances/n100_test337.csv,4167,true
/Users/Vanessa/git/BachelorThesis/rust/../instances/n100_test338.csv,3958,false
/Users/Vanessa/git/BachelorThesis/rust/../instances/n100_test339.csv,3959,false
/Users/Vanessa/git/BachelorThesis/rust/../instances/n100_test34.csv,4083,false
/Users/Vanessa/git/BachelorThesis/rust/../instances/n100_test340.csv,4000,true
/Users/Vanessa/git/BachelorThesis/rust/../instances/n100_test341.csv,4083,true
/Users/Vanessa/git/BachelorThesis/rust/../instances/n100_test342.csv,4125,false
/Users/Vanessa/git/BachelorThesis/rust/../instances/n100_test343.csv,3958,true
/Users/Vanessa/git/BachelorThesis/rust/../instances/n100_test344.csv,4000,false
/Users/Vanessa/git/BachelorThesis/rust/../instances/n100_test345.csv,4125,false
/Users/Vanessa/git/BachelorThesis/rust/../instances/n100_test346.csv,3958,false
/Users/Vanessa/git/BachelorThesis/rust/../instances/n100_test347.csv,3875,false
/Users/Vanessa/git/BachelorThesis/rust/../instances/n100_test348.csv,4209,true
/Users/Vanessa/git/BachelorThesis/rust/../instances/n100_test349.csv,18875,false
/Users/Vanessa/git/BachelorThesis/rust/../instances/n100_test35.csv,3458,true
/Users/Vanessa/git/BachelorThesis/rust/../instances/n100_test350.csv,4125,false
/Users/Vanessa/git/BachelorThesis/rust/../instances/n100_test351.csv,4166,true
/Users/Vanessa/git/BachelorThesis/rust/../instances/n100_test352.csv,4541,false
/Users/Vanessa/git/BachelorThesis/rust/../instances/n100_test353.csv,4333,true
/Users/Vanessa/git/BachelorThesis/rust/../instances/n100_test354.csv,4250,false
/Users/Vanessa/git/BachelorThesis/rust/../instances/n100_test355.csv,4209,true
/Users/Vanessa/git/BachelorThesis/rust/../instances/n100_test356.csv,4000,true
/Users/Vanessa/git/BachelorThesis/rust/../instances/n100_test357.csv,4542,false
/Users/Vanessa/git/BachelorThesis/rust/../instances/n100_test358.csv,21500,true
/Users/Vanessa/git/BachelorThesis/rust/../instances/n100_test359.csv,3958,true
/Users/Vanessa/git/BachelorThesis/rust/../instances/n100_test36.csv,3875,false
/Users/Vanessa/git/BachelorThesis/rust/../instances/n100_test360.csv,3792,true
/Users/Vanessa/git/BachelorThesis/rust/../instances/n100_test361.csv,3375,true
/Users/Vanessa/git/BachelorThesis/rust/../instances/n100_test362.csv,4041,true
/Users/Vanessa/git/BachelorThesis/rust/../instances/n100_test363.csv,4125,false
/Users/Vanessa/git/BachelorThesis/rust/../instances/n100_test364.csv,4125,false
/Users/Vanessa/git/BachelorThesis/rust/../instances/n100_test365.csv,4041,true
/Users/Vanessa/git/BachelorThesis/rust/../instances/n100_test366.csv,19000,false
/Users/Vanessa/git/BachelorThesis/rust/../instances/n100_test367.csv,3834,false
/Users/Vanessa/git/BachelorThesis/rust/../instances/n100_test368.csv,1906834,false
/Users/Vanessa/git/BachelorThesis/rust/../instances/n100_test369.csv,3500,false
/Users/Vanessa/git/BachelorThesis/rust/../instances/n100_test37.csv,3833,true
/Users/Vanessa/git/BachelorThesis/rust/../instances/n100_test370.csv,3875,true
/Users/Vanessa/git/BachelorThesis/rust/../instances/n100_test371.csv,3834,true
/Users/Vanessa/git/BachelorThesis/rust/../instances/n100_test372.csv,4000,false
/Users/Vanessa/git/BachelorThesis/rust/../instances/n100_test373.csv,3959,true
/Users/Vanessa/git/BachelorThesis/rust/../instances/n100_test374.csv,3833,true
/Users/Vanessa/git/BachelorThesis/rust/../instances/n100_test375.csv,4083,true
/Users/Vanessa/git/BachelorThesis/rust/../instances/n100_test376.csv,4208,false
/Users/Vanessa/git/BachelorThesis/rust/../instances/n100_test377.csv,3917,false
/Users/Vanessa/git/BachelorThesis/rust/../instances/n100_test378.csv,3875,true
/Users/Vanessa/git/BachelorThesis/rust/../instances/n100_test379.csv,4083,false
/Users/Vanessa/git/BachelorThesis/rust/../instances/n100_test38.csv,18792,false
/Users/Vanessa/git/BachelorThesis/rust/../instances/n100_test380.csv,3875,false
/Users/Vanessa/git/BachelorThesis/rust/../instances/n100_test381.csv,4042,false
/Users/Vanessa/git/BachelorThesis/rust/../instances/n100_test382.csv,3833,true
/Users/Vanessa/git/BachelorThesis/rust/../instances/n100_test383.csv,3875,true
/Users/Vanessa/git/BachelorThesis/rust/../instances/n100_test384.csv,4084,true
/Users/Vanessa/git/BachelorThesis/rust/../instances/n100_test385.csv,3875,true
/Users/Vanessa/git/BachelorThesis/rust/../instances/n100_test386.csv,4000,true
/Users/Vanessa/git/BachelorThesis/rust/../instances/n100_test387.csv,3875,true
/Users/Vanessa/git/BachelorThesis/rust/../instances/n100_test388.csv,18792,true
/Users/Vanessa/git/BachelorThesis/rust/../instances/n100_test389.csv,3875,false
/Users/Vanessa/git/BachelorThesis/rust/../instances/n100_test39.csv,3875,false
/Users/Vanessa/git/BachelorThesis/rust/../instances/n100_test390.csv,3959,false
/Users/Vanessa/git/BachelorThesis/rust/../instances/n100_test391.csv,3875,true
/Users/Vanessa/git/BachelorThesis/rust/../instances/n100_test392.csv,3792,true
/Users/Vanessa/git/BachelorThesis/rust/../instances/n100_test393.csv,2164541,false
/Users/Vanessa/git/BachelorThesis/rust/../instances/n100_test394.csv,4042,true
/Users/Vanessa/git/BachelorThesis/rust/../instances/n100_test395.csv,3959,true
/Users/Vanessa/git/BachelorThesis/rust/../instances/n100_test396.csv,3875,false
/Users/Vanessa/git/BachelorThesis/rust/../instances/n100_test397.csv,3542,true
/Users/Vanessa/git/BachelorThesis/rust/../instances/n100_test398.csv,4083,false
/Users/Vanessa/git/BachelorThesis/rust/../instances/n100_test399.csv,3875,false
/Users/Vanessa/git/BachelorThesis/rust/../instances/n100_test4.csv,3541,false
/Users/Vanessa/git/BachelorThesis/rust/../instances/n100_test40.csv,3917,true
/Users/Vanessa/git/BachelorThesis/rust/../instances/n100_test400.csv,3875,false
/Users/Vanessa/git/BachelorThesis/rust/../instances/n100_test401.csv,4000,true
/Users/Vanessa/git/BachelorThesis/rust/../instances/n100_test402.csv,3417,true
/Users/Vanessa/git/BachelorThesis/rust/../instances/n100_test403.csv,3917,false
/Users/Vanessa/git/BachelorThesis/rust/../instances/n100_test404.csv,4041,true
/Users/Vanessa/git/BachelorThesis/rust/../instances/n100_test405.csv,3958,true
/Users/Vanessa/git/BachelorThesis/rust/../instances/n100_test406.csv,4084,true
/Users/Vanessa/git/BachelorThesis/rust/../instances/n100_test407.csv,4083,false
/Users/Vanessa/git/BachelorThesis/rust/../instances/n100_test408.csv,3875,true
/Users/Vanessa/git/BachelorThesis/rust/../instances/n100_test409.csv,3833,true
/Users/Vanessa/git/BachelorThesis/rust/../instances/n100_test41.csv,4041,true
/Users/Vanessa/git/BachelorThesis/rust/../instances/n100_test410.csv,3500,true
/Users/Vanessa/git/BachelorThesis/rust/../instances/n100_test411.csv,18333,true
/Users/Vanessa/git/BachelorThesis/rust/../instances/n100_test412.csv,3541,false
/Users/Vanessa/git/BachelorThesis/rust/../instances/n100_test413.csv,3500,false
/Users/Vanessa/git/BachelorThesis/rust/../instances/n100_test414.csv,18292,true
/Users/Vanessa/git/BachelorThesis/rust/../instances/n100_test415.csv,3750,true
/Users/Vanessa/git/BachelorThesis/rust/../instances/n100_test416.csv,3875,true
/Users/Vanessa/git/BachelorThesis/rust/../instances/n100_test417.csv,3541,true
/Users/Vanessa/git/BachelorThesis/rust/../instances/n100_test418.csv,3750,true
/Users/Vanessa/git/BachelorThesis/rust/../instances/n100_test419.csv,4167,false
/Users/Vanessa/git/BachelorThesis/rust/../instances/n100_test42.csv,3875,false
/Users/Vanessa/git/BachelorThesis/rust/../instances/n100_test420.csv,3834,false
/Users/Vanessa/git/BachelorThesis/rust/../instances/n100_test421.csv,4041,false
/Users/Vanessa/git/BachelorThesis/rust/../instances/n100_test422.csv,4041,true
/Users/Vanessa/git/BachelorThesis/rust/../instances/n100_test423.csv,4083,false
/Users/Vanessa/git/BachelorThesis/rust/../instances/n100_test424.csv,3542,true
/Users/Vanessa/git/BachelorThesis/rust/../instances/n100_test425.csv,3708,true
/Users/Vanessa/git/BachelorThesis/rust/../instances/n100_test426.csv,3834,true
/Users/Vanessa/git/BachelorThesis/rust/../instances/n100_test427.csv,3875,true
/Users/Vanessa/git/BachelorThesis/rust/../instances/n100_test428.csv,4500,true
/Users/Vanessa/git/BachelorThesis/rust/../instances/n100_test429.csv,4291,false
/Users/Vanessa/git/BachelorThesis/rust/../instances/n100_test43.csv,4042,true
/Users/Vanessa/git/BachelorThesis/rust/../instances/n100_test430.csv,4250,false
/Users/Vanessa/git/BachelorThesis/rust/../instances/n100_test431.csv,3667,false
/Users/Vanessa/git/BachelorThesis/rust/../instances/n100_test432.csv,4000,false
/Users/Vanessa/git/BachelorThesis/rust/../instances/n100_test433.csv,3792,false
/Users/Vanessa/git/BachelorThesis/rust/../instances/n100_test434.csv,3625,false
/Users/Vanessa/git/BachelorThesis/rust/../instances/n100_test435.csv,3584,false
/Users/Vanessa/git/BachelorThesis/rust/../instances/n100_test436.csv,4042,true
/Users/Vanessa/git/BachelorThesis/rust/../instances/n100_test437.csv,4041,true
/Users/Vanessa/git/BachelorThesis/rust/../instances/n100_test438.csv,4250,true
/Users/Vanessa/git/BachelorThesis/rust/../instances/n100_test439.csv,3667,true
/Users/Vanessa/git/BachelorThesis/rust/../instances/n100_test44.csv,19166,false
/Users/Vanessa/git/BachelorThesis/rust/../instances/n100_test440.csv,4125,true
/Users/Vanessa/git/BachelorThesis/rust/../instances/n100_test441.csv,4042,true
/Users/Vanessa/git/BachelorThesis/rust/../instances/n100_test442.csv,4042,false
/Users/Vanessa/git/BachelorThesis/rust/../instances/n100_test443.csv,3417,true
/Users/Vanessa/git/BachelorThesis/rust/../instances/n100_test444.csv,3875,false
/Users/Vanessa/git/BachelorThesis/rust/../instances/n100_test445.csv,3417,true
/Users/Vanessa/git/BachelorThesis/rust/../instances/n100_test446.csv,3500,true
/Users/Vanessa/git/BachelorThesis/rust/../instances/n100_test447.csv,3875,false
/Users/Vanessa/git/BachelorThesis/rust/../instances/n100_test448.csv,4041,false
/Users/Vanessa/git/BachelorThesis/rust/../instances/n100_test449.csv,3834,false
/Users/Vanessa/git/BachelorThesis/rust/../instances/n100_test45.csv,4250,true
/Users/Vanessa/git/BachelorThesis/rust/../instances/n100_test450.csv,4083,true
/Users/Vanessa/git/BachelorThesis/rust/../instances/n100_test451.csv,3667,true
/Users/Vanessa/git/BachelorThesis/rust/../instances/n100_test452.csv,3917,false
/Users/Vanessa/git/BachelorThesis/rust/../instances/n100_test453.csv,3875,false
/Users/Vanessa/git/BachelorThesis/rust/../instances/n100_test454.csv,4083,false
/Users/Vanessa/git/BachelorThesis/rust/../instances/n100_test455.csv,3750,true
/Users/Vanessa/git/BachelorThesis/rust/../instances/n100_test456.csv,4083,true
/Users/Vanessa/git/BachelorThesis/rust/../instances/n100_test457.csv,4125,true
/Users/Vanessa/git/BachelorThesis/rust/../instances/n100_test458.csv,4084,false
/Users/Vanessa/git/BachelorThesis/rust/../instances/n100_test459.csv,3834,false
/Users/Vanessa/git/BachelorThesis/rust/../instances/n100_test46.csv,4083,false
/Users/Vanessa/git/BachelorThesis/rust/../instances/n100_test460.csv,3458,false
/Users/Vanessa/git/BachelorThesis/rust/../instances/n100_test461.csv,4084,false
/Users/Vanessa/git/BachelorThesis/rust/../instances/n100_test462.csv,3625,true
/Users/Vanessa/git/BachelorThesis/rust/../instances/n100_test463.csv,4042,false
/Users/Vanessa/git/BachelorThesis/rust/../instances/n100_test464.csv,4208,true
/Users/Vanessa/git/BachelorThesis/rust/../instances/n100_test465.csv,4000,false
/Users/Vanessa/git/BachelorThesis/rust/../instances/n100_test466.csv,4333,true
/Users/Vanessa/git/BachelorThesis/rust/../instances/n100_test467.csv,3916,false
/Users/Vanessa/git/BachelorThesis/rust/../instances/n100_test468.csv,3958,false
/Users/Vanessa/git/BachelorThesis/rust/../instances/n100_test469.csv,4125,true
/Users/Vanessa/git/BachelorThesis/rust/../instances/n100_test47.csv,3917,true
/Users/Vanessa/git/BachelorThesis/rust/../instances/n100_test470.csv,4042,true
/Users/Vanessa/git/BachelorThesis/rust/../instances/n100_test471.csv,4084,false
/Users/Vanessa/git/BachelorThesis/rust/../instances/n100_test472.csv,2428625,false
/Users/Vanessa/git/BachelorThesis/rust/../instances/n100_test473.csv,3417,false
/Users/Vanessa/git/BachelorThesis/rust/../instances/n100_test474.csv,4042,true
/Users/Vanessa/git/BachelorThesis/rust/../instances/n100_test475.csv,3834,true
/Users/Vanessa/git/BachelorThesis/rust/../instances/n100_test476.csv,4042,true
/Users/Vanessa/git/BachelorThesis/rust/../instances/n100_test477.csv,3542,false
/Users/Vanessa/git/BachelorThesis/rust/../instances/n100_test478.csv,3833,true
/Users/Vanessa/git/BachelorThesis/rust/../instances/n100_test479.csv,4125,true
/Users/Vanessa/git/BachelorThesis/rust/../instances/n100_test48.csv,4042,true
/Users/Vanessa/git/BachelorThesis/rust/../instances/n100_test480.csv,3875,false
/Users/Vanessa/git/BachelorThesis/rust/../instances/n100_test481.csv,21209,true
/Users/Vanessa/git/BachelorThesis/rust/../instances/n100_test482.csv,3833,false
/Users/Vanessa/git/BachelorThesis/rust/../instances/n100_test483.csv,4042,false
/Users/Vanessa/git/BachelorThesis/rust/../instances/n100_test484.csv,4041,false
/Users/Vanessa/git/BachelorThesis/rust/../instances/n100_test485.csv,4083,true
/Users/Vanessa/git/BachelorThesis/rust/../instances/n100_test486.csv,20416,false
/Users/Vanessa/git/BachelorThesis/rust/../instances/n100_test487.csv,4042,false
/Users/Vanessa/git/BachelorThesis/rust/../instances/n100_test488.csv,3875,true
/Users/Vanessa/git/BachelorThesis/rust/../instances/n100_test489.csv,3500,true
/Users/Vanessa/git/BachelorThesis/rust/../instances/n100_test49.csv,3791,true
/Users/Vanessa/git/BachelorThesis/rust/../instances/n100_test490.csv,3458,false
/Users/Vanessa/git/BachelorThesis/rust/../instances/n100_test491.csv,1914375,false
/Users/Vanessa/git/BachelorThesis/rust/../instances/n100_test492.csv,3708,false
/Users/Vanessa/git/BachelorThesis/rust/../instances/n100_test493.csv,18958,true
/Users/Vanessa/git/BachelorThesis/rust/../instances/n100_test494.csv,3417,false
/Users/Vanessa/git/BachelorThesis/rust/../instances/n100_test495.csv,3541,true
/Users/Vanessa/git/BachelorThesis/rust/../instances/n100_test496.csv,4166,false
/Users/Vanessa/git/BachelorThesis/rust/../instances/n100_test497.csv,3834,true
/Users/Vanessa/git/BachelorThesis/rust/../instances/n100_test498.csv,4083,true
/Users/Vanessa/git/BachelorThesis/rust/../instances/n100_test499.csv,4000,true
/Users/Vanessa/git/BachelorThesis/rust/../instances/n100_test5.csv,3875,true
/Users/Vanessa/git/BachelorThesis/rust/../instances/n100_test50.csv,20625,true
/Users/Vanessa/git/BachelorThesis/rust/../instances/n100_test500.csv,4041,false
/Users/Vanessa/git/BachelorThesis/rust/../instances/n100_test51.csv,3500,true
/Users/Vanessa/git/BachelorThesis/rust/../instances/n100_test52.csv,3875,false
/Users/Vanessa/git/BachelorThesis/rust/../instances/n100_test53.csv,3834,false
/Users/Vanessa/git/BachelorThesis/rust/../instances/n100_test54.csv,4042,false
/Users/Vanessa/git/BachelorThesis/rust/../instances/n100_test55.csv,3459,true
/Users/Vanessa/git/BachelorThesis/rust/../instances/n100_test56.csv,3833,false
/Users/Vanessa/git/BachelorThesis/rust/../instances/n100_test57.csv,3917,false
/Users/Vanessa/git/BachelorThesis/rust/../instances/n100_test58.csv,3833,false
/Users/Vanessa/git/BachelorThesis/rust/../instances/n100_test59.csv,4041,false
/Users/Vanessa/git/BachelorThesis/rust/../instances/n100_test6.csv,3875,true
/Users/Vanessa/git/BachelorThesis/rust/../instances/n100_test60.csv,3667,false
/Users/Vanessa/git/BachelorThesis/rust/../instances/n100_test61.csv,3917,true
/Users/Vanessa/git/BachelorThesis/rust/../instances/n100_test62.csv,3750,true
/Users/Vanessa/git/BachelorThesis/rust/../instances/n100_test63.csv,3917,false
/Users/Vanessa/git/BachelorThesis/rust/../instances/n100_test64.csv,4125,false
/Users/Vanessa/git/BachelorThesis/rust/../instances/n100_test65.csv,4084,false
/Users/Vanessa/git/BachelorThesis/rust/../instances/n100_test66.csv,4125,false
/Users/Vanessa/git/BachelorThesis/rust/../instances/n100_test67.csv,3917,true
/Users/Vanessa/git/BachelorThesis/rust/../instances/n100_test68.csv,4000,false
/Users/Vanessa/git/BachelorThesis/rust/../instances/n100_test69.csv,4209,true
/Users/Vanessa/git/BachelorThesis/rust/../instances/n100_test7.csv,4000,false
/Users/Vanessa/git/BachelorThesis/rust/../instances/n100_test70.csv,4083,false
/Users/Vanessa/git/BachelorThesis/rust/../instances/n100_test71.csv,4208,true
/Users/Vanessa/git/BachelorThesis/rust/../instances/n100_test72.csv,4041,true
/Users/Vanessa/git/BachelorThesis/rust/../instances/n100_test73.csv,3667,false
/Users/Vanessa/git/BachelorThesis/rust/../instances/n100_test74.csv,4208,true
/Users/Vanessa/git/BachelorThesis/rust/../instances/n100_test75.csv,3625,true
/Users/Vanessa/git/BachelorThesis/rust/../instances/n100_test76.csv,4334,true
/Users/Vanessa/git/BachelorThesis/rust/../instances/n100_test77.csv,1915125,false
/Users/Vanessa/git/BachelorThesis/rust/../instances/n100_test78.csv,4000,true
/Users/Vanessa/git/BachelorThesis/rust/../instances/n100_test79.csv,4167,false
/Users/Vanessa/git/BachelorThesis/rust/../instances/n100_test8.csv,3667,true
/Users/Vanessa/git/BachelorThesis/rust/../instances/n100_test80.csv,4083,false
/Users/Vanessa/git/BachelorThesis/rust/../instances/n100_test81.csv,3875,false
/Users/Vanessa/git/BachelorThesis/rust/../instances/n100_test82.csv,3542,false
/Users/Vanessa/git/BachelorThesis/rust/../instances/n100_test83.csv,3834,false
/Users/Vanessa/git/BachelorThesis/rust/../instances/n100_test84.csv,4083,false
/Users/Vanessa/git/BachelorThesis/rust/../instances/n100_test85.csv,4083,true
/Users/Vanessa/git/BachelorThesis/rust/../instances/n100_test86.csv,4084,false
/Users/Vanessa/git/BachelorThesis/rust/../instances/n100_test87.csv,3875,false
/Users/Vanessa/git/BachelorThesis/rust/../instances/n100_test88.csv,3834,true
/Users/Vanessa/git/BachelorThesis/rust/../instances/n100_test89.csv,4166,true
/Users/Vanessa/git/BachelorThesis/rust/../instances/n100_test9.csv,20375,false
/Users/Vanessa/git/BachelorThesis/rust/../instances/n100_test90.csv,3875,false
/Users/Vanessa/git/BachelorThesis/rust/../instances/n100_test91.csv,4000,false
/Users/Vanessa/git/BachelorThesis/rust/../instances/n100_test92.csv,3916,false
/Users/Vanessa/git/BachelorThesis/rust/../instances/n100_test93.csv,3416,false
/Users/Vanessa/git/BachelorThesis/rust/../instances/n100_test94.csv,4083,true
/Users/Vanessa/git/BachelorThesis/rust/../instances/n100_test95.csv,3625,true
/Users/Vanessa/git/BachelorThesis/rust/../instances/n100_test96.csv,3750,true
/Users/Vanessa/git/BachelorThesis/rust/../instances/n100_test97.csv,4125,true
/Users/Vanessa/git/BachelorThesis/rust/../instances/n100_test98.csv,3958,false
/Users/Vanessa/git/BachelorThesis/rust/../instances/n100_test99.csv,4083,false
/Users/Vanessa/git/BachelorThesis/rust/../instances/n10_test1.csv,708,false
/Users/Vanessa/git/BachelorThesis/rust/../instances/n10_test10.csv,167,false
/Users/Vanessa/git/BachelorThesis/rust/../instances/n10_test100.csv,4500,false
/Users/Vanessa/git/BachelorThesis/rust/../instances/n10_test101.csv,125,true
/Users/Vanessa/git/BachelorThesis/rust/../instances/n10_test102.csv,3875,true
/Users/Vanessa/git/BachelorThesis/rust/../instances/n10_test103.csv,2959,false
/Users/Vanessa/git/BachelorThesis/rust/../instances/n10_test104.csv,125,false
/Users/Vanessa/git/BachelorThesis/rust/../instances/n10_test105.csv,125,true
/Users/Vanessa/git/BachelorThesis/rust/../instances/n10_test106.csv,125,false
/Users/Vanessa/git/BachelorThesis/rust/../instances/n10_test107.csv,208,true
/Users/Vanessa/git/BachelorThesis/rust/../instances/n10_test108.csv,125,true
/Users/Vanessa/git/BachelorThesis/rust/../instances/n10_test109.csv,84,true
/Users/Vanessa/git/BachelorThesis/rust/../instances/n10_test11.csv,84,true
/Users/Vanessa/git/BachelorThesis/rust/../instances/n10_test110.csv,83,false
/Users/Vanessa/git/BachelorThesis/rust/../instances/n10_test111.csv,3042,false
/Users/Vanessa/git/BachelorThesis/rust/../instances/n10_test112.csv,83,true
/Users/Vanessa/git/BachelorThesis/rust/../instances/n10_test113.csv,125,false
/Users/Vanessa/git/BachelorThesis/rust/../instances/n10_test114.csv,83,true
/Users/Vanessa/git/BachelorThesis/rust/../instances/n10_test115.csv,125,false
/Users/Vanessa/git/BachelorThesis/rust/../instances/n10_test116.csv,125,true
/Users/Vanessa/git/BachelorThesis/rust/../instances/n10_test117.csv,250,false
/Users/Vanessa/git/BachelorThesis/rust/../instances/n10_test118.csv,125,true
/Users/Vanessa/git/BachelorThesis/rust/../instances/n10_test119.csv,3000,false
/Users/Vanessa/git/BachelorThesis/rust/../instances/n10_test12.csv,83,true
/Users/Vanessa/git/BachelorThesis/rust/../instances/n10_test120.csv,84,false
/Users/Vanessa/git/BachelorThesis/rust/../instances/n10_test121.csv,291,true
/Users/Vanessa/git/BachelorThesis/rust/../instances/n10_test122.csv,125,false
/Users/Vanessa/git/BachelorThesis/rust/../instances/n10_test123.csv,125,true
/Users/Vanessa/git/BachelorThesis/rust/../instances/n10_test124.csv,83,false
/Users/Vanessa/git/BachelorThesis/rust/../instances/n10_test125.csv,83,true
/Users/Vanessa/git/BachelorThesis/rust/../instances/n10_test126.csv,84,false
/Users/Vanessa/git/BachelorThesis/rust/../instances/n10_test127.csv,83,true
/Users/Vanessa/git/BachelorThesis/rust/../instances/n10_test128.csv,83,true
/Users/Vanessa/git/BachelorThesis/rust/../instances/n10_test129.csv,125,false
/Users/Vanessa/git/BachelorThesis/rust/../instances/n10_test13.csv,2959,false
/Users/Vanessa/git/BachelorThesis/rust/../instances/n10_test130.csv,83,false
/Users/Vanessa/git/BachelorThesis/rust/../instances/n10_test131.csv,125,true
/Users/Vanessa/git/BachelorThesis/rust/../instances/n10_test132.csv,83,false
/Users/Vanessa/git/BachelorThesis/rust/../instances/n10_test133.csv,125,true
/Users/Vanessa/git/BachelorThesis/rust/../instances/n10_test134.csv,83,true
/Users/Vanessa/git/BachelorThesis/rust/../instances/n10_test135.csv,125,true
/Users/Vanessa/git/BachelorThesis/rust/../instances/n10_test136.csv,125,true
/Users/Vanessa/git/BachelorThesis/rust/../instances/n10_test137.csv,83,true
/Users/Vanessa/git/BachelorThesis/rust/../instances/n10_test138.csv,84,true
/Users/Vanessa/git/BachelorThesis/rust/../instances/n10_test139.csv,83,true
/Users/Vanessa/git/BachelorThesis/rust/../instances/n10_test14.csv,83,false
/Users/Vanessa/git/BachelorThesis/rust/../instances/n10_test140.csv,250,false
/Users/Vanessa/git/BachelorThesis/rust/../instances/n10_test141.csv,125,true
/Users/Vanessa/git/BachelorThesis/rust/../instances/n10_test142.csv,83,false
/Users/Vanessa/git/BachelorThesis/rust/../instances/n10_test143.csv,125,true
/Users/Vanessa/git/BachelorThesis/rust/../instances/n10_test144.csv,125,false
/Users/Vanessa/git/BachelorThesis/rust/../instances/n10_test145.csv,3042,false
/Users/Vanessa/git/BachelorThesis/rust/../instances/n10_test146.csv,84,false
/Users/Vanessa/git/BachelorThesis/rust/../instances/n10_test147.csv,83,true
/Users/Vanessa/git/BachelorThesis/rust/../instances/n10_test148.csv,250,false
/Users/Vanessa/git/BachelorThesis/rust/../instances/n10_test149.csv,83,false
/Users/Vanessa/git/BachelorThesis/rust/../instances/n10_test15.csv,125,true
/Users/Vanessa/git/BachelorThesis/rust/../instances/n10_test150.csv,83,true
/Users/Vanessa/git/BachelorThesis/rust/../instances/n10_test151.csv,125,false
/Users/Vanessa/git/BachelorThesis/rust/../instances/n10_test152.csv,83,true
/Users/Vanessa/git/BachelorThesis/rust/../instances/n10_test153.csv,84,true
/Users/Vanessa/git/BachelorThesis/rust/../instances/n10_test154.csv,375,true
/Users/Vanessa/git/BachelorThesis/rust/../instances/n10_test155.csv,2958,false
/Users/Vanessa/git/BachelorThesis/rust/../instances/n10_test156.csv,125,true
/Users/Vanessa/git/BachelorThesis/rust/../instances/n10_test157.csv,250,false
/Users/Vanessa/git/BachelorThesis/rust/../instances/n10_test158.csv,83,true
/Users/Vanessa/git/BachelorThesis/rust/../instances/n10_test159.csv,84,false
/Users/Vanessa/git/BachelorThesis/rust/../instances/n10_test16.csv,83,true
/Users/Vanessa/git/BachelorThesis/rust/../instances/n10_test160.csv,333,false
/Users/Vanessa/git/BachelorThesis/rust/../instances/n10_test161.csv,84,false
/Users/Vanessa/git/BachelorThesis/rust/../instances/n10_test162.csv,83,true
/Users/Vanessa/git/BachelorThesis/rust/../instances/n10_test163.csv,83,true
/Users/Vanessa/git/BachelorThesis/rust/../instances/n10_test164.csv,84,false
/Users/Vanessa/git/BachelorThesis/rust/../instances/n10_test165.csv,291,false
/Users/Vanessa/git/BachelorThesis/rust/../instances/n10_test166.csv,3083,false
/Users/Vanessa/git/BachelorThesis/rust/../instances/n10_test167.csv,125,false
/Users/Vanessa/git/BachelorThesis/rust/../instances/n10_test168.csv,84,false
/Users/Vanessa/git/BachelorThesis/rust/../instances/n10_test169.csv,125,false
/Users/Vanessa/git/BachelorThesis/rust/../instances/n10_test17.csv,2959,false
/Users/Vanessa/git/BachelorThesis/rust/../instances/n10_test170.csv,2958,false
/Users/Vanessa/git/BachelorThesis/rust/../instances/n10_test171.csv,125,false
/Users/Vanessa/git/BachelorThesis/rust/../instances/n10_test172.csv,84,true
/Users/Vanessa/git/BachelorThesis/rust/../instances/n10_test173.csv,83,true
/Users/Vanessa/git/BachelorThesis/rust/../instances/n10_test174.csv,83,false
/Users/Vanessa/git/BachelorThesis/rust/../instances/n10_test175.csv,83,false
/Users/Vanessa/git/BachelorThesis/rust/../instances/n10_test176.csv,83,true
/Users/Vanessa/git/BachelorThesis/rust/../instances/n10_test177.csv,125,false
/Users/Vanessa/git/BachelorThesis/rust/../instances/n10_test178.csv,125,false
/Users/Vanessa/git/BachelorThesis/rust/../instances/n10_test179.csv,2917,false
/Users/Vanessa/git/BachelorThesis/rust/../instances/n10_test18.csv,125,true
/Users/Vanessa/git/BachelorThesis/rust/../instances/n10_test180.csv,84,false
/Users/Vanessa/git/BachelorThesis/rust/../instances/n10_test181.csv,84,true
/Users/Vanessa/git/BachelorThesis/rust/../instances/n10_test182.csv,83,false
/Users/Vanessa/git/BachelorThesis/rust/../instances/n10_test183.csv,83,true
/Users/Vanessa/git/BachelorThesis/rust/../instances/n10_test184.csv,83,false
/Users/Vanessa/git/BachelorThesis/rust/../instances/n10_test185.csv,291,false
/Users/Vanessa/git/BachelorThesis/rust/../instances/n10_test186.csv,84,false
/Users/Vanessa/git/BachelorThesis/rust/../instances/n10_test187.csv,83,true
/Users/Vanessa/git/BachelorThesis/rust/../instances/n10_test188.csv,125,true
/Users/Vanessa/git/BachelorThesis/rust/../instances/n10_test189.csv,125,true
/Users/Vanessa/git/BachelorThesis/rust/../instances/n10_test19.csv,83,true
/Users/Vanessa/git/BachelorThesis/rust/../instances/n10_test190.csv,84,true
/Users/Vanessa/git/BachelorThesis/rust/../instances/n10_test191.csv,2959,false
/Users/Vanessa/git/BachelorThesis/rust/../instances/n10_test192.csv,83,false
/Users/Vanessa/git/BachelorThesis/rust/../instances/n10_test193.csv,291,true
/Users/Vanessa/git/BachelorThesis/rust/../instances/n10_test194.csv,125,true
/Users/Vanessa/git/BachelorThesis/rust/../instances/n10_test195.csv,125,false
/Users/Vanessa/git/BachelorThesis/rust/../instances/n10_test196.csv,83,true
/Users/Vanessa/git/BachelorThesis/rust/../instances/n10_test197.csv,83,true
/Users/Vanessa/git/BachelorThesis/rust/../instances/n10_test198.csv,84,false
/Users/Vanessa/git/BachelorThesis/rust/../instances/n10_test199.csv,417,false
/Users/Vanessa/git/BachelorThesis/rust/../instances/n10_test2.csv,292,true
/Users/Vanessa/git/BachelorThesis/rust/../instances/n10_test20.csv,250,true
/Users/Vanessa/git/BachelorThesis/rust/../instances/n10_test200.csv,83,true
/Users/Vanessa/git/BachelorThesis/rust/../instances/n10_test201.csv,125,false
/Users/Vanessa/git/BachelorThesis/rust/../instances/n10_test202.csv,83,false
/Users/Vanessa/git/BachelorThesis/rust/../instances/n10_test203.csv,83,false
/Users/Vanessa/git/BachelorThesis/rust/../instances/n10_test204.csv,125,true
/Users/Vanessa/git/BachelorThesis/rust/../instances/n10_test205.csv,125,true
/Users/Vanessa/git/BachelorThesis/rust/../instances/n10_test206.csv,84,true
/Users/Vanessa/git/BachelorThesis/rust/../instances/n10_test207.csv,2958,false
/Users/Vanessa/git/BachelorThesis/rust/../instances/n10_test208.csv,125,true
/Users/Vanessa/git/BachelorThesis/rust/../instances/n10_test209.csv,125,false
/Users/Vanessa/git/BachelorThesis/rust/../instances/n10_test21.csv,2958,false
/Users/Vanessa/git/BachelorThesis/rust/../instances/n10_test210.csv,83,true
/Users/Vanessa/git/BachelorThesis/rust/../instances/n10_test211.csv,125,true
/Users/Vanessa/git/BachelorThesis/rust/../instances/n10_test212.csv,291,true
/Users/Vanessa/git/BachelorThesis/rust/../instances/n10_test213.csv,83,false
/Users/Vanessa/git/BachelorThesis/rust/../instances/n10_test214.csv,83,false
/Users/Vanessa/git/BachelorThesis/rust/../instances/n10_test215.csv,83,true
/Users/Vanessa/git/BachelorThesis/rust/../instances/n10_test216.csv,2959,false
/Users/Vanessa/git/BachelorThesis/rust/../instances/n10_test217.csv,2958,false
/Users/Vanessa/git/BachelorThesis/rust/../instances/n10_test218.csv,375,true
/Users/Vanessa/git/BachelorThesis/rust/../instances/n10_test219.csv,125,true
/Users/Vanessa/git/BachelorThesis/rust/../instances/n10_test22.csv,83,false
/Users/Vanessa/git/BachelorThesis/rust/../instances/n10_test220.csv,292,true
/Users/Vanessa/git/BachelorThesis/rust/../instances/n10_test221.csv,2959,false
/Users/Vanessa/git/BachelorThesis/rust/../instances/n10_test222.csv,125,true
/Users/Vanessa/git/BachelorThesis/rust/../instances/n10_test223.csv,125,true
/Users/Vanessa/git/BachelorThesis/rust/../instances/n10_test224.csv,125,false
/Users/Vanessa/git/BachelorThesis/rust/../instances/n10_test225.csv,292,true
/Users/Vanessa/git/BachelorThesis/rust/../instances/n10_test226.csv,83,false
/Users/Vanessa/git/BachelorThesis/rust/../instances/n10_test227.csv,84,false
/Users/Vanessa/git/BachelorThesis/rust/../instances/n10_test228.csv,125,true
/Users/Vanessa/git/BachelorThesis/rust/../instances/n10_test229.csv,84,false
/Users/Vanessa/git/BachelorThesis/rust/../instances/n10_test23.csv,83,true
/Users/Vanessa/git/BachelorThesis/rust/../instances/n10_test230.csv,83,true
/Users/Vanessa/git/BachelorThesis/rust/../instances/n10_test231.csv,417,true
/Users/Vanessa/git/BachelorThesis/rust/../instances/n10_test232.csv,2917,false
/Users/Vanessa/git/BachelorThesis/rust/../instances/n10_test233.csv,2958,false
/Users/Vanessa/git/BachelorThesis/rust/../instances/n10_test234.csv,125,true
/Users/Vanessa/git/BachelorThesis/rust/../instances/n10_test235.csv,125,true
/Users/Vanessa/git/BachelorThesis/rust/../instances/n10_test236.csv,125,false
/Users/Vanessa/git/BachelorThesis/rust/../instances/n10_test237.csv,83,false
/Users/Vanessa/git/BachelorThesis/rust/../instances/n10_test238.csv,83,true
/Users/Vanessa/git/BachelorThesis/rust/../instances/n10_test239.csv,125,true
/Users/Vanessa/git/BachelorThesis/rust/../instances/n10_test24.csv,291,false
/Users/Vanessa/git/BachelorThesis/rust/../instances/n10_test240.csv,84,true
/Users/Vanessa/git/BachelorThesis/rust/../instances/n10_test241.csv,2958,false
/Users/Vanessa/git/BachelorThesis/rust/../instances/n10_test242.csv,125,true
/Users/Vanessa/git/BachelorThesis/rust/../instances/n10_test243.csv,83,false
/Users/Vanessa/git/BachelorThesis/rust/../instances/n10_test244.csv,84,false
/Users/Vanessa/git/BachelorThesis/rust/../instances/n10_test245.csv,125,true
/Users/Vanessa/git/BachelorThesis/rust/../instances/n10_test246.csv,250,false
/Users/Vanessa/git/BachelorThesis/rust/../instances/n10_test247.csv,83,false
/Users/Vanessa/git/BachelorThesis/rust/../instances/n10_test248.csv,84,false
/Users/Vanessa/git/BachelorThesis/rust/../instances/n10_test249.csv,83,false
/Users/Vanessa/git/BachelorThesis/rust/../instances/n10_test25.csv,83,false
/Users/Vanessa/git/BachelorThesis/rust/../instances/n10_test250.csv,3000,false
/Users/Vanessa/git/BachelorThesis/rust/../instances/n10_test251.csv,125,false
/Users/Vanessa/git/BachelorThesis/rust/../instances/n10_test252.csv,250,true
/Users/Vanessa/git/BachelorThesis/rust/../instances/n10_test253.csv,83,false
/Users/Vanessa/git/BachelorThesis/rust/../instances/n10_test254.csv,333,true
/Users/Vanessa/git/BachelorThesis/rust/../instances/n10_test255.csv,84,false
/Users/Vanessa/git/BachelorThesis/rust/../instances/n10_test256.csv,292,false
/Users/Vanessa/git/BachelorThesis/rust/../instances/n10_test257.csv,83,false
/Users/Vanessa/git/BachelorThesis/rust/../instances/n10_test258.csv,83,true
/Users/Vanessa/git/BachelorThesis/rust/../instances/n10_test259.csv,83,false
/Users/Vanessa/git/BachelorThesis/rust/../instances/n10_test26.csv,84,false
/Users/Vanessa/git/BachelorThesis/rust/../instances/n10_test260.csv,83,false
/Users/Vanessa/git/BachelorThesis/rust/../instances/n10_test261.csv,2916,false
/Users/Vanessa/git/BachelorThesis/rust/../instances/n10_test262.csv,125,false
/Users/Vanessa/git/BachelorThesis/rust/../instances/n10_test263.csv,84,true
/Users/Vanessa/git/BachelorThesis/rust/../instances/n10_test264.csv,125,true
/Users/Vanessa/git/BachelorThesis/rust/../instances/n10_test265.csv,83,false
/Users/Vanessa/git/BachelorThesis/rust/../instances/n10_test266.csv,125,true
/Users/Vanessa/git/BachelorThesis/rust/../instances/n10_test267.csv,84,true
/Users/Vanessa/git/BachelorThesis/rust/../instances/n10_test268.csv,83,false
/Users/Vanessa/git/BachelorThesis/rust/../instances/n10_test269.csv,250,false
/Users/Vanessa/git/BachelorThesis/rust/../instances/n10_test27.csv,83,true
/Users/Vanessa/git/BachelorThesis/rust/../instances/n10_test270.csv,125,true
/Users/Vanessa/git/BachelorThesis/rust/../instances/n10_test271.csv,250,true
/Users/Vanessa/git/BachelorThesis/rust/../instances/n10_test272.csv,84,false
/Users/Vanessa/git/BachelorThesis/rust/../instances/n10_test273.csv,125,true
/Users/Vanessa/git/BachelorThesis/rust/../instances/n10_test274.csv,125,false
/Users/Vanessa/git/BachelorThesis/rust/../instances/n10_test275.csv,83,false
/Users/Vanessa/git/BachelorThesis/rust/../instances/n10_test276.csv,292,true
/Users/Vanessa/git/BachelorThesis/rust/../instances/n10_test277.csv,125,true
/Users/Vanessa/git/BachelorThesis/rust/../instances/n10_test278.csv,83,true
/Users/Vanessa/git/BachelorThesis/rust/../instances/n10_test279.csv,83,true
/Users/Vanessa/git/BachelorThesis/rust/../instances/n10_test28.csv,125,false
/Users/Vanessa/git/BachelorThesis/rust/../instances/n10_test280.csv,125,false
/Users/Vanessa/git/BachelorThesis/rust/../instances/n10_test281.csv,84,false
/Users/Vanessa/git/BachelorThesis/rust/../instances/n10_test282.csv,125,false
/Users/Vanessa/git/BachelorThesis/rust/../instances/n10_test283.csv,83,true
/Users/Vanessa/git/BachelorThesis/rust/../instances/n10_test284.csv,250,false
/Users/Vanessa/git/BachelorThesis/rust/../instances/n10_test285.csv,250,true
/Users/Vanessa/git/BachelorThesis/rust/../instances/n10_test286.csv,84,false
/Users/Vanessa/git/BachelorThesis/rust/../instances/n10_test287.csv,125,true
/Users/Vanessa/git/BachelorThesis/rust/../instances/n10_test288.csv,125,true
/Users/Vanessa/git/BachelorThesis/rust/../instances/n10_test289.csv,83,false
/Users/Vanessa/git/BachelorThesis/rust/../instances/n10_test29.csv,83,true
/Users/Vanessa/git/BachelorThesis/rust/../instances/n10_test290.csv,125,false
/Users/Vanessa/git/BachelorThesis/rust/../instances/n10_test291.csv,84,true
/Users/Vanessa/git/BachelorThesis/rust/../instances/n10_test292.csv,292,false
/Users/Vanessa/git/BachelorThesis/rust/../instances/n10_test293.csv,3125,false
/Users/Vanessa/git/BachelorThesis/rust/../instances/n10_test294.csv,83,true
/Users/Vanessa/git/BachelorThesis/rust/../instances/n10_test295.csv,83,false
/Users/Vanessa/git/BachelorThesis/rust/../instances/n10_test296.csv,125,true
/Users/Vanessa/git/BachelorThesis/rust/../instances/n10_test297.csv,83,true
/Users/Vanessa/git/BachelorThesis/rust/../instances/n10_test298.csv,83,false
/Users/Vanessa/git/BachelorThesis/rust/../instances/n10_test299.csv,125,false
/Users/Vanessa/git/BachelorThesis/rust/../instances/n10_test3.csv,291,true
/Users/Vanessa/git/BachelorThesis/rust/../instances/n10_test30.csv,125,false
/Users/Vanessa/git/BachelorThesis/rust/../instances/n10_test300.csv,3000,false
/Users/Vanessa/git/BachelorThesis/rust/../instances/n10_test301.csv,83,false
/Users/Vanessa/git/BachelorThesis/rust/../instances/n10_test302.csv,125,true
/Users/Vanessa/git/BachelorThesis/rust/../instances/n10_test303.csv,84,false
/Users/Vanessa/git/BachelorThesis/rust/../instances/n10_test304.csv,291,true
/Users/Vanessa/git/BachelorThesis/rust/../instances/n10_test305.csv,83,true
/Users/Vanessa/git/BachelorThesis/rust/../instances/n10_test306.csv,250,false
/Users/Vanessa/git/BachelorThesis/rust/../instances/n10_test307.csv,84,false
/Users/Vanessa/git/BachelorThesis/rust/../instances/n10_test308.csv,125,false
/Users/Vanessa/git/BachelorThesis/rust/../instances/n10_test309.csv,125,true
/Users/Vanessa/git/BachelorThesis/rust/../instances/n10_test31.csv,83,false
/Users/Vanessa/git/BachelorThesis/rust/../instances/n10_test310.csv,3000,false
/Users/Vanessa/git/BachelorThesis/rust/../instances/n10_test311.csv,3000,false
/Users/Vanessa/git/BachelorThesis/rust/../instances/n10_test312.csv,291,true
/Users/Vanessa/git/BachelorThesis/rust/../instances/n10_test313.csv,125,true
/Users/Vanessa/git/BachelorThesis/rust/../instances/n10_test314.csv,83,true
/Users/Vanessa/git/BachelorThesis/rust/../instances/n10_test315.csv,125,false
/Users/Vanessa/git/BachelorThesis/rust/../instances/n10_test316.csv,291,false
/Users/Vanessa/git/BachelorThesis/rust/../instances/n10_test317.csv,125,true
/Users/Vanessa/git/BachelorThesis/rust/../instances/n10_test318.csv,125,false
/Users/Vanessa/git/BachelorThesis/rust/../instances/n10_test319.csv,84,true
/Users/Vanessa/git/BachelorThesis/rust/../instances/n10_test32.csv,83,true
/Users/Vanessa/git/BachelorThesis/rust/../instances/n10_test320.csv,83,false
/Users/Vanessa/git/BachelorThesis/rust/../instances/n10_test321.csv,2917,false
/Users/Vanessa/git/BachelorThesis/rust/../instances/n10_test322.csv,83,false
/Users/Vanessa/git/BachelorThesis/rust/../instances/n10_test323.csv,83,false
/Users/Vanessa/git/BachelorThesis/rust/../instances/n10_test324.csv,125,false
/Users/Vanessa/git/BachelorThesis/rust/../instances/n10_test325.csv,84,false
/Users/Vanessa/git/BachelorThesis/rust/../instances/n10_test326.csv,125,true
/Users/Vanessa/git/BachelorThesis/rust/../instances/n10_test327.csv,125,true
/Users/Vanessa/git/BachelorThesis/rust/../instances/n10_test328.csv,2916,false
/Users/Vanessa/git/BachelorThesis/rust/../instances/n10_test329.csv,125,false
/Users/Vanessa/git/BachelorThesis/rust/../instances/n10_test33.csv,83,false
/Users/Vanessa/git/BachelorThesis/rust/../instances/n10_test330.csv,125,true
/Users/Vanessa/git/BachelorThesis/rust/../instances/n10_test331.csv,84,true
/Users/Vanessa/git/BachelorThesis/rust/../instances/n10_test332.csv,83,false
/Users/Vanessa/git/BachelorThesis/rust/../instances/n10_test333.csv,125,false
/Users/Vanessa/git/BachelorThesis/rust/../instances/n10_test334.csv,125,false
/Users/Vanessa/git/BachelorThesis/rust/../instances/n10_test335.csv,125,false
/Users/Vanessa/git/BachelorThesis/rust/../instances/n10_test336.csv,125,true
/Users/Vanessa/git/BachelorThesis/rust/../instances/n10_test337.csv,166,false
/Users/Vanessa/git/BachelorThesis/rust/../instances/n10_test338.csv,83,true
/Users/Vanessa/git/BachelorThesis/rust/../instances/n10_test339.csv,292,true
/Users/Vanessa/git/BachelorThesis/rust/../instances/n10_test34.csv,83,true
/Users/Vanessa/git/BachelorThesis/rust/../instances/n10_test340.csv,83,false
/Users/Vanessa/git/BachelorThesis/rust/../instances/n10_test341.csv,125,true
/Users/Vanessa/git/BachelorThesis/rust/../instances/n10_test342.csv,125,true
/Users/Vanessa/git/BachelorThesis/rust/../instances/n10_test343.csv,292,false
/Users/Vanessa/git/BachelorThesis/rust/../instances/n10_test344.csv,83,false
/Users/Vanessa/git/BachelorThesis/rust/../instances/n10_test345.csv,83,false
/Users/Vanessa/git/BachelorThesis/rust/../instances/n10_test346.csv,2958,false
/Users/Vanessa/git/BachelorThesis/rust/../instances/n10_test347.csv,250,true
/Users/Vanessa/git/BachelorThesis/rust/../instances/n10_test348.csv,83,true
/Users/Vanessa/git/BachelorThesis/rust/../instances/n10_test349.csv,125,true
/Users/Vanessa/git/BachelorThesis/rust/../instances/n10_test35.csv,2958,false
/Users/Vanessa/git/BachelorThesis/rust/../instances/n10_test350.csv,125,true
/Users/Vanessa/git/BachelorThesis/rust/../instances/n10_test351.csv,125,false
/Users/Vanessa/git/BachelorThesis/rust/../instances/n10_test352.csv,125,true
/Users/Vanessa/git/BachelorThesis/rust/../instances/n10_test353.csv,125,true
/Users/Vanessa/git/BachelorThesis/rust/../instances/n10_test354.csv,333,true
/Users/Vanessa/git/BachelorThesis/rust/../instances/n10_test355.csv,291,true
/Users/Vanessa/git/BachelorThesis/rust/../instances/n10_test356.csv,84,false
/Users/Vanessa/git/BachelorThesis/rust/../instances/n10_test357.csv,2917,false
/Users/Vanessa/git/BachelorThesis/rust/../instances/n10_test358.csv,125,true
/Users/Vanessa/git/BachelorThesis/rust/../instances/n10_test359.csv,125,true
/Users/Vanessa/git/BachelorThesis/rust/../instances/n10_test36.csv,83,true
/Users/Vanessa/git/BachelorThesis/rust/../instances/n10_test360.csv,333,true
/Users/Vanessa/git/BachelorThesis/rust/../instances/n10_test361.csv,83,false
/Users/Vanessa/git/BachelorThesis/rust/../instances/n10_test362.csv,27084,false
/Users/Vanessa/git/BachelorThesis/rust/../instances/n10_test363.csv,3084,false
/Users/Vanessa/git/BachelorThesis/rust/../instances/n10_test364.csv,166,true
/Users/Vanessa/git/BachelorThesis/rust/../instances/n10_test365.csv,125,false
/Users/Vanessa/git/BachelorThesis/rust/../instances/n10_test366.csv,125,true
/Users/Vanessa/git/BachelorThesis/rust/../instances/n10_test367.csv,250,false
/Users/Vanessa/git/BachelorThesis/rust/../instances/n10_test368.csv,167,true
/Users/Vanessa/git/BachelorThesis/rust/../instances/n10_test369.csv,2959,false
/Users/Vanessa/git/BachelorThesis/rust/../instances/n10_test37.csv,83,false
/Users/Vanessa/git/BachelorThesis/rust/../instances/n10_test370.csv,3042,false
/Users/Vanessa/git/BachelorThesis/rust/../instances/n10_test371.csv,125,true
/Users/Vanessa/git/BachelorThesis/rust/../instances/n10_test372.csv,2959,false
/Users/Vanessa/git/BachelorThesis/rust/../instances/n10_test373.csv,84,false
/Users/Vanessa/git/BachelorThesis/rust/../instances/n10_test374.csv,2959,false
/Users/Vanessa/git/BachelorThesis/rust/../instances/n10_test375.csv,2916,false
/Users/Vanessa/git/BachelorThesis/rust/../instances/n10_test376.csv,125,true
/Users/Vanessa/git/BachelorThesis/rust/../instances/n10_test377.csv,84,true
/Users/Vanessa/git/BachelorThesis/rust/../instances/n10_test378.csv,167,false
/Users/Vanessa/git/BachelorThesis/rust/../instances/n10_test379.csv,125,true
/Users/Vanessa/git/BachelorThesis/rust/../instances/n10_test38.csv,125,false
/Users/Vanessa/git/BachelorThesis/rust/../instances/n10_test380.csv,125,true
/Users/Vanessa/git/BachelorThesis/rust/../instances/n10_test381.csv,83,false
/Users/Vanessa/git/BachelorThesis/rust/../instances/n10_test382.csv,125,true
/Users/Vanessa/git/BachelorThesis/rust/../instances/n10_test383.csv,2958,false
/Users/Vanessa/git/BachelorThesis/rust/../instances/n10_test384.csv,250,true
/Users/Vanessa/git/BachelorThesis/rust/../instances/n10_test385.csv,125,false
/Users/Vanessa/git/BachelorThesis/rust/../instances/n10_test386.csv,375,false
/Users/Vanessa/git/BachelorThesis/rust/../instances/n10_test387.csv,84,false
/Users/Vanessa/git/BachelorThesis/rust/../instances/n10_test388.csv,83,true
/Users/Vanessa/git/BachelorThesis/rust/../instances/n10_test389.csv,84,false
/Users/Vanessa/git/BachelorThesis/rust/../instances/n10_test39.csv,83,false
/Users/Vanessa/git/BachelorThesis/rust/../instances/n10_test390.csv,84,true
/Users/Vanessa/git/BachelorThesis/rust/../instances/n10_test391.csv,84,false
/Users/Vanessa/git/BachelorThesis/rust/../instances/n10_test392.csv,292,true
/Users/Vanessa/git/BachelorThesis/rust/../instances/n10_test393.csv,125,false
/Users/Vanessa/git/BachelorThesis/rust/../instances/n10_test394.csv,125,true
/Users/Vanessa/git/BachelorThesis/rust/../instances/n10_test395.csv,125,false
/Users/Vanessa/git/BachelorThesis/rust/../instances/n10_test396.csv,83,true
/Users/Vanessa/git/BachelorThesis/rust/../instances/n10_test397.csv,83,true
/Users/Vanessa/git/BachelorThesis/rust/../instances/n10_test398.csv,292,false
/Users/Vanessa/git/BachelorThesis/rust/../instances/n10_test399.csv,41,true
/Users/Vanessa/git/BachelorThesis/rust/../instances/n10_test4.csv,2917,false
/Users/Vanessa/git/BachelorThesis/rust/../instances/n10_test40.csv,83,true
/Users/Vanessa/git/BachelorThesis/rust/../instances/n10_test400.csv,125,false
/Users/Vanessa/git/BachelorThesis/rust/../instances/n10_test401.csv,84,true
/Users/Vanessa/git/BachelorThesis/rust/../instances/n10_test402.csv,83,true
/Users/Vanessa/git/BachelorThesis/rust/../instances/n10_test403.csv,250,true
/Users/Vanessa/git/BachelorThesis/rust/../instances/n10_test404.csv,2959,false
/Users/Vanessa/git/BachelorThesis/rust/../instances/n10_test405.csv,250,false
/Users/Vanessa/git/BachelorThesis/rust/../instances/n10_test406.csv,2917,false
/Users/Vanessa/git/BachelorThesis/rust/../instances/n10_test407.csv,3000,false
/Users/Vanessa/git/BachelorThesis/rust/../instances/n10_test408.csv,125,true
/Users/Vanessa/git/BachelorThesis/rust/../instances/n10_test409.csv,125,false
/Users/Vanessa/git/BachelorThesis/rust/../instances/n10_test41.csv,3042,false
/Users/Vanessa/git/BachelorThesis/rust/../instances/n10_test410.csv,125,true
/Users/Vanessa/git/BachelorThesis/rust/../instances/n10_test411.csv,83,false
/Users/Vanessa/git/BachelorThesis/rust/../instances/n10_test412.csv,250,false
/Users/Vanessa/git/BachelorThesis/rust/../instances/n10_test413.csv,125,false
/Users/Vanessa/git/BachelorThesis/rust/../instances/n10_test414.csv,125,false
/Users/Vanessa/git/BachelorThesis/rust/../instances/n10_test415.csv,125,true
/Users/Vanessa/git/BachelorThesis/rust/../instances/n10_test416.csv,125,true
/Users/Vanessa/git/BachelorThesis/rust/../instances/n10_test417.csv,84,true
/Users/Vanessa/git/BachelorThesis/rust/../instances/n10_test418.csv,3000,false
/Users/Vanessa/git/BachelorThesis/rust/../instances/n10_test419.csv,125,false
/Users/Vanessa/git/BachelorThesis/rust/../instances/n10_test42.csv,83,true
/Users/Vanessa/git/BachelorThesis/rust/../instances/n10_test420.csv,83,false
/Users/Vanessa/git/BachelorThesis/rust/../instances/n10_test421.csv,83,false
/Users/Vanessa/git/BachelorThesis/rust/../instances/n10_test422.csv,84,true
/Users/Vanessa/git/BachelorThesis/rust/../instances/n10_test423.csv,125,true
/Users/Vanessa/git/BachelorThesis/rust/../instances/n10_test424.csv,2958,false
/Users/Vanessa/git/BachelorThesis/rust/../instances/n10_test425.csv,125,false
/Users/Vanessa/git/BachelorThesis/rust/../instances/n10_test426.csv,125,true
/Users/Vanessa/git/BachelorThesis/rust/../instances/n10_test427.csv,125,true
/Users/Vanessa/git/BachelorThesis/rust/../instances/n10_test428.csv,84,true
/Users/Vanessa/git/BachelorThesis/rust/../instances/n10_test429.csv,83,true
/Users/Vanessa/git/BachelorThesis/rust/../instances/n10_test43.csv,83,true
/Users/Vanessa/git/BachelorThesis/rust/../instances/n10_test430.csv,292,true
/Users/Vanessa/git/BachelorThesis/rust/../instances/n10_test431.csv,125,false
/Users/Vanessa/git/BachelorThesis/rust/../instances/n10_test432.csv,125,true
/Users/Vanessa/git/BachelorThesis/rust/../instances/n10_test433.csv,125,false
/Users/Vanessa/git/BachelorThesis/rust/../instances/n10_test434.csv,250,true
/Users/Vanessa/git/BachelorThesis/rust/../instances/n10_test435.csv,2958,false
/Users/Vanessa/git/BachelorThesis/rust/../instances/n10_test436.csv,83,false
/Users/Vanessa/git/BachelorThesis/rust/../instances/n10_test437.csv,84,false
/Users/Vanessa/git/BachelorThesis/rust/../instances/n10_test438.csv,375,true
/Users/Vanessa/git/BachelorThesis/rust/../instances/n10_test439.csv,83,true
/Users/Vanessa/git/BachelorThesis/rust/../instances/n10_test44.csv,2958,false
/Users/Vanessa/git/BachelorThesis/rust/../instances/n10_test440.csv,125,true
/Users/Vanessa/git/BachelorThesis/rust/../instances/n10_test441.csv,84,false
/Users/Vanessa/git/BachelorThesis/rust/../instances/n10_test442.csv,84,true
/Users/Vanessa/git/BachelorThesis/rust/../instances/n10_test443.csv,125,false
/Users/Vanessa/git/BachelorThesis/rust/../instances/n10_test444.csv,333,true
/Users/Vanessa/git/BachelorThesis/rust/../instances/n10_test445.csv,291,false
/Users/Vanessa/git/BachelorThesis/rust/../instances/n10_test446.csv,125,true
/Users/Vanessa/git/BachelorThesis/rust/../instances/n10_test447.csv,83,false
/Users/Vanessa/git/BachelorThesis/rust/../instances/n10_test448.csv,83,false
/Users/Vanessa/git/BachelorThesis/rust/../instances/n10_test449.csv,416,false
/Users/Vanessa/git/BachelorThesis/rust/../instances/n10_test45.csv,333,true
/Users/Vanessa/git/BachelorThesis/rust/../instances/n10_test450.csv,2958,false
/Users/Vanessa/git/BachelorThesis/rust/../instances/n10_test451.csv,250,false
/Users/Vanessa/git/BachelorThesis/rust/../instances/n10_test452.csv,125,false
/Users/Vanessa/git/BachelorThesis/rust/../instances/n10_test453.csv,250,false
/Users/Vanessa/git/BachelorThesis/rust/../instances/n10_test454.csv,2958,false
/Users/Vanessa/git/BachelorThesis/rust/../instances/n10_test455.csv,125,true
/Users/Vanessa/git/BachelorThesis/rust/../instances/n10_test456.csv,125,true
/Users/Vanessa/git/BachelorThesis/rust/../instances/n10_test457.csv,250,true
/Users/Vanessa/git/BachelorThesis/rust/../instances/n10_test458.csv,125,false
/Users/Vanessa/git/BachelorThesis/rust/../instances/n10_test459.csv,125,true
/Users/Vanessa/git/BachelorThesis/rust/../instances/n10_test46.csv,125,true
/Users/Vanessa/git/BachelorThesis/rust/../instances/n10_test460.csv,125,false
/Users/Vanessa/git/BachelorThesis/rust/../instances/n10_test461.csv,83,true
/Users/Vanessa/git/BachelorThesis/rust/../instances/n10_test462.csv,2959,false
/Users/Vanessa/git/BachelorThesis/rust/../instances/n10_test463.csv,83,false
/Users/Vanessa/git/BachelorThesis/rust/../instances/n10_test464.csv,250,false
/Users/Vanessa/git/BachelorThesis/rust/../instances/n10_test465.csv,125,false
/Users/Vanessa/git/BachelorThesis/rust/../instances/n10_test466.csv,250,true
/Users/Vanessa/git/BachelorThesis/rust/../instances/n10_test467.csv,125,true
/Users/Vanessa/git/BachelorThesis/rust/../instances/n10_test468.csv,125,true
/Users/Vanessa/git/BachelorThesis/rust/../instances/n10_test469.csv,125,false
/Users/Vanessa/git/BachelorThesis/rust/../instances/n10_test47.csv,708,true
/Users/Vanessa/git/BachelorThesis/rust/../instances/n10_test470.csv,125,false
/Users/Vanessa/git/BachelorThesis/rust/../instances/n10_test471.csv,125,true
/Users/Vanessa/git/BachelorThesis/rust/../instances/n10_test472.csv,83,true
/Users/Vanessa/git/BachelorThesis/rust/../instances/n10_test473.csv,125,false
/Users/Vanessa/git/BachelorThesis/rust/../instances/n10_test474.csv,84,true
/Users/Vanessa/git/BachelorThesis/rust/../instances/n10_test475.csv,125,false
/Users/Vanessa/git/BachelorThesis/rust/../instances/n10_test476.csv,125,false
/Users/Vanessa/git/BachelorThesis/rust/../instances/n10_test477.csv,83,false
/Users/Vanessa/git/BachelorThesis/rust/../instances/n10_test478.csv,125,true
/Users/Vanessa/git/BachelorThesis/rust/../instances/n10_test479.csv,83,false
/Users/Vanessa/git/BachelorThesis/rust/../instances/n10_test48.csv,84,false
/Users/Vanessa/git/BachelorThesis/rust/../instances/n10_test480.csv,84,false
/Users/Vanessa/git/BachelorThesis/rust/../instances/n10_test481.csv,125,true
/Users/Vanessa/git/BachelorThesis/rust/../instances/n10_test482.csv,84,false
/Users/Vanessa/git/BachelorThesis/rust/../instances/n10_test483.csv,83,false
/Users/Vanessa/git/BachelorThesis/rust/../instances/n10_test484.csv,125,true
/Users/Vanessa/git/BachelorThesis/rust/../instances/n10_test485.csv,83,true
/Users/Vanessa/git/BachelorThesis/rust/../instances/n10_test486.csv,125,false
/Users/Vanessa/git/BachelorThesis/rust/../instances/n10_test487.csv,84,false
/Users/Vanessa/git/BachelorThesis/rust/../instances/n10_test488.csv,83,true
/Users/Vanessa/git/BachelorThesis/rust/../instances/n10_test489.csv,83,true
/Users/Vanessa/git/BachelorThesis/rust/../instances/n10_test49.csv,125,true
/Users/Vanessa/git/BachelorThesis/rust/../instances/n10_test490.csv,83,true
/Users/Vanessa/git/BachelorThesis/rust/../instances/n10_test491.csv,84,true
/Users/Vanessa/git/BachelorThesis/rust/../instances/n10_test492.csv,83,true
/Users/Vanessa/git/BachelorThesis/rust/../instances/n10_test493.csv,83,true
/Users/Vanessa/git/BachelorThesis/rust/../instances/n10_test494.csv,3084,false
/Users/Vanessa/git/BachelorThesis/rust/../instances/n10_test495.csv,84,true
/Users/Vanessa/git/BachelorThesis/rust/../instances/n10_test496.csv,125,true
/Users/Vanessa/git/BachelorThesis/rust/../instances/n10_test497.csv,125,false
/Users/Vanessa/git/BachelorThesis/rust/../instances/n10_test498.csv,3083,false
/Users/Vanessa/git/BachelorThesis/rust/../instances/n10_test499.csv,333,true
/Users/Vanessa/git/BachelorThesis/rust/../instances/n10_test5.csv,83,false
/Users/Vanessa/git/BachelorThesis/rust/../instances/n10_test50.csv,125,true
/Users/Vanessa/git/BachelorThesis/rust/../instances/n10_test500.csv,125,true
/Users/Vanessa/git/BachelorThesis/rust/../instances/n10_test51.csv,84,false
/Users/Vanessa/git/BachelorThesis/rust/../instances/n10_test52.csv,250,true
/Users/Vanessa/git/BachelorThesis/rust/../instances/n10_test53.csv,83,true
/Users/Vanessa/git/BachelorThesis/rust/../instances/n10_test54.csv,83,true
/Users/Vanessa/git/BachelorThesis/rust/../instances/n10_test55.csv,125,false
/Users/Vanessa/git/BachelorThesis/rust/../instances/n10_test56.csv,250,true
/Users/Vanessa/git/BachelorThesis/rust/../instances/n10_test57.csv,84,false
/Users/Vanessa/git/BachelorThesis/rust/../instances/n10_test58.csv,83,false
/Users/Vanessa/git/BachelorThesis/rust/../instances/n10_test59.csv,458,false
/Users/Vanessa/git/BachelorThesis/rust/../instances/n10_test6.csv,125,true
/Users/Vanessa/git/BachelorThesis/rust/../instances/n10_test60.csv,125,false
/Users/Vanessa/git/BachelorThesis/rust/../instances/n10_test61.csv,84,true
/Users/Vanessa/git/BachelorThesis/rust/../instances/n10_test62.csv,250,false
/Users/Vanessa/git/BachelorThesis/rust/../instances/n10_test63.csv,2958,false
/Users/Vanessa/git/BachelorThesis/rust/../instances/n10_test64.csv,125,false
/Users/Vanessa/git/BachelorThesis/rust/../instances/n10_test65.csv,84,true
/Users/Vanessa/git/BachelorThesis/rust/../instances/n10_test66.csv,333,false
/Users/Vanessa/git/BachelorThesis/rust/../instances/n10_test67.csv,125,false
/Users/Vanessa/git/BachelorThesis/rust/../instances/n10_test68.csv,83,false
/Users/Vanessa/git/BachelorThesis/rust/../instances/n10_test69.csv,125,true
/Users/Vanessa/git/BachelorThesis/rust/../instances/n10_test7.csv,2959,false
/Users/Vanessa/git/BachelorThesis/rust/../instances/n10_test70.csv,291,true
/Users/Vanessa/git/BachelorThesis/rust/../instances/n10_test71.csv,83,false
/Users/Vanessa/git/BachelorThesis/rust/../instances/n10_test72.csv,83,true
/Users/Vanessa/git/BachelorThesis/rust/../instances/n10_test73.csv,83,true
/Users/Vanessa/git/BachelorThesis/rust/../instances/n10_test74.csv,125,false
/Users/Vanessa/git/BachelorThesis/rust/../instances/n10_test75.csv,125,true
/Users/Vanessa/git/BachelorThesis/rust/../instances/n10_test76.csv,2959,false
/Users/Vanessa/git/BachelorThesis/rust/../instances/n10_test77.csv,292,true
/Users/Vanessa/git/BachelorThesis/rust/../instances/n10_test78.csv,125,true
/Users/Vanessa/git/BachelorThesis/rust/../instances/n10_test79.csv,84,false
/Users/Vanessa/git/BachelorThesis/rust/../instances/n10_test8.csv,125,false
/Users/Vanessa/git/BachelorThesis/rust/../instances/n10_test80.csv,125,true
/Users/Vanessa/git/BachelorThesis/rust/../instances/n10_test81.csv,125,true
/Users/Vanessa/git/BachelorThesis/rust/../instances/n10_test82.csv,125,true
/Users/Vanessa/git/BachelorThesis/rust/../instances/n10_test83.csv,125,true
/Users/Vanessa/git/BachelorThesis/rust/../instances/n10_test84.csv,3084,false
/Users/Vanessa/git/BachelorThesis/rust/../instances/n10_test85.csv,2958,false
/Users/Vanessa/git/BachelorThesis/rust/../instances/n10_test86.csv,125,false
/Users/Vanessa/git/BachelorThesis/rust/../instances/n10_test87.csv,167,false
/Users/Vanessa/git/BachelorThesis/rust/../instances/n10_test88.csv,83,false
/Users/Vanessa/git/BachelorThesis/rust/../instances/n10_test89.csv,84,false
/Users/Vanessa/git/BachelorThesis/rust/../instances/n10_test9.csv,291,false
/Users/Vanessa/git/BachelorThesis/rust/../instances/n10_test90.csv,292,true
/Users/Vanessa/git/BachelorThesis/rust/../instances/n10_test91.csv,83,true
/Users/Vanessa/git/BachelorThesis/rust/../instances/n10_test92.csv,125,false
/Users/Vanessa/git/BachelorThesis/rust/../instances/n10_test93.csv,125,false
/Users/Vanessa/git/BachelorThesis/rust/../instances/n10_test94.csv,125,false
/Users/Vanessa/git/BachelorThesis/rust/../instances/n10_test95.csv,333,true
/Users/Vanessa/git/BachelorThesis/rust/../instances/n10_test96.csv,83,false
/Users/Vanessa/git/BachelorThesis/rust/../instances/n10_test97.csv,125,true
/Users/Vanessa/git/BachelorThesis/rust/../instances/n10_test98.csv,83,false
/Users/Vanessa/git/BachelorThesis/rust/../instances/n10_test99.csv,83,false
/Users/Vanessa/git/BachelorThesis/rust/../instances/n5000_test1.csv,30673375,true
/Users/Vanessa/git/BachelorThesis/rust/../instances/n5000_test10.csv,8290708,true
/Users/Vanessa/git/BachelorThesis/rust/../instances/n5000_test100.csv,8131042,true
/Users/Vanessa/git/BachelorThesis/rust/../instances/n5000_test101.csv,9340125,false
/Users/Vanessa/git/BachelorThesis/rust/../instances/n5000_test102.csv,8130958,false
/Users/Vanessa/git/BachelorThesis/rust/../instances/n5000_test103.csv,8141000,true
/Users/Vanessa/git/BachelorThesis/rust/../instances/n5000_test104.csv,8705000,false
/Users/Vanessa/git/BachelorThesis/rust/../instances/n5000_test105.csv,8310083,false
/Users/Vanessa/git/BachelorThesis/rust/../instances/n5000_test106.csv,8253958,true
/Users/Vanessa/git/BachelorThesis/rust/../instances/n5000_test107.csv,8104666,false
/Users/Vanessa/git/BachelorThesis/rust/../instances/n5000_test108.csv,8122292,false
/Users/Vanessa/git/BachelorThesis/rust/../instances/n5000_test109.csv,7883625,true
/Users/Vanessa/git/BachelorThesis/rust/../instances/n5000_test11.csv,8331000,true
/Users/Vanessa/git/BachelorThesis/rust/../instances/n5000_test110.csv,8281334,true
/Users/Vanessa/git/BachelorThesis/rust/../instances/n5000_test111.csv,7920625,true
/Users/Vanessa/git/BachelorThesis/rust/../instances/n5000_test112.csv,8223167,false
/Users/Vanessa/git/BachelorThesis/rust/../instances/n5000_test113.csv,8685958,true
/Users/Vanessa/git/BachelorThesis/rust/../instances/n5000_test114.csv,8086917,true
/Users/Vanessa/git/BachelorThesis/rust/../instances/n5000_test115.csv,8099042,false
/Users/Vanessa/git/BachelorThesis/rust/../instances/n5000_test116.csv,8423167,true
/Users/Vanessa/git/BachelorThesis/rust/../instances/n5000_test117.csv,8445958,false
/Users/Vanessa/git/BachelorThesis/rust/../instances/n5000_test118.csv,8487708,true
/Users/Vanessa/git/BachelorThesis/rust/../instances/n5000_test119.csv,8264417,false
/Users/Vanessa/git/BachelorThesis/rust/../instances/n5000_test12.csv,8420834,true
/Users/Vanessa/git/BachelorThesis/rust/../instances/n5000_test120.csv,8135792,true
/Users/Vanessa/git/BachelorThesis/rust/../instances/n5000_test121.csv,8202583,true
/Users/Vanessa/git/BachelorThesis/rust/../instances/n5000_test122.csv,7979666,false
/Users/Vanessa/git/BachelorThesis/rust/../instances/n5000_test123.csv,8516542,false
/Users/Vanessa/git/BachelorThesis/rust/../instances/n5000_test124.csv,8422417,false
/Users/Vanessa/git/BachelorThesis/rust/../instances/n5000_test125.csv,8471334,true
/Users/Vanessa/git/BachelorThesis/rust/../instances/n5000_test126.csv,9236833,false
/Users/Vanessa/git/BachelorThesis/rust/../instances/n5000_test127.csv,7916792,true
/Users/Vanessa/git/BachelorThesis/rust/../instances/n5000_test128.csv,8346500,false
/Users/Vanessa/git/BachelorThesis/rust/../instances/n5000_test129.csv,7979209,false
/Users/Vanessa/git/BachelorThesis/rust/../instances/n5000_test13.csv,8020459,true
/Users/Vanessa/git/BachelorThesis/rust/../instances/n5000_test130.csv,8201041,true
/Users/Vanessa/git/BachelorThesis/rust/../instances/n5000_test131.csv,9108625,false
/Users/Vanessa/git/BachelorThesis/rust/../instances/n5000_test132.csv,8461041,false
/Users/Vanessa/git/BachelorThesis/rust/../instances/n5000_test133.csv,9379875,true
/Users/Vanessa/git/BachelorThesis/rust/../instances/n5000_test134.csv,8136500,true
/Users/Vanessa/git/BachelorThesis/rust/../instances/n5000_test135.csv,8182375,false
/Users/Vanessa/git/BachelorThesis/rust/../instances/n5000_test136.csv,7966708,false
/Users/Vanessa/git/BachelorThesis/rust/../instances/n5000_test137.csv,7939917,false
/Users/Vanessa/git/BachelorThesis/rust/../instances/n5000_test138.csv,8020167,true
/Users/Vanessa/git/BachelorThesis/rust/../instances/n5000_test139.csv,8053834,false
/Users/Vanessa/git/BachelorThesis/rust/../instances/n5000_test14.csv,7921292,true
/Users/Vanessa/git/BachelorThesis/rust/../instances/n5000_test140.csv,899784875,true
/Users/Vanessa/git/BachelorThesis/rust/../instances/n5000_test141.csv,8011250,false
/Users/Vanessa/git/BachelorThesis/rust/../instances/n5000_test142.csv,7962667,true
/Users/Vanessa/git/BachelorThesis/rust/../instances/n5000_test143.csv,8170625,true
/Users/Vanessa/git/BachelorThesis/rust/../instances/n5000_test144.csv,7915833,false
/Users/Vanessa/git/BachelorThesis/rust/../instances/n5000_test145.csv,770889625,false
/Users/Vanessa/git/BachelorThesis/rust/../instances/n5000_test146.csv,8635125,false
/Users/Vanessa/git/BachelorThesis/rust/../instances/n5000_test147.csv,8925667,false
/Users/Vanessa/git/BachelorThesis/rust/../instances/n5000_test148.csv,8166583,false
/Users/Vanessa/git/BachelorThesis/rust/../instances/n5000_test149.csv,8687083,true
/Users/Vanessa/git/BachelorThesis/rust/../instances/n5000_test15.csv,8144417,false
/Users/Vanessa/git/BachelorThesis/rust/../instances/n5000_test150.csv,8414458,true
/Users/Vanessa/git/BachelorThesis/rust/../instances/n5000_test151.csv,8198334,true
/Users/Vanessa/git/BachelorThesis/rust/../instances/n5000_test152.csv,7906458,false
/Users/Vanessa/git/BachelorThesis/rust/../instances/n5000_test153.csv,8175083,true
/Users/Vanessa/git/BachelorThesis/rust/../instances/n5000_test154.csv,8238000,false
/Users/Vanessa/git/BachelorThesis/rust/../instances/n5000_test155.csv,7964708,true
/Users/Vanessa/git/BachelorThesis/rust/../instances/n5000_test156.csv,9011125,true
/Users/Vanessa/git/BachelorThesis/rust/../instances/n5000_test157.csv,7686541,true
/Users/Vanessa/git/BachelorThesis/rust/../instances/n5000_test158.csv,7755917,false
/Users/Vanessa/git/BachelorThesis/rust/../instances/n5000_test159.csv,7732042,false
/Users/Vanessa/git/BachelorThesis/rust/../instances/n5000_test16.csv,7653375,true
/Users/Vanessa/git/BachelorThesis/rust/../instances/n5000_test160.csv,7751792,false
/Users/Vanessa/git/BachelorThesis/rust/../instances/n5000_test161.csv,8017750,false
/Users/Vanessa/git/BachelorThesis/rust/../instances/n5000_test162.csv,7725417,true
/Users/Vanessa/git/BachelorThesis/rust/../instances/n5000_test163.csv,7760417,true
/Users/Vanessa/git/BachelorThesis/rust/../instances/n5000_test164.csv,7798000,true
/Users/Vanessa/git/BachelorThesis/rust/../instances/n5000_test165.csv,7844416,false
/Users/Vanessa/git/BachelorThesis/rust/../instances/n5000_test166.csv,8125708,true
/Users/Vanessa/git/BachelorThesis/rust/../instances/n5000_test167.csv,8244042,true
/Users/Vanessa/git/BachelorThesis/rust/../instances/n5000_test168.csv,8133000,true
/Users/Vanessa/git/BachelorThesis/rust/../instances/n5000_test169.csv,8200084,false
/Users/Vanessa/git/BachelorThesis/rust/../instances/n5000_test17.csv,8111792,true
/Users/Vanessa/git/BachelorThesis/rust/../instances/n5000_test170.csv,7949875,true
/Users/Vanessa/git/BachelorThesis/rust/../instances/n5000_test171.csv,8238958,true
/Users/Vanessa/git/BachelorThesis/rust/../instances/n5000_test172.csv,8059041,false
/Users/Vanessa/git/BachelorThesis/rust/../instances/n5000_test173.csv,8229333,true
/Users/Vanessa/git/BachelorThesis/rust/../instances/n5000_test174.csv,8459791,false
/Users/Vanessa/git/BachelorThesis/rust/../instances/n5000_test175.csv,8053542,true
/Users/Vanessa/git/BachelorThesis/rust/../instances/n5000_test176.csv,8009417,true
/Users/Vanessa/git/BachelorThesis/rust/../instances/n5000_test177.csv,763532792,true
/Users/Vanessa/git/BachelorThesis/rust/../instances/n5000_test178.csv,8060167,true
/Users/Vanessa/git/BachelorThesis/rust/../instances/n5000_test179.csv,8242167,true
/Users/Vanessa/git/BachelorThesis/rust/../instances/n5000_test18.csv,10304458,false
/Users/Vanessa/git/BachelorThesis/rust/../instances/n5000_test180.csv,10119375,true
/Users/Vanessa/git/BachelorThesis/rust/../instances/n5000_test181.csv,8467917,false
/Users/Vanessa/git/BachelorThesis/rust/../instances/n5000_test182.csv,8282542,true
/Users/Vanessa/git/BachelorThesis/rust/../instances/n5000_test183.csv,9318375,false
/Users/Vanessa/git/BachelorThesis/rust/../instances/n5000_test184.csv,8096084,true
/Users/Vanessa/git/BachelorThesis/rust/../instances/n5000_test185.csv,8608958,false
/Users/Vanessa/git/BachelorThesis/rust/../instances/n5000_test186.csv,9447125,true
/Users/Vanessa/git/BachelorThesis/rust/../instances/n5000_test187.csv,10818250,false
/Users/Vanessa/git/BachelorThesis/rust/../instances/n5000_test188.csv,7425750,true
/Users/Vanessa/git/BachelorThesis/rust/../instances/n5000_test189.csv,9266834,true
/Users/Vanessa/git/BachelorThesis/rust/../instances/n5000_test19.csv,7626625,true
/Users/Vanessa/git/BachelorThesis/rust/../instances/n5000_test190.csv,7625625,false
/Users/Vanessa/git/BachelorThesis/rust/../instances/n5000_test191.csv,7603250,false
/Users/Vanessa/git/BachelorThesis/rust/../instances/n5000_test192.csv,7672917,true
/Users/Vanessa/git/BachelorThesis/rust/../instances/n5000_test193.csv,7746125,false
/Users/Vanessa/git/BachelorThesis/rust/../instances/n5000_test194.csv,8246459,false
/Users/Vanessa/git/BachelorThesis/rust/../instances/n5000_test195.csv,8397917,true
/Users/Vanessa/git/BachelorThesis/rust/../instances/n5000_test196.csv,7948709,false
/Users/Vanessa/git/BachelorThesis/rust/../instances/n5000_test197.csv,7645042,false
/Users/Vanessa/git/BachelorThesis/rust/../instances/n5000_test198.csv,7714625,true
/Users/Vanessa/git/BachelorThesis/rust/../instances/n5000_test199.csv,8069542,false
/Users/Vanessa/git/BachelorThesis/rust/../instances/n5000_test2.csv,7818250,true
/Users/Vanessa/git/BachelorThesis/rust/../instances/n5000_test20.csv,7771958,false
/Users/Vanessa/git/BachelorThesis/rust/../instances/n5000_test200.csv,7774750,false
/Users/Vanessa/git/BachelorThesis/rust/../instances/n5000_test201.csv,7951583,true
/Users/Vanessa/git/BachelorThesis/rust/../instances/n5000_test202.csv,7838958,false
/Users/Vanessa/git/BachelorThesis/rust/../instances/n5000_test203.csv,7969292,true
/Users/Vanessa/git/BachelorThesis/rust/../instances/n5000_test204.csv,8037334,true
/Users/Vanessa/git/BachelorThesis/rust/../instances/n5000_test205.csv,7902833,true
/Users/Vanessa/git/BachelorThesis/rust/../instances/n5000_test206.csv,8162542,false
/Users/Vanessa/git/BachelorThesis/rust/../instances/n5000_test207.csv,8187333,false
/Users/Vanessa/git/BachelorThesis/rust/../instances/n5000_test208.csv,8331083,true
/Users/Vanessa/git/BachelorThesis/rust/../instances/n5000_test209.csv,49524334,false
/Users/Vanessa/git/BachelorThesis/rust/../instances/n5000_test21.csv,8074708,true
/Users/Vanessa/git/BachelorThesis/rust/../instances/n5000_test210.csv,8014750,false
/Users/Vanessa/git/BachelorThesis/rust/../instances/n5000_test211.csv,8072917,true
/Users/Vanessa/git/BachelorThesis/rust/../instances/n5000_test212.csv,8036708,true
/Users/Vanessa/git/BachelorThesis/rust/../instances/n5000_test213.csv,8054416,true
/Users/Vanessa/git/BachelorThesis/rust/../instances/n5000_test214.csv,8118000,false
/Users/Vanessa/git/BachelorThesis/rust/../instances/n5000_test215.csv,8058375,true
/Users/Vanessa/git/BachelorThesis/rust/../instances/n5000_test216.csv,8339667,false
/Users/Vanessa/git/BachelorThesis/rust/../instances/n5000_test217.csv,8084167,true
/Users/Vanessa/git/BachelorThesis/rust/../instances/n5000_test218.csv,8230667,true
/Users/Vanessa/git/BachelorThesis/rust/../instances/n5000_test219.csv,8285625,true
/Users/Vanessa/git/BachelorThesis/rust/../instances/n5000_test22.csv,8738291,false
/Users/Vanessa/git/BachelorThesis/rust/../instances/n5000_test220.csv,8044375,false
/Users/Vanessa/git/BachelorThesis/rust/../instances/n5000_test221.csv,8064916,true
/Users/Vanessa/git/BachelorThesis/rust/../instances/n5000_test222.csv,8474417,false
/Users/Vanessa/git/BachelorThesis/rust/../instances/n5000_test223.csv,8132584,true
/Users/Vanessa/git/BachelorThesis/rust/../instances/n5000_test224.csv,8078833,true
/Users/Vanessa/git/BachelorThesis/rust/../instances/n5000_test225.csv,8073125,true
/Users/Vanessa/git/BachelorThesis/rust/../instances/n5000_test226.csv,7987750,true
/Users/Vanessa/git/BachelorThesis/rust/../instances/n5000_test227.csv,8595708,true
/Users/Vanessa/git/BachelorThesis/rust/../instances/n5000_test228.csv,8050458,false
/Users/Vanessa/git/BachelorThesis/rust/../instances/n5000_test229.csv,7931500,true
/Users/Vanessa/git/BachelorThesis/rust/../instances/n5000_test23.csv,7948917,true
/Users/Vanessa/git/BachelorThesis/rust/../instances/n5000_test230.csv,7984583,false
/Users/Vanessa/git/BachelorThesis/rust/../instances/n5000_test231.csv,7969375,false
/Users/Vanessa/git/BachelorThesis/rust/../instances/n5000_test232.csv,7930458,true
/Users/Vanessa/git/BachelorThesis/rust/../instances/n5000_test233.csv,8300916,false
/Users/Vanessa/git/BachelorThesis/rust/../instances/n5000_test234.csv,8048250,true
/Users/Vanessa/git/BachelorThesis/rust/../instances/n5000_test235.csv,8074209,true
/Users/Vanessa/git/BachelorThesis/rust/../instances/n5000_test236.csv,7905833,false
/Users/Vanessa/git/BachelorThesis/rust/../instances/n5000_test237.csv,7928875,true
/Users/Vanessa/git/BachelorThesis/rust/../instances/n5000_test238.csv,7875584,false
/Users/Vanessa/git/BachelorThesis/rust/../instances/n5000_test239.csv,8056667,false
/Users/Vanessa/git/BachelorThesis/rust/../instances/n5000_test24.csv,7992500,false
/Users/Vanessa/git/BachelorThesis/rust/../instances/n5000_test240.csv,7981292,false
/Users/Vanessa/git/BachelorThesis/rust/../instances/n5000_test241.csv,8539500,true
/Users/Vanessa/git/BachelorThesis/rust/../instances/n5000_test242.csv,8208042,false
/Users/Vanessa/git/BachelorThesis/rust/../instances/n5000_test243.csv,8753708,false
/Users/Vanessa/git/BachelorThesis/rust/../instances/n5000_test244.csv,8285667,false
/Users/Vanessa/git/BachelorThesis/rust/../instances/n5000_test245.csv,8377792,true
/Users/Vanessa/git/BachelorThesis/rust/../instances/n5000_test246.csv,7960417,true
/Users/Vanessa/git/BachelorThesis/rust/../instances/n5000_test247.csv,7990084,false
/Users/Vanessa/git/BachelorThesis/rust/../instances/n5000_test248.csv,28458208,true
/Users/Vanessa/git/BachelorThesis/rust/../instances/n5000_test249.csv,7922875,false
/Users/Vanessa/git/BachelorThesis/rust/../instances/n5000_test25.csv,8219584,true
/Users/Vanessa/git/BachelorThesis/rust/../instances/n5000_test250.csv,7899375,false
/Users/Vanessa/git/BachelorThesis/rust/../instances/n5000_test251.csv,8067334,false
/Users/Vanessa/git/BachelorThesis/rust/../instances/n5000_test252.csv,7909750,false
/Users/Vanessa/git/BachelorThesis/rust/../instances/n5000_test253.csv,8277542,false
/Users/Vanessa/git/BachelorThesis/rust/../instances/n5000_test254.csv,7881833,false
/Users/Vanessa/git/BachelorThesis/rust/../instances/n5000_test255.csv,7930917,true
/Users/Vanessa/git/BachelorThesis/rust/../instances/n5000_test256.csv,8739666,false
/Users/Vanessa/git/BachelorThesis/rust/../instances/n5000_test257.csv,8391750,false
/Users/Vanessa/git/BachelorThesis/rust/../instances/n5000_test258.csv,8149292,true
/Users/Vanessa/git/BachelorThesis/rust/../instances/n5000_test259.csv,8187708,false
/Users/Vanessa/git/BachelorThesis/rust/../instances/n5000_test26.csv,8460125,false
/Users/Vanessa/git/BachelorThesis/rust/../instances/n5000_test260.csv,8290459,true
/Users/Vanessa/git/BachelorThesis/rust/../instances/n5000_test261.csv,7999334,true
/Users/Vanessa/git/BachelorThesis/rust/../instances/n5000_test262.csv,7804167,false
/Users/Vanessa/git/BachelorThesis/rust/../instances/n5000_test263.csv,9473791,true
/Users/Vanessa/git/BachelorThesis/rust/../instances/n5000_test264.csv,8015500,true
/Users/Vanessa/git/BachelorThesis/rust/../instances/n5000_test265.csv,7945542,true
/Users/Vanessa/git/BachelorThesis/rust/../instances/n5000_test266.csv,8882584,false
/Users/Vanessa/git/BachelorThesis/rust/../instances/n5000_test267.csv,7862166,true
/Users/Vanessa/git/BachelorThesis/rust/../instances/n5000_test268.csv,7963334,false
/Users/Vanessa/git/BachelorThesis/rust/../instances/n5000_test269.csv,7913959,true
/Users/Vanessa/git/BachelorThesis/rust/../instances/n5000_test27.csv,8004125,false
/Users/Vanessa/git/BachelorThesis/rust/../instances/n5000_test270.csv,8015709,false
/Users/Vanessa/git/BachelorThesis/rust/../instances/n5000_test271.csv,7980375,true
/Users/Vanessa/git/BachelorThesis/rust/../instances/n5000_test272.csv,7980375,false
/Users/Vanessa/git/BachelorThesis/rust/../instances/n5000_test273.csv,7960792,false
/Users/Vanessa/git/BachelorThesis/rust/../instances/n5000_test274.csv,8053875,false
/Users/Vanessa/git/BachelorThesis/rust/../instances/n5000_test275.csv,7950542,false
/Users/Vanessa/git/BachelorThesis/rust/../instances/n5000_test276.csv,8041500,false
/Users/Vanessa/git/BachelorThesis/rust/../instances/n5000_test277.csv,8048708,true
/Users/Vanessa/git/BachelorThesis/rust/../instances/n5000_test278.csv,7918750,false
/Users/Vanessa/git/BachelorThesis/rust/../instances/n5000_test279.csv,7920666,false
/Users/Vanessa/git/BachelorThesis/rust/../instances/n5000_test28.csv,7985958,true
/Users/Vanessa/git/BachelorThesis/rust/../instances/n5000_test280.csv,7933084,false
/Users/Vanessa/git/BachelorThesis/rust/../instances/n5000_test281.csv,7936375,true
/Users/Vanessa/git/BachelorThesis/rust/../instances/n5000_test282.csv,8157750,true
/Users/Vanessa/git/BachelorThesis/rust/../instances/n5000_test283.csv,7897709,false
/Users/Vanessa/git/BachelorThesis/rust/../instances/n5000_test284.csv,8484709,true
/Users/Vanessa/git/BachelorThesis/rust/../instances/n5000_test285.csv,8676625,false
/Users/Vanessa/git/BachelorThesis/rust/../instances/n5000_test286.csv,8389666,true
/Users/Vanessa/git/BachelorThesis/rust/../instances/n5000_test287.csv,7956167,false
/Users/Vanessa/git/BachelorThesis/rust/../instances/n5000_test288.csv,8660125,false
/Users/Vanessa/git/BachelorThesis/rust/../instances/n5000_test289.csv,8095750,true
/Users/Vanessa/git/BachelorThesis/rust/../instances/n5000_test29.csv,8287958,true
/Users/Vanessa/git/BachelorThesis/rust/../instances/n5000_test290.csv,10010542,false
/Users/Vanessa/git/BachelorThesis/rust/../instances/n5000_test291.csv,8659083,false
/Users/Vanessa/git/BachelorThesis/rust/../instances/n5000_test292.csv,7925042,false
/Users/Vanessa/git/BachelorThesis/rust/../instances/n5000_test293.csv,7979833,true
/Users/Vanessa/git/BachelorThesis/rust/../instances/n5000_test294.csv,7993167,false
/Users/Vanessa/git/BachelorThesis/rust/../instances/n5000_test295.csv,9208125,true
/Users/Vanessa/git/BachelorThesis/rust/../instances/n5000_test296.csv,8213333,false
/Users/Vanessa/git/BachelorThesis/rust/../instances/n5000_test297.csv,7831958,true
/Users/Vanessa/git/BachelorThesis/rust/../instances/n5000_test298.csv,8080208,false
/Users/Vanessa/git/BachelorThesis/rust/../instances/n5000_test299.csv,8864000,true
/Users/Vanessa/git/BachelorThesis/rust/../instances/n5000_test3.csv,9190708,false
/Users/Vanessa/git/BachelorThesis/rust/../instances/n5000_test30.csv,8342208,true
/Users/Vanessa/git/BachelorThesis/rust/../instances/n5000_test300.csv,8312875,true
/Users/Vanessa/git/BachelorThesis/rust/../instances/n5000_test301.csv,7921917,true
/Users/Vanessa/git/BachelorThesis/rust/../instances/n5000_test302.csv,8110291,true
/Users/Vanessa/git/BachelorThesis/rust/../instances/n5000_test303.csv,8096417,true
/Users/Vanessa/git/BachelorThesis/rust/../instances/n5000_test304.csv,8614750,false
/Users/Vanessa/git/BachelorThesis/rust/../instances/n5000_test305.csv,8187000,true
/Users/Vanessa/git/BachelorThesis/rust/../instances/n5000_test306.csv,9797167,false
/Users/Vanessa/git/BachelorThesis/rust/../instances/n5000_test307.csv,8501750,true
/Users/Vanessa/git/BachelorThesis/rust/../instances/n5000_test308.csv,7996417,true
/Users/Vanessa/git/BachelorThesis/rust/../instances/n5000_test309.csv,8149792,false
/Users/Vanessa/git/BachelorThesis/rust/../instances/n5000_test31.csv,8470042,false
/Users/Vanessa/git/BachelorThesis/rust/../instances/n5000_test310.csv,8075417,true
/Users/Vanessa/git/BachelorThesis/rust/../instances/n5000_test311.csv,8091250,false
/Users/Vanessa/git/BachelorThesis/rust/../instances/n5000_test312.csv,8028166,false
/Users/Vanessa/git/BachelorThesis/rust/../instances/n5000_test313.csv,8048875,true
/Users/Vanessa/git/BachelorThesis/rust/../instances/n5000_test314.csv,8515375,true
/Users/Vanessa/git/BachelorThesis/rust/../instances/n5000_test315.csv,7923209,true
/Users/Vanessa/git/BachelorThesis/rust/../instances/n5000_test316.csv,7957166,false
/Users/Vanessa/git/BachelorThesis/rust/../instances/n5000_test317.csv,8117625,true
/Users/Vanessa/git/BachelorThesis/rust/../instances/n5000_test318.csv,7943792,false
/Users/Vanessa/git/BachelorThesis/rust/../instances/n5000_test319.csv,7981167,false
/Users/Vanessa/git/BachelorThesis/rust/../instances/n5000_test32.csv,8079708,false
/Users/Vanessa/git/BachelorThesis/rust/../instances/n5000_test320.csv,8138292,false
/Users/Vanessa/git/BachelorThesis/rust/../instances/n5000_test321.csv,8497208,false
/Users/Vanessa/git/BachelorThesis/rust/../instances/n5000_test322.csv,9334417,true
/Users/Vanessa/git/BachelorThesis/rust/../instances/n5000_test323.csv,8100709,false
/Users/Vanessa/git/BachelorThesis/rust/../instances/n5000_test324.csv,7979542,true
/Users/Vanessa/git/BachelorThesis/rust/../instances/n5000_test325.csv,8109500,true
/Users/Vanessa/git/BachelorThesis/rust/../instances/n5000_test326.csv,7855250,false
/Users/Vanessa/git/BachelorThesis/rust/../instances/n5000_test327.csv,9053375,false
/Users/Vanessa/git/BachelorThesis/rust/../instances/n5000_test328.csv,8557416,true
/Users/Vanessa/git/BachelorThesis/rust/../instances/n5000_test329.csv,7720584,true
/Users/Vanessa/git/BachelorThesis/rust/../instances/n5000_test33.csv,7777000,true
/Users/Vanessa/git/BachelorThesis/rust/../instances/n5000_test330.csv,7828291,false
/Users/Vanessa/git/BachelorThesis/rust/../instances/n5000_test331.csv,8078708,false
/Users/Vanessa/git/BachelorThesis/rust/../instances/n5000_test332.csv,7779083,false
/Users/Vanessa/git/BachelorThesis/rust/../instances/n5000_test333.csv,7816792,false
/Users/Vanessa/git/BachelorThesis/rust/../instances/n5000_test334.csv,962712333,true
/Users/Vanessa/git/BachelorThesis/rust/../instances/n5000_test335.csv,7621541,true
/Users/Vanessa/git/BachelorThesis/rust/../instances/n5000_test336.csv,7567209,true
/Users/Vanessa/git/BachelorThesis/rust/../instances/n5000_test337.csv,7634458,false
/Users/Vanessa/git/BachelorThesis/rust/../instances/n5000_test338.csv,8302000,true
/Users/Vanessa/git/BachelorThesis/rust/../instances/n5000_test339.csv,7569166,false
/Users/Vanessa/git/BachelorThesis/rust/../instances/n5000_test34.csv,7838958,false
/Users/Vanessa/git/BachelorThesis/rust/../instances/n5000_test340.csv,7673750,false
/Users/Vanessa/git/BachelorThesis/rust/../instances/n5000_test341.csv,8108667,false
/Users/Vanessa/git/BachelorThesis/rust/../instances/n5000_test342.csv,8089000,false
/Users/Vanessa/git/BachelorThesis/rust/../instances/n5000_test343.csv,7884000,true
/Users/Vanessa/git/BachelorThesis/rust/../instances/n5000_test344.csv,8111583,true
/Users/Vanessa/git/BachelorThesis/rust/../instances/n5000_test345.csv,8130417,true
/Users/Vanessa/git/BachelorThesis/rust/../instances/n5000_test346.csv,7887375,false
/Users/Vanessa/git/BachelorThesis/rust/../instances/n5000_test347.csv,15065959,true
/Users/Vanessa/git/BachelorThesis/rust/../instances/n5000_test348.csv,7822583,false
/Users/Vanessa/git/BachelorThesis/rust/../instances/n5000_test349.csv,7993500,false
/Users/Vanessa/git/BachelorThesis/rust/../instances/n5000_test35.csv,8093500,true
/Users/Vanessa/git/BachelorThesis/rust/../instances/n5000_test350.csv,7808083,true
/Users/Vanessa/git/BachelorThesis/rust/../instances/n5000_test351.csv,7690083,true
/Users/Vanessa/git/BachelorThesis/rust/../instances/n5000_test352.csv,8583208,true
/Users/Vanessa/git/BachelorThesis/rust/../instances/n5000_test353.csv,7312167,true
/Users/Vanessa/git/BachelorThesis/rust/../instances/n5000_test354.csv,7420750,false
/Users/Vanessa/git/BachelorThesis/rust/../instances/n5000_test355.csv,7458250,false
/Users/Vanessa/git/BachelorThesis/rust/../instances/n5000_test356.csv,7525500,false
/Users/Vanessa/git/BachelorThesis/rust/../instances/n5000_test357.csv,7487875,true
/Users/Vanessa/git/BachelorThesis/rust/../instances/n5000_test358.csv,7568000,false
/Users/Vanessa/git/BachelorThesis/rust/../instances/n5000_test359.csv,7494959,true
/Users/Vanessa/git/BachelorThesis/rust/../instances/n5000_test36.csv,7596750,true
/Users/Vanessa/git/BachelorThesis/rust/../instances/n5000_test360.csv,7578583,false
/Users/Vanessa/git/BachelorThesis/rust/../instances/n5000_test361.csv,7837958,false
/Users/Vanessa/git/BachelorThesis/rust/../instances/n5000_test362.csv,7822500,false
/Users/Vanessa/git/BachelorThesis/rust/../instances/n5000_test363.csv,7722917,true
/Users/Vanessa/git/BachelorThesis/rust/../instances/n5000_test364.csv,7898875,true
/Users/Vanessa/git/BachelorThesis/rust/../instances/n5000_test365.csv,7837917,false
/Users/Vanessa/git/BachelorThesis/rust/../instances/n5000_test366.csv,7790375,true
/Users/Vanessa/git/BachelorThesis/rust/../instances/n5000_test367.csv,7848625,true
/Users/Vanessa/git/BachelorThesis/rust/../instances/n5000_test368.csv,7891708,false
/Users/Vanessa/git/BachelorThesis/rust/../instances/n5000_test369.csv,8149791,false
/Users/Vanessa/git/BachelorThesis/rust/../instances/n5000_test37.csv,7982791,false
/Users/Vanessa/git/BachelorThesis/rust/../instances/n5000_test370.csv,7922084,false
/Users/Vanessa/git/BachelorThesis/rust/../instances/n5000_test371.csv,7926917,false
/Users/Vanessa/git/BachelorThesis/rust/../instances/n5000_test372.csv,7951750,true
/Users/Vanessa/git/BachelorThesis/rust/../instances/n5000_test373.csv,8040917,true
/Users/Vanessa/git/BachelorThesis/rust/../instances/n5000_test374.csv,7922917,false
/Users/Vanessa/git/BachelorThesis/rust/../instances/n5000_test375.csv,8480833,false
/Users/Vanessa/git/BachelorThesis/rust/../instances/n5000_test376.csv,7937916,false
/Users/Vanessa/git/BachelorThesis/rust/../instances/n5000_test377.csv,8017375,true
/Users/Vanessa/git/BachelorThesis/rust/../instances/n5000_test378.csv,7938708,false
/Users/Vanessa/git/BachelorThesis/rust/../instances/n5000_test379.csv,8386875,true
/Users/Vanessa/git/BachelorThesis/rust/../instances/n5000_test38.csv,8288084,true
/Users/Vanessa/git/BachelorThesis/rust/../instances/n5000_test380.csv,8440709,false
/Users/Vanessa/git/BachelorThesis/rust/../instances/n5000_test381.csv,21663333,true
/Users/Vanessa/git/BachelorThesis/rust/../instances/n5000_test382.csv,8012291,false
/Users/Vanessa/git/BachelorThesis/rust/../instances/n5000_test383.csv,7945083,true
/Users/Vanessa/git/BachelorThesis/rust/../instances/n5000_test384.csv,8048875,false
/Users/Vanessa/git/BachelorThesis/rust/../instances/n5000_test385.csv,8550542,true
/Users/Vanessa/git/BachelorThesis/rust/../instances/n5000_test386.csv,8205875,true
/Users/Vanessa/git/BachelorThesis/rust/../instances/n5000_test387.csv,8001084,true
/Users/Vanessa/git/BachelorThesis/rust/../instances/n5000_test388.csv,8064042,true
/Users/Vanessa/git/BachelorThesis/rust/../instances/n5000_test389.csv,7983083,false
/Users/Vanessa/git/BachelorThesis/rust/../instances/n5000_test39.csv,8015833,true
/Users/Vanessa/git/BachelorThesis/rust/../instances/n5000_test390.csv,8045833,true
/Users/Vanessa/git/BachelorThesis/rust/../instances/n5000_test391.csv,8014375,true
/Users/Vanessa/git/BachelorThesis/rust/../instances/n5000_test392.csv,8103208,false
/Users/Vanessa/git/BachelorThesis/rust/../instances/n5000_test393.csv,8043292,true
/Users/Vanessa/git/BachelorThesis/rust/../instances/n5000_test394.csv,8024666,false
/Users/Vanessa/git/BachelorThesis/rust/../instances/n5000_test395.csv,7916250,false
/Users/Vanessa/git/BachelorThesis/rust/../instances/n5000_test396.csv,8021750,false
/Users/Vanessa/git/BachelorThesis/rust/../instances/n5000_test397.csv,8078542,true
/Users/Vanessa/git/BachelorThesis/rust/../instances/n5000_test398.csv,8024542,false
/Users/Vanessa/git/BachelorThesis/rust/../instances/n5000_test399.csv,7989000,false
/Users/Vanessa/git/BachelorThesis/rust/../instances/n5000_test4.csv,7894042,false
/Users/Vanessa/git/BachelorThesis/rust/../instances/n5000_test40.csv,7881791,false
/Users/Vanessa/git/BachelorThesis/rust/../instances/n5000_test400.csv,7995334,false
/Users/Vanessa/git/BachelorThesis/rust/../instances/n5000_test401.csv,7925458,false
/Users/Vanessa/git/BachelorThesis/rust/../instances/n5000_test402.csv,8027208,true
/Users/Vanessa/git/BachelorThesis/rust/../instances/n5000_test403.csv,7908250,false
/Users/Vanessa/git/BachelorThesis/rust/../instances/n5000_test404.csv,7948958,true
/Users/Vanessa/git/BachelorThesis/rust/../instances/n5000_test405.csv,7945792,false
/Users/Vanessa/git/BachelorThesis/rust/../instances/n5000_test406.csv,7906542,false
/Users/Vanessa/git/BachelorThesis/rust/../instances/n5000_test407.csv,8033875,false
/Users/Vanessa/git/BachelorThesis/rust/../instances/n5000_test408.csv,8046750,false
/Users/Vanessa/git/BachelorThesis/rust/../instances/n5000_test409.csv,7967083,true
/Users/Vanessa/git/BachelorThesis/rust/../instances/n5000_test41.csv,7893792,false
/Users/Vanessa/git/BachelorThesis/rust/../instances/n5000_test410.csv,8652000,false
/Users/Vanessa/git/BachelorThesis/rust/../instances/n5000_test411.csv,8235958,false
/Users/Vanessa/git/BachelorThesis/rust/../instances/n5000_test412.csv,7848042,true
/Users/Vanessa/git/BachelorThesis/rust/../instances/n5000_test413.csv,7937292,true
/Users/Vanessa/git/BachelorThesis/rust/../instances/n5000_test414.csv,8553542,false
/Users/Vanessa/git/BachelorThesis/rust/../instances/n5000_test415.csv,7901333,false
/Users/Vanessa/git/BachelorThesis/rust/../instances/n5000_test416.csv,7839125,true
/Users/Vanessa/git/BachelorThesis/rust/../instances/n5000_test417.csv,8061416,false
/Users/Vanessa/git/BachelorThesis/rust/../instances/n5000_test418.csv,8138417,true
/Users/Vanessa/git/BachelorThesis/rust/../instances/n5000_test419.csv,8269791,false
/Users/Vanessa/git/BachelorThesis/rust/../instances/n5000_test42.csv,7955708,false
/Users/Vanessa/git/BachelorThesis/rust/../instances/n5000_test420.csv,7929250,true
/Users/Vanessa/git/BachelorThesis/rust/../instances/n5000_test421.csv,8045584,true
/Users/Vanessa/git/BachelorThesis/rust/../instances/n5000_test422.csv,7926709,true
/Users/Vanessa/git/BachelorThesis/rust/../instances/n5000_test423.csv,7922291,true
/Users/Vanessa/git/BachelorThesis/rust/../instances/n5000_test424.csv,7972917,false
/Users/Vanessa/git/BachelorThesis/rust/../instances/n5000_test425.csv,7916708,false
/Users/Vanessa/git/BachelorThesis/rust/../instances/n5000_test426.csv,7872125,false
/Users/Vanessa/git/BachelorThesis/rust/../instances/n5000_test427.csv,7923042,true
/Users/Vanessa/git/BachelorThesis/rust/../instances/n5000_test428.csv,7972791,false
/Users/Vanessa/git/BachelorThesis/rust/../instances/n5000_test429.csv,7955417,true
/Users/Vanessa/git/BachelorThesis/rust/../instances/n5000_test43.csv,7916792,false
/Users/Vanessa/git/BachelorThesis/rust/../instances/n5000_test430.csv,8056583,true
/Users/Vanessa/git/BachelorThesis/rust/../instances/n5000_test431.csv,7960042,true
/Users/Vanessa/git/BachelorThesis/rust/../instances/n5000_test432.csv,7948875,true
/Users/Vanessa/git/BachelorThesis/rust/../instances/n5000_test433.csv,7944500,false
/Users/Vanessa/git/BachelorThesis/rust/../instances/n5000_test434.csv,7925541,true
/Users/Vanessa/git/BachelorThesis/rust/../instances/n5000_test435.csv,8846917,false
/Users/Vanessa/git/BachelorThesis/rust/../instances/n5000_test436.csv,8191667,true
/Users/Vanessa/git/BachelorThesis/rust/../instances/n5000_test437.csv,8064833,false
/Users/Vanessa/git/BachelorThesis/rust/../instances/n5000_test438.csv,7939292,false
/Users/Vanessa/git/BachelorThesis/rust/../instances/n5000_test439.csv,8013166,false
/Users/Vanessa/git/BachelorThesis/rust/../instances/n5000_test44.csv,7936792,false
/Users/Vanessa/git/BachelorThesis/rust/../instances/n5000_test440.csv,7939500,false
/Users/Vanessa/git/BachelorThesis/rust/../instances/n5000_test441.csv,7907833,true
/Users/Vanessa/git/BachelorThesis/rust/../instances/n5000_test442.csv,7856000,false
/Users/Vanessa/git/BachelorThesis/rust/../instances/n5000_test443.csv,7830875,false
/Users/Vanessa/git/BachelorThesis/rust/../instances/n5000_test444.csv,7921084,false
/Users/Vanessa/git/BachelorThesis/rust/../instances/n5000_test445.csv,10441042,false
/Users/Vanessa/git/BachelorThesis/rust/../instances/n5000_test446.csv,8395958,true
/Users/Vanessa/git/BachelorThesis/rust/../instances/n5000_test447.csv,8072917,false
/Users/Vanessa/git/BachelorThesis/rust/../instances/n5000_test448.csv,8015375,true
/Users/Vanessa/git/BachelorThesis/rust/../instances/n5000_test449.csv,8001625,false
/Users/Vanessa/git/BachelorThesis/rust/../instances/n5000_test45.csv,7958375,false
/Users/Vanessa/git/BachelorThesis/rust/../instances/n5000_test450.csv,8137292,true
/Users/Vanessa/git/BachelorThesis/rust/../instances/n5000_test451.csv,8128084,true
/Users/Vanessa/git/BachelorThesis/rust/../instances/n5000_test452.csv,8270959,false
/Users/Vanessa/git/BachelorThesis/rust/../instances/n5000_test453.csv,8147542,true
/Users/Vanessa/git/BachelorThesis/rust/../instances/n5000_test454.csv,8183709,false
/Users/Vanessa/git/BachelorThesis/rust/../instances/n5000_test455.csv,8117750,false
/Users/Vanessa/git/BachelorThesis/rust/../instances/n5000_test456.csv,8009666,false
/Users/Vanessa/git/BachelorThesis/rust/../instances/n5000_test457.csv,8007250,false
/Users/Vanessa/git/BachelorThesis/rust/../instances/n5000_test458.csv,8292083,true
/Users/Vanessa/git/BachelorThesis/rust/../instances/n5000_test459.csv,8155458,true
/Users/Vanessa/git/BachelorThesis/rust/../instances/n5000_test46.csv,8355041,false
/Users/Vanessa/git/BachelorThesis/rust/../instances/n5000_test460.csv,7965875,false
/Users/Vanessa/git/BachelorThesis/rust/../instances/n5000_test461.csv,8040792,true
/Users/Vanessa/git/BachelorThesis/rust/../instances/n5000_test462.csv,8340792,false
/Users/Vanessa/git/BachelorThesis/rust/../instances/n5000_test463.csv,7990833,false
/Users/Vanessa/git/BachelorThesis/rust/../instances/n5000_test464.csv,9349625,false
/Users/Vanessa/git/BachelorThesis/rust/../instances/n5000_test465.csv,7721792,true
/Users/Vanessa/git/BachelorThesis/rust/../instances/n5000_test466.csv,7945291,false
/Users/Vanessa/git/BachelorThesis/rust/../instances/n5000_test467.csv,7784667,true
/Users/Vanessa/git/BachelorThesis/rust/../instances/n5000_test468.csv,7757417,false
/Users/Vanessa/git/BachelorThesis/rust/../instances/n5000_test469.csv,8463083,false
/Users/Vanessa/git/BachelorThesis/rust/../instances/n5000_test47.csv,7589334,false
/Users/Vanessa/git/BachelorThesis/rust/../instances/n5000_test470.csv,7965625,false
/Users/Vanessa/git/BachelorThesis/rust/../instances/n5000_test471.csv,7909375,false
/Users/Vanessa/git/BachelorThesis/rust/../instances/n5000_test472.csv,7631166,false
/Users/Vanessa/git/BachelorThesis/rust/../instances/n5000_test473.csv,7615042,true
/Users/Vanessa/git/BachelorThesis/rust/../instances/n5000_test474.csv,7789500,false
/Users/Vanessa/git/BachelorThesis/rust/../instances/n5000_test475.csv,7720500,false
/Users/Vanessa/git/BachelorThesis/rust/../instances/n5000_test476.csv,7664000,false
/Users/Vanessa/git/BachelorThesis/rust/../instances/n5000_test477.csv,8063375,false
/Users/Vanessa/git/BachelorThesis/rust/../instances/n5000_test478.csv,7951459,false
/Users/Vanessa/git/BachelorThesis/rust/../instances/n5000_test479.csv,8004417,false
/Users/Vanessa/git/BachelorThesis/rust/../instances/n5000_test48.csv,8099209,false
/Users/Vanessa/git/BachelorThesis/rust/../instances/n5000_test480.csv,8199417,true
/Users/Vanessa/git/BachelorThesis/rust/../instances/n5000_test481.csv,7841417,true
/Users/Vanessa/git/BachelorThesis/rust/../instances/n5000_test482.csv,8010208,true
/Users/Vanessa/git/BachelorThesis/rust/../instances/n5000_test483.csv,8080125,false
/Users/Vanessa/git/BachelorThesis/rust/../instances/n5000_test484.csv,8371417,true
/Users/Vanessa/git/BachelorThesis/rust/../instances/n5000_test485.csv,8964458,false
/Users/Vanessa/git/BachelorThesis/rust/../instances/n5000_test486.csv,8117959,true
/Users/Vanessa/git/BachelorThesis/rust/../instances/n5000_test487.csv,8120917,false
/Users/Vanessa/git/BachelorThesis/rust/../instances/n5000_test488.csv,8158167,true
/Users/Vanessa/git/BachelorThesis/rust/../instances/n5000_test489.csv,8261708,true
/Users/Vanessa/git/BachelorThesis/rust/../instances/n5000_test49.csv,8348875,true
/Users/Vanessa/git/BachelorThesis/rust/../instances/n5000_test490.csv,8565667,true
/Users/Vanessa/git/BachelorThesis/rust/../instances/n5000_test491.csv,7981750,true
/Users/Vanessa/git/BachelorThesis/rust/../instances/n5000_test492.csv,8101458,false
/Users/Vanessa/git/BachelorThesis/rust/../instances/n5000_test493.csv,8097958,true
/Users/Vanessa/git/BachelorThesis/rust/../instances/n5000_test494.csv,7915750,false
/Users/Vanessa/git/BachelorThesis/rust/../instances/n5000_test495.csv,8036792,true
/Users/Vanessa/git/BachelorThesis/rust/../instances/n5000_test496.csv,7983750,true
/Users/Vanessa/git/BachelorThesis/rust/../instances/n5000_test497.csv,8743000,false
/Users/Vanessa/git/BachelorThesis/rust/../instances/n5000_test498.csv,8650750,true
/Users/Vanessa/git/BachelorThesis/rust/../instances/n5000_test499.csv,8086333,false
/Users/Vanessa/git/BachelorThesis/rust/../instances/n5000_test5.csv,7968167,false
/Users/Vanessa/git/BachelorThesis/rust/../instances/n5000_test50.csv,8922584,false
/Users/Vanessa/git/BachelorThesis/rust/../instances/n5000_test500.csv,9603584,false
/Users/Vanessa/git/BachelorThesis/rust/../instances/n5000_test51.csv,7488125,true
/Users/Vanessa/git/BachelorThesis/rust/../instances/n5000_test52.csv,8444584,false
/Users/Vanessa/git/BachelorThesis/rust/../instances/n5000_test53.csv,8499917,false
/Users/Vanessa/git/BachelorThesis/rust/../instances/n5000_test54.csv,7785084,false
/Users/Vanessa/git/BachelorThesis/rust/../instances/n5000_test55.csv,7551375,false
/Users/Vanessa/git/BachelorThesis/rust/../instances/n5000_test56.csv,7455708,false
/Users/Vanessa/git/BachelorThesis/rust/../instances/n5000_test57.csv,902754000,false
/Users/Vanessa/git/BachelorThesis/rust/../instances/n5000_test58.csv,7624917,true
/Users/Vanessa/git/BachelorThesis/rust/../instances/n5000_test59.csv,7879625,false
/Users/Vanessa/git/BachelorThesis/rust/../instances/n5000_test6.csv,7818167,true
/Users/Vanessa/git/BachelorThesis/rust/../instances/n5000_test60.csv,8259542,false
/Users/Vanessa/git/BachelorThesis/rust/../instances/n5000_test61.csv,7803584,false
/Users/Vanessa/git/BachelorThesis/rust/../instances/n5000_test62.csv,7792542,true
/Users/Vanessa/git/BachelorThesis/rust/../instances/n5000_test63.csv,8112125,true
/Users/Vanessa/git/BachelorThesis/rust/../instances/n5000_test64.csv,7949667,false
/Users/Vanessa/git/BachelorThesis/rust/../instances/n5000_test65.csv,8056250,false
/Users/Vanessa/git/BachelorThesis/rust/../instances/n5000_test66.csv,8042458,false
/Users/Vanessa/git/BachelorThesis/rust/../instances/n5000_test67.csv,8009792,false
/Users/Vanessa/git/BachelorThesis/rust/../instances/n5000_test68.csv,8228791,true
/Users/Vanessa/git/BachelorThesis/rust/../instances/n5000_test69.csv,7930042,false
/Users/Vanessa/git/BachelorThesis/rust/../instances/n5000_test7.csv,7917416,true
/Users/Vanessa/git/BachelorThesis/rust/../instances/n5000_test70.csv,8356208,false
/Users/Vanessa/git/BachelorThesis/rust/../instances/n5000_test71.csv,8058667,false
/Users/Vanessa/git/BachelorThesis/rust/../instances/n5000_test72.csv,8121916,true
/Users/Vanessa/git/BachelorThesis/rust/../instances/n5000_test73.csv,8131834,false
/Users/Vanessa/git/BachelorThesis/rust/../instances/n5000_test74.csv,7917084,true
/Users/Vanessa/git/BachelorThesis/rust/../instances/n5000_test75.csv,7989250,true
/Users/Vanessa/git/BachelorThesis/rust/../instances/n5000_test76.csv,8003875,false
/Users/Vanessa/git/BachelorThesis/rust/../instances/n5000_test77.csv,8018417,false
/Users/Vanessa/git/BachelorThesis/rust/../instances/n5000_test78.csv,8008667,false
/Users/Vanessa/git/BachelorThesis/rust/../instances/n5000_test79.csv,8010417,true
/Users/Vanessa/git/BachelorThesis/rust/../instances/n5000_test8.csv,8026792,false
/Users/Vanessa/git/BachelorThesis/rust/../instances/n5000_test80.csv,8032792,false
/Users/Vanessa/git/BachelorThesis/rust/../instances/n5000_test81.csv,7962333,false
/Users/Vanessa/git/BachelorThesis/rust/../instances/n5000_test82.csv,7971334,true
/Users/Vanessa/git/BachelorThesis/rust/../instances/n5000_test83.csv,7792375,false
/Users/Vanessa/git/BachelorThesis/rust/../instances/n5000_test84.csv,7700041,true
/Users/Vanessa/git/BachelorThesis/rust/../instances/n5000_test85.csv,7748292,false
/Users/Vanessa/git/BachelorThesis/rust/../instances/n5000_test86.csv,7517833,true
/Users/Vanessa/git/BachelorThesis/rust/../instances/n5000_test87.csv,954721208,false
/Users/Vanessa/git/BachelorThesis/rust/../instances/n5000_test88.csv,8018167,true
/Users/Vanessa/git/BachelorThesis/rust/../instances/n5000_test89.csv,8009416,false
/Users/Vanessa/git/BachelorThesis/rust/../instances/n5000_test9.csv,8053042,true
/Users/Vanessa/git/BachelorThesis/rust/../instances/n5000_test90.csv,8081416,false
/Users/Vanessa/git/BachelorThesis/rust/../instances/n5000_test91.csv,7967208,false
/Users/Vanessa/git/BachelorThesis/rust/../instances/n5000_test92.csv,7994791,false
/Users/Vanessa/git/BachelorThesis/rust/../instances/n5000_test93.csv,8175834,true
/Users/Vanessa/git/BachelorThesis/rust/../instances/n5000_test94.csv,8060750,true
/Users/Vanessa/git/BachelorThesis/rust/../instances/n5000_test95.csv,8225458,false
/Users/Vanessa/git/BachelorThesis/rust/../instances/n5000_test96.csv,7960750,false
/Users/Vanessa/git/BachelorThesis/rust/../instances/n5000_test97.csv,7911709,false
/Users/Vanessa/git/BachelorThesis/rust/../instances/n5000_test98.csv,7964625,true
/Users/Vanessa/git/BachelorThesis/rust/../instances/n5000_test99.csv,7909167,false
/Users/Vanessa/git/BachelorThesis/rust/../instances/n500_test1.csv,54375,true
/Users/Vanessa/git/BachelorThesis/rust/../instances/n500_test10.csv,53667,false
/Users/Vanessa/git/BachelorThesis/rust/../instances/n500_test100.csv,40416,true
/Users/Vanessa/git/BachelorThesis/rust/../instances/n500_test101.csv,51833,false
/Users/Vanessa/git/BachelorThesis/rust/../instances/n500_test102.csv,41625,false
/Users/Vanessa/git/BachelorThesis/rust/../instances/n500_test103.csv,39125,true
/Users/Vanessa/git/BachelorThesis/rust/../instances/n500_test104.csv,38625,true
/Users/Vanessa/git/BachelorThesis/rust/../instances/n500_test105.csv,39833,false
/Users/Vanessa/git/BachelorThesis/rust/../instances/n500_test106.csv,45334,false
/Users/Vanessa/git/BachelorThesis/rust/../instances/n500_test107.csv,41500,true
/Users/Vanessa/git/BachelorThesis/rust/../instances/n500_test108.csv,38417,false
/Users/Vanessa/git/BachelorThesis/rust/../instances/n500_test109.csv,41292,true
/Users/Vanessa/git/BachelorThesis/rust/../instances/n500_test11.csv,44417,true
/Users/Vanessa/git/BachelorThesis/rust/../instances/n500_test110.csv,61542,true
/Users/Vanessa/git/BachelorThesis/rust/../instances/n500_test111.csv,41875,true
/Users/Vanessa/git/BachelorThesis/rust/../instances/n500_test112.csv,40500,false
/Users/Vanessa/git/BachelorThesis/rust/../instances/n500_test113.csv,42291,true
/Users/Vanessa/git/BachelorThesis/rust/../instances/n500_test114.csv,41292,false
/Users/Vanessa/git/BachelorThesis/rust/../instances/n500_test115.csv,49292,false
/Users/Vanessa/git/BachelorThesis/rust/../instances/n500_test116.csv,45334,true
/Users/Vanessa/git/BachelorThesis/rust/../instances/n500_test117.csv,41041,true
/Users/Vanessa/git/BachelorThesis/rust/../instances/n500_test118.csv,41375,true
/Users/Vanessa/git/BachelorThesis/rust/../instances/n500_test119.csv,40833,true
/Users/Vanessa/git/BachelorThesis/rust/../instances/n500_test12.csv,40291,false
/Users/Vanessa/git/BachelorThesis/rust/../instances/n500_test120.csv,47416,false
/Users/Vanessa/git/BachelorThesis/rust/../instances/n500_test121.csv,41709,true
/Users/Vanessa/git/BachelorThesis/rust/../instances/n500_test122.csv,39625,false
/Users/Vanessa/git/BachelorThesis/rust/../instances/n500_test123.csv,39500,false
/Users/Vanessa/git/BachelorThesis/rust/../instances/n500_test124.csv,40708,false
/Users/Vanessa/git/BachelorThesis/rust/../instances/n500_test125.csv,39916,false
/Users/Vanessa/git/BachelorThesis/rust/../instances/n500_test126.csv,39500,false
/Users/Vanessa/git/BachelorThesis/rust/../instances/n500_test127.csv,40042,true
/Users/Vanessa/git/BachelorThesis/rust/../instances/n500_test128.csv,41958,false
/Users/Vanessa/git/BachelorThesis/rust/../instances/n500_test129.csv,40708,false
/Users/Vanessa/git/BachelorThesis/rust/../instances/n500_test13.csv,41375,true
/Users/Vanessa/git/BachelorThesis/rust/../instances/n500_test130.csv,48292,false
/Users/Vanessa/git/BachelorThesis/rust/../instances/n500_test131.csv,68083,false
/Users/Vanessa/git/BachelorThesis/rust/../instances/n500_test132.csv,40792,false
/Users/Vanessa/git/BachelorThesis/rust/../instances/n500_test133.csv,40375,true
/Users/Vanessa/git/BachelorThesis/rust/../instances/n500_test134.csv,40583,true
/Users/Vanessa/git/BachelorThesis/rust/../instances/n500_test135.csv,41667,true
/Users/Vanessa/git/BachelorThesis/rust/../instances/n500_test136.csv,49375,true
/Users/Vanessa/git/BachelorThesis/rust/../instances/n500_test137.csv,43916,true
/Users/Vanessa/git/BachelorThesis/rust/../instances/n500_test138.csv,41417,false
/Users/Vanessa/git/BachelorThesis/rust/../instances/n500_test139.csv,50000,false
/Users/Vanessa/git/BachelorThesis/rust/../instances/n500_test14.csv,40958,true
/Users/Vanessa/git/BachelorThesis/rust/../instances/n500_test140.csv,40875,false
/Users/Vanessa/git/BachelorThesis/rust/../instances/n500_test141.csv,51417,true
/Users/Vanessa/git/BachelorThesis/rust/../instances/n500_test142.csv,43334,false
/Users/Vanessa/git/BachelorThesis/rust/../instances/n500_test143.csv,40541,true
/Users/Vanessa/git/BachelorThesis/rust/../instances/n500_test144.csv,41042,true
/Users/Vanessa/git/BachelorThesis/rust/../instances/n500_test145.csv,43000,false
/Users/Vanessa/git/BachelorThesis/rust/../instances/n500_test146.csv,41250,true
/Users/Vanessa/git/BachelorThesis/rust/../instances/n500_test147.csv,38750,true
/Users/Vanessa/git/BachelorThesis/rust/../instances/n500_test148.csv,41667,true
/Users/Vanessa/git/BachelorThesis/rust/../instances/n500_test149.csv,40166,false
/Users/Vanessa/git/BachelorThesis/rust/../instances/n500_test15.csv,41083,false
/Users/Vanessa/git/BachelorThesis/rust/../instances/n500_test150.csv,42500,false
/Users/Vanessa/git/BachelorThesis/rust/../instances/n500_test151.csv,49875,true
/Users/Vanessa/git/BachelorThesis/rust/../instances/n500_test152.csv,57500,true
/Users/Vanessa/git/BachelorThesis/rust/../instances/n500_test153.csv,40167,false
/Users/Vanessa/git/BachelorThesis/rust/../instances/n500_test154.csv,39875,false
/Users/Vanessa/git/BachelorThesis/rust/../instances/n500_test155.csv,41750,false
/Users/Vanessa/git/BachelorThesis/rust/../instances/n500_test156.csv,39416,false
/Users/Vanessa/git/BachelorThesis/rust/../instances/n500_test157.csv,40542,true
/Users/Vanessa/git/BachelorThesis/rust/../instances/n500_test158.csv,41250,true
/Users/Vanessa/git/BachelorThesis/rust/../instances/n500_test159.csv,41291,true
/Users/Vanessa/git/BachelorThesis/rust/../instances/n500_test16.csv,1007375,true
/Users/Vanessa/git/BachelorThesis/rust/../instances/n500_test160.csv,58833,true
/Users/Vanessa/git/BachelorThesis/rust/../instances/n500_test161.csv,97000,false
/Users/Vanessa/git/BachelorThesis/rust/../instances/n500_test162.csv,58166,true
/Users/Vanessa/git/BachelorThesis/rust/../instances/n500_test163.csv,57375,false
/Users/Vanessa/git/BachelorThesis/rust/../instances/n500_test164.csv,62083,true
/Users/Vanessa/git/BachelorThesis/rust/../instances/n500_test165.csv,60916,true
/Users/Vanessa/git/BachelorThesis/rust/../instances/n500_test166.csv,83791,false
/Users/Vanessa/git/BachelorThesis/rust/../instances/n500_test167.csv,69167,true
/Users/Vanessa/git/BachelorThesis/rust/../instances/n500_test168.csv,63708,false
/Users/Vanessa/git/BachelorThesis/rust/../instances/n500_test169.csv,60917,false
/Users/Vanessa/git/BachelorThesis/rust/../instances/n500_test17.csv,61542,true
/Users/Vanessa/git/BachelorThesis/rust/../instances/n500_test170.csv,62250,true
/Users/Vanessa/git/BachelorThesis/rust/../instances/n500_test171.csv,65542,false
/Users/Vanessa/git/BachelorThesis/rust/../instances/n500_test172.csv,59667,true
/Users/Vanessa/git/BachelorThesis/rust/../instances/n500_test173.csv,61167,true
/Users/Vanessa/git/BachelorThesis/rust/../instances/n500_test174.csv,58125,true
/Users/Vanessa/git/BachelorThesis/rust/../instances/n500_test175.csv,59125,false
/Users/Vanessa/git/BachelorThesis/rust/../instances/n500_test176.csv,59667,false
/Users/Vanessa/git/BachelorThesis/rust/../instances/n500_test177.csv,58833,false
/Users/Vanessa/git/BachelorThesis/rust/../instances/n500_test178.csv,62167,true
/Users/Vanessa/git/BachelorThesis/rust/../instances/n500_test179.csv,61541,true
/Users/Vanessa/git/BachelorThesis/rust/../instances/n500_test18.csv,61541,false
/Users/Vanessa/git/BachelorThesis/rust/../instances/n500_test180.csv,64875,true
/Users/Vanessa/git/BachelorThesis/rust/../instances/n500_test181.csv,84834,true
/Users/Vanessa/git/BachelorThesis/rust/../instances/n500_test182.csv,73875,true
/Users/Vanessa/git/BachelorThesis/rust/../instances/n500_test183.csv,59167,true
/Users/Vanessa/git/BachelorThesis/rust/../instances/n500_test184.csv,58375,true
/Users/Vanessa/git/BachelorThesis/rust/../instances/n500_test185.csv,60958,false
/Users/Vanessa/git/BachelorThesis/rust/../instances/n500_test186.csv,58875,true
/Users/Vanessa/git/BachelorThesis/rust/../instances/n500_test187.csv,62792,true
/Users/Vanessa/git/BachelorThesis/rust/../instances/n500_test188.csv,76708,false
/Users/Vanessa/git/BachelorThesis/rust/../instances/n500_test189.csv,61125,true
/Users/Vanessa/git/BachelorThesis/rust/../instances/n500_test19.csv,58542,false
/Users/Vanessa/git/BachelorThesis/rust/../instances/n500_test190.csv,63083,false
/Users/Vanessa/git/BachelorThesis/rust/../instances/n500_test191.csv,61708,false
/Users/Vanessa/git/BachelorThesis/rust/../instances/n500_test192.csv,58500,true
/Users/Vanessa/git/BachelorThesis/rust/../instances/n500_test193.csv,62000,false
/Users/Vanessa/git/BachelorThesis/rust/../instances/n500_test194.csv,66958,false
/Users/Vanessa/git/BachelorThesis/rust/../instances/n500_test195.csv,68416,true
/Users/Vanessa/git/BachelorThesis/rust/../instances/n500_test196.csv,65500,true
/Users/Vanessa/git/BachelorThesis/rust/../instances/n500_test197.csv,82625,true
/Users/Vanessa/git/BachelorThesis/rust/../instances/n500_test198.csv,157458,true
/Users/Vanessa/git/BachelorThesis/rust/../instances/n500_test199.csv,66458,true
/Users/Vanessa/git/BachelorThesis/rust/../instances/n500_test2.csv,67209,true
/Users/Vanessa/git/BachelorThesis/rust/../instances/n500_test20.csv,66417,true
/Users/Vanessa/git/BachelorThesis/rust/../instances/n500_test200.csv,68000,true
/Users/Vanessa/git/BachelorThesis/rust/../instances/n500_test201.csv,67417,true
/Users/Vanessa/git/BachelorThesis/rust/../instances/n500_test202.csv,82291,true
/Users/Vanessa/git/BachelorThesis/rust/../instances/n500_test203.csv,64917,false
/Users/Vanessa/git/BachelorThesis/rust/../instances/n500_test204.csv,67542,false
/Users/Vanessa/git/BachelorThesis/rust/../instances/n500_test205.csv,67250,false
/Users/Vanessa/git/BachelorThesis/rust/../instances/n500_test206.csv,68375,true
/Users/Vanessa/git/BachelorThesis/rust/../instances/n500_test207.csv,64792,true
/Users/Vanessa/git/BachelorThesis/rust/../instances/n500_test208.csv,65625,true
/Users/Vanessa/git/BachelorThesis/rust/../instances/n500_test209.csv,62375,true
/Users/Vanessa/git/BachelorThesis/rust/../instances/n500_test21.csv,63291,true
/Users/Vanessa/git/BachelorThesis/rust/../instances/n500_test210.csv,61667,true
/Users/Vanessa/git/BachelorThesis/rust/../instances/n500_test211.csv,86958,false
/Users/Vanessa/git/BachelorThesis/rust/../instances/n500_test212.csv,71000,false
/Users/Vanessa/git/BachelorThesis/rust/../instances/n500_test213.csv,62750,false
/Users/Vanessa/git/BachelorThesis/rust/../instances/n500_test214.csv,838667,true
/Users/Vanessa/git/BachelorThesis/rust/../instances/n500_test215.csv,54250,true
/Users/Vanessa/git/BachelorThesis/rust/../instances/n500_test216.csv,59458,true
/Users/Vanessa/git/BachelorThesis/rust/../instances/n500_test217.csv,54041,false
/Users/Vanessa/git/BachelorThesis/rust/../instances/n500_test218.csv,60667,true
/Users/Vanessa/git/BachelorThesis/rust/../instances/n500_test219.csv,59709,false
/Users/Vanessa/git/BachelorThesis/rust/../instances/n500_test22.csv,60000,true
/Users/Vanessa/git/BachelorThesis/rust/../instances/n500_test220.csv,61208,false
/Users/Vanessa/git/BachelorThesis/rust/../instances/n500_test221.csv,80750,true
/Users/Vanessa/git/BachelorThesis/rust/../instances/n500_test222.csv,65958,false
/Users/Vanessa/git/BachelorThesis/rust/../instances/n500_test223.csv,60542,false
/Users/Vanessa/git/BachelorThesis/rust/../instances/n500_test224.csv,58750,true
/Users/Vanessa/git/BachelorThesis/rust/../instances/n500_test225.csv,61750,true
/Users/Vanessa/git/BachelorThesis/rust/../instances/n500_test226.csv,61792,false
/Users/Vanessa/git/BachelorThesis/rust/../instances/n500_test227.csv,64000,true
/Users/Vanessa/git/BachelorThesis/rust/../instances/n500_test228.csv,61166,true
/Users/Vanessa/git/BachelorThesis/rust/../instances/n500_test229.csv,62667,true
/Users/Vanessa/git/BachelorThesis/rust/../instances/n500_test23.csv,61125,true
/Users/Vanessa/git/BachelorThesis/rust/../instances/n500_test230.csv,60583,true
/Users/Vanessa/git/BachelorThesis/rust/../instances/n500_test231.csv,60791,true
/Users/Vanessa/git/BachelorThesis/rust/../instances/n500_test232.csv,58375,true
/Users/Vanessa/git/BachelorThesis/rust/../instances/n500_test233.csv,74625,true
/Users/Vanessa/git/BachelorThesis/rust/../instances/n500_test234.csv,58791,false
/Users/Vanessa/git/BachelorThesis/rust/../instances/n500_test235.csv,59375,true
/Users/Vanessa/git/BachelorThesis/rust/../instances/n500_test236.csv,60500,false
/Users/Vanessa/git/BachelorThesis/rust/../instances/n500_test237.csv,80542,false
/Users/Vanessa/git/BachelorThesis/rust/../instances/n500_test238.csv,58209,true
/Users/Vanessa/git/BachelorThesis/rust/../instances/n500_test239.csv,60625,true
/Users/Vanessa/git/BachelorThesis/rust/../instances/n500_test24.csv,59500,true
/Users/Vanessa/git/BachelorThesis/rust/../instances/n500_test240.csv,60584,true
/Users/Vanessa/git/BachelorThesis/rust/../instances/n500_test241.csv,60583,true
/Users/Vanessa/git/BachelorThesis/rust/../instances/n500_test242.csv,83167,false
/Users/Vanessa/git/BachelorThesis/rust/../instances/n500_test243.csv,72792,false
/Users/Vanessa/git/BachelorThesis/rust/../instances/n500_test244.csv,833333,false
/Users/Vanessa/git/BachelorThesis/rust/../instances/n500_test245.csv,54667,false
/Users/Vanessa/git/BachelorThesis/rust/../instances/n500_test246.csv,52791,true
/Users/Vanessa/git/BachelorThesis/rust/../instances/n500_test247.csv,72791,true
/Users/Vanessa/git/BachelorThesis/rust/../instances/n500_test248.csv,84083,false
/Users/Vanessa/git/BachelorThesis/rust/../instances/n500_test249.csv,58958,true
/Users/Vanessa/git/BachelorThesis/rust/../instances/n500_test25.csv,58292,true
/Users/Vanessa/git/BachelorThesis/rust/../instances/n500_test250.csv,60750,true
/Users/Vanessa/git/BachelorThesis/rust/../instances/n500_test251.csv,59667,true
/Users/Vanessa/git/BachelorThesis/rust/../instances/n500_test252.csv,60791,true
/Users/Vanessa/git/BachelorThesis/rust/../instances/n500_test253.csv,63083,false
/Users/Vanessa/git/BachelorThesis/rust/../instances/n500_test254.csv,59167,false
/Users/Vanessa/git/BachelorThesis/rust/../instances/n500_test255.csv,58625,false
/Users/Vanessa/git/BachelorThesis/rust/../instances/n500_test256.csv,61916,true
/Users/Vanessa/git/BachelorThesis/rust/../instances/n500_test257.csv,60833,false
/Users/Vanessa/git/BachelorThesis/rust/../instances/n500_test258.csv,61833,true
/Users/Vanessa/git/BachelorThesis/rust/../instances/n500_test259.csv,62375,true
/Users/Vanessa/git/BachelorThesis/rust/../instances/n500_test26.csv,59250,false
/Users/Vanessa/git/BachelorThesis/rust/../instances/n500_test260.csv,58667,false
/Users/Vanessa/git/BachelorThesis/rust/../instances/n500_test261.csv,60042,false
/Users/Vanessa/git/BachelorThesis/rust/../instances/n500_test262.csv,78667,false
/Users/Vanessa/git/BachelorThesis/rust/../instances/n500_test263.csv,59042,true
/Users/Vanessa/git/BachelorThesis/rust/../instances/n500_test264.csv,61791,true
/Users/Vanessa/git/BachelorThesis/rust/../instances/n500_test265.csv,58917,false
/Users/Vanessa/git/BachelorThesis/rust/../instances/n500_test266.csv,65959,true
/Users/Vanessa/git/BachelorThesis/rust/../instances/n500_test267.csv,59666,true
/Users/Vanessa/git/BachelorThesis/rust/../instances/n500_test268.csv,80917,true
/Users/Vanessa/git/BachelorThesis/rust/../instances/n500_test269.csv,83083,true
/Users/Vanessa/git/BachelorThesis/rust/../instances/n500_test27.csv,64833,true
/Users/Vanessa/git/BachelorThesis/rust/../instances/n500_test270.csv,59625,false
/Users/Vanessa/git/BachelorThesis/rust/../instances/n500_test271.csv,59917,false
/Users/Vanessa/git/BachelorThesis/rust/../instances/n500_test272.csv,66375,true
/Users/Vanessa/git/BachelorThesis/rust/../instances/n500_test273.csv,78875,true
/Users/Vanessa/git/BachelorThesis/rust/../instances/n500_test274.csv,158666,false
/Users/Vanessa/git/BachelorThesis/rust/../instances/n500_test275.csv,60250,false
/Users/Vanessa/git/BachelorThesis/rust/../instances/n500_test276.csv,58125,true
/Users/Vanessa/git/BachelorThesis/rust/../instances/n500_test277.csv,59625,true
/Users/Vanessa/git/BachelorThesis/rust/../instances/n500_test278.csv,60709,false
/Users/Vanessa/git/BachelorThesis/rust/../instances/n500_test279.csv,67500,false
/Users/Vanessa/git/BachelorThesis/rust/../instances/n500_test28.csv,72542,true
/Users/Vanessa/git/BachelorThesis/rust/../instances/n500_test280.csv,59875,true
/Users/Vanessa/git/BachelorThesis/rust/../instances/n500_test281.csv,58750,true
/Users/Vanessa/git/BachelorThesis/rust/../instances/n500_test282.csv,62375,false
/Users/Vanessa/git/BachelorThesis/rust/../instances/n500_test283.csv,61208,true
/Users/Vanessa/git/BachelorThesis/rust/../instances/n500_test284.csv,59541,true
/Users/Vanessa/git/BachelorThesis/rust/../instances/n500_test285.csv,91750,true
/Users/Vanessa/git/BachelorThesis/rust/../instances/n500_test286.csv,62250,false
/Users/Vanessa/git/BachelorThesis/rust/../instances/n500_test287.csv,62334,true
/Users/Vanessa/git/BachelorThesis/rust/../instances/n500_test288.csv,66084,false
/Users/Vanessa/git/BachelorThesis/rust/../instances/n500_test289.csv,78583,false
/Users/Vanessa/git/BachelorThesis/rust/../instances/n500_test29.csv,59791,true
/Users/Vanessa/git/BachelorThesis/rust/../instances/n500_test290.csv,62458,true
/Users/Vanessa/git/BachelorThesis/rust/../instances/n500_test291.csv,66000,true
/Users/Vanessa/git/BachelorThesis/rust/../instances/n500_test292.csv,65167,false
/Users/Vanessa/git/BachelorThesis/rust/../instances/n500_test293.csv,63667,false
/Users/Vanessa/git/BachelorThesis/rust/../instances/n500_test294.csv,86375,false
/Users/Vanessa/git/BachelorThesis/rust/../instances/n500_test295.csv,61416,true
/Users/Vanessa/git/BachelorThesis/rust/../instances/n500_test296.csv,62083,true
/Users/Vanessa/git/BachelorThesis/rust/../instances/n500_test297.csv,59584,true
/Users/Vanessa/git/BachelorThesis/rust/../instances/n500_test298.csv,63792,true
/Users/Vanessa/git/BachelorThesis/rust/../instances/n500_test299.csv,61458,false
/Users/Vanessa/git/BachelorThesis/rust/../instances/n500_test3.csv,84250,true
/Users/Vanessa/git/BachelorThesis/rust/../instances/n500_test30.csv,59583,false
/Users/Vanessa/git/BachelorThesis/rust/../instances/n500_test300.csv,60417,true
/Users/Vanessa/git/BachelorThesis/rust/../instances/n500_test301.csv,60834,false
/Users/Vanessa/git/BachelorThesis/rust/../instances/n500_test302.csv,60500,true
/Users/Vanessa/git/BachelorThesis/rust/../instances/n500_test303.csv,61042,true
/Users/Vanessa/git/BachelorThesis/rust/../instances/n500_test304.csv,78625,true
/Users/Vanessa/git/BachelorThesis/rust/../instances/n500_test305.csv,72334,false
/Users/Vanessa/git/BachelorThesis/rust/../instances/n500_test306.csv,61375,true
/Users/Vanessa/git/BachelorThesis/rust/../instances/n500_test307.csv,57958,true
/Users/Vanessa/git/BachelorThesis/rust/../instances/n500_test308.csv,61375,true
/Users/Vanessa/git/BachelorThesis/rust/../instances/n500_test309.csv,59791,true
/Users/Vanessa/git/BachelorThesis/rust/../instances/n500_test31.csv,58167,false
/Users/Vanessa/git/BachelorThesis/rust/../instances/n500_test310.csv,92791,false
/Users/Vanessa/git/BachelorThesis/rust/../instances/n500_test311.csv,60583,false
/Users/Vanessa/git/BachelorThesis/rust/../instances/n500_test312.csv,59916,true
/Users/Vanessa/git/BachelorThesis/rust/../instances/n500_test313.csv,62333,false
/Users/Vanessa/git/BachelorThesis/rust/../instances/n500_test314.csv,77083,false
/Users/Vanessa/git/BachelorThesis/rust/../instances/n500_test315.csv,58833,false
/Users/Vanessa/git/BachelorThesis/rust/../instances/n500_test316.csv,56500,false
/Users/Vanessa/git/BachelorThesis/rust/../instances/n500_test317.csv,60625,false
/Users/Vanessa/git/BachelorThesis/rust/../instances/n500_test318.csv,62541,false
/Users/Vanessa/git/BachelorThesis/rust/../instances/n500_test319.csv,60834,true
/Users/Vanessa/git/BachelorThesis/rust/../instances/n500_test32.csv,77583,true
/Users/Vanessa/git/BachelorThesis/rust/../instances/n500_test320.csv,82541,false
/Users/Vanessa/git/BachelorThesis/rust/../instances/n500_test321.csv,59667,false
/Users/Vanessa/git/BachelorThesis/rust/../instances/n500_test322.csv,849209,false
/Users/Vanessa/git/BachelorThesis/rust/../instances/n500_test323.csv,52542,true
/Users/Vanessa/git/BachelorThesis/rust/../instances/n500_test324.csv,64417,false
/Users/Vanessa/git/BachelorThesis/rust/../instances/n500_test325.csv,69459,false
/Users/Vanessa/git/BachelorThesis/rust/../instances/n500_test326.csv,58125,true
/Users/Vanessa/git/BachelorThesis/rust/../instances/n500_test327.csv,59042,false
/Users/Vanessa/git/BachelorThesis/rust/../instances/n500_test328.csv,59250,true
/Users/Vanessa/git/BachelorThesis/rust/../instances/n500_test329.csv,59375,true
/Users/Vanessa/git/BachelorThesis/rust/../instances/n500_test33.csv,73834,false
/Users/Vanessa/git/BachelorThesis/rust/../instances/n500_test330.csv,68292,false
/Users/Vanessa/git/BachelorThesis/rust/../instances/n500_test331.csv,59500,false
/Users/Vanessa/git/BachelorThesis/rust/../instances/n500_test332.csv,62542,true
/Users/Vanessa/git/BachelorThesis/rust/../instances/n500_test333.csv,60792,true
/Users/Vanessa/git/BachelorThesis/rust/../instances/n500_test334.csv,883875,true
/Users/Vanessa/git/BachelorThesis/rust/../instances/n500_test335.csv,55250,false
/Users/Vanessa/git/BachelorThesis/rust/../instances/n500_test336.csv,57792,false
/Users/Vanessa/git/BachelorThesis/rust/../instances/n500_test337.csv,57666,false
/Users/Vanessa/git/BachelorThesis/rust/../instances/n500_test338.csv,59167,false
/Users/Vanessa/git/BachelorThesis/rust/../instances/n500_test339.csv,60583,false
/Users/Vanessa/git/BachelorThesis/rust/../instances/n500_test34.csv,64083,true
/Users/Vanessa/git/BachelorThesis/rust/../instances/n500_test340.csv,70875,true
/Users/Vanessa/git/BachelorThesis/rust/../instances/n500_test341.csv,67250,false
/Users/Vanessa/git/BachelorThesis/rust/../instances/n500_test342.csv,68000,true
/Users/Vanessa/git/BachelorThesis/rust/../instances/n500_test343.csv,70334,true
/Users/Vanessa/git/BachelorThesis/rust/../instances/n500_test344.csv,95083,true
/Users/Vanessa/git/BachelorThesis/rust/../instances/n500_test345.csv,143041,false
/Users/Vanessa/git/BachelorThesis/rust/../instances/n500_test346.csv,66292,false
/Users/Vanessa/git/BachelorThesis/rust/../instances/n500_test347.csv,68000,false
/Users/Vanessa/git/BachelorThesis/rust/../instances/n500_test348.csv,74958,false
/Users/Vanessa/git/BachelorThesis/rust/../instances/n500_test349.csv,88167,true
/Users/Vanessa/git/BachelorThesis/rust/../instances/n500_test35.csv,64083,true
/Users/Vanessa/git/BachelorThesis/rust/../instances/n500_test350.csv,65583,false
/Users/Vanessa/git/BachelorThesis/rust/../instances/n500_test351.csv,66084,false
/Users/Vanessa/git/BachelorThesis/rust/../instances/n500_test352.csv,72000,false
/Users/Vanessa/git/BachelorThesis/rust/../instances/n500_test353.csv,72875,false
/Users/Vanessa/git/BachelorThesis/rust/../instances/n500_test354.csv,67084,true
/Users/Vanessa/git/BachelorThesis/rust/../instances/n500_test355.csv,69334,true
/Users/Vanessa/git/BachelorThesis/rust/../instances/n500_test356.csv,63042,false
/Users/Vanessa/git/BachelorThesis/rust/../instances/n500_test357.csv,63125,true
/Users/Vanessa/git/BachelorThesis/rust/../instances/n500_test358.csv,68292,true
/Users/Vanessa/git/BachelorThesis/rust/../instances/n500_test359.csv,108219084,false
/Users/Vanessa/git/BachelorThesis/rust/../instances/n500_test36.csv,49583,false
/Users/Vanessa/git/BachelorThesis/rust/../instances/n500_test360.csv,874667,true
/Users/Vanessa/git/BachelorThesis/rust/../instances/n500_test361.csv,51583,false
/Users/Vanessa/git/BachelorThesis/rust/../instances/n500_test362.csv,57917,true
/Users/Vanessa/git/BachelorThesis/rust/../instances/n500_test363.csv,52916,true
/Users/Vanessa/git/BachelorThesis/rust/../instances/n500_test364.csv,55625,true
/Users/Vanessa/git/BachelorThesis/rust/../instances/n500_test365.csv,56625,false
/Users/Vanessa/git/BachelorThesis/rust/../instances/n500_test366.csv,58500,false
/Users/Vanessa/git/BachelorThesis/rust/../instances/n500_test367.csv,77334,false
/Users/Vanessa/git/BachelorThesis/rust/../instances/n500_test368.csv,71208,false
/Users/Vanessa/git/BachelorThesis/rust/../instances/n500_test369.csv,58292,true
/Users/Vanessa/git/BachelorThesis/rust/../instances/n500_test37.csv,61584,false
/Users/Vanessa/git/BachelorThesis/rust/../instances/n500_test370.csv,62458,false
/Users/Vanessa/git/BachelorThesis/rust/../instances/n500_test371.csv,60667,false
/Users/Vanessa/git/BachelorThesis/rust/../instances/n500_test372.csv,96000,true
/Users/Vanessa/git/BachelorThesis/rust/../instances/n500_test373.csv,63375,false
/Users/Vanessa/git/BachelorThesis/rust/../instances/n500_test374.csv,60541,false
/Users/Vanessa/git/BachelorThesis/rust/../instances/n500_test375.csv,63917,true
/Users/Vanessa/git/BachelorThesis/rust/../instances/n500_test376.csv,62959,true
/Users/Vanessa/git/BachelorThesis/rust/../instances/n500_test377.csv,61083,false
/Users/Vanessa/git/BachelorThesis/rust/../instances/n500_test378.csv,61459,false
/Users/Vanessa/git/BachelorThesis/rust/../instances/n500_test379.csv,64250,true
/Users/Vanessa/git/BachelorThesis/rust/../instances/n500_test38.csv,63042,true
/Users/Vanessa/git/BachelorThesis/rust/../instances/n500_test380.csv,62042,true
/Users/Vanessa/git/BachelorThesis/rust/../instances/n500_test381.csv,80500,true
/Users/Vanessa/git/BachelorThesis/rust/../instances/n500_test382.csv,65291,true
/Users/Vanessa/git/BachelorThesis/rust/../instances/n500_test383.csv,61083,false
/Users/Vanessa/git/BachelorThesis/rust/../instances/n500_test384.csv,70583,false
/Users/Vanessa/git/BachelorThesis/rust/../instances/n500_test385.csv,74000,false
/Users/Vanessa/git/BachelorThesis/rust/../instances/n500_test386.csv,89625,false
/Users/Vanessa/git/BachelorThesis/rust/../instances/n500_test387.csv,146417,false
/Users/Vanessa/git/BachelorThesis/rust/../instances/n500_test388.csv,1052708,true
/Users/Vanessa/git/BachelorThesis/rust/../instances/n500_test389.csv,68250,false
/Users/Vanessa/git/BachelorThesis/rust/../instances/n500_test39.csv,71875,true
/Users/Vanessa/git/BachelorThesis/rust/../instances/n500_test390.csv,88333,false
/Users/Vanessa/git/BachelorThesis/rust/../instances/n500_test391.csv,70334,true
/Users/Vanessa/git/BachelorThesis/rust/../instances/n500_test392.csv,89208,false
/Users/Vanessa/git/BachelorThesis/rust/../instances/n500_test393.csv,1426459,false
/Users/Vanessa/git/BachelorThesis/rust/../instances/n500_test394.csv,86250,false
/Users/Vanessa/git/BachelorThesis/rust/../instances/n500_test395.csv,188375,true
/Users/Vanessa/git/BachelorThesis/rust/../instances/n500_test396.csv,135791,false
/Users/Vanessa/git/BachelorThesis/rust/../instances/n500_test397.csv,92042,true
/Users/Vanessa/git/BachelorThesis/rust/../instances/n500_test398.csv,81292,false
/Users/Vanessa/git/BachelorThesis/rust/../instances/n500_test399.csv,84750,false
/Users/Vanessa/git/BachelorThesis/rust/../instances/n500_test4.csv,86542,false
/Users/Vanessa/git/BachelorThesis/rust/../instances/n500_test40.csv,98750,true
/Users/Vanessa/git/BachelorThesis/rust/../instances/n500_test400.csv,73500,true
/Users/Vanessa/git/BachelorThesis/rust/../instances/n500_test401.csv,929750,true
/Users/Vanessa/git/BachelorThesis/rust/../instances/n500_test402.csv,54750,true
/Users/Vanessa/git/BachelorThesis/rust/../instances/n500_test403.csv,56291,false
/Users/Vanessa/git/BachelorThesis/rust/../instances/n500_test404.csv,70583,true
/Users/Vanessa/git/BachelorThesis/rust/../instances/n500_test405.csv,65958,false
/Users/Vanessa/git/BachelorThesis/rust/../instances/n500_test406.csv,62209,true
/Users/Vanessa/git/BachelorThesis/rust/../instances/n500_test407.csv,59667,true
/Users/Vanessa/git/BachelorThesis/rust/../instances/n500_test408.csv,61167,true
/Users/Vanessa/git/BachelorThesis/rust/../instances/n500_test409.csv,64000,true
/Users/Vanessa/git/BachelorThesis/rust/../instances/n500_test41.csv,63792,true
/Users/Vanessa/git/BachelorThesis/rust/../instances/n500_test410.csv,111942250,false
/Users/Vanessa/git/BachelorThesis/rust/../instances/n500_test411.csv,63458,true
/Users/Vanessa/git/BachelorThesis/rust/../instances/n500_test412.csv,90917,true
/Users/Vanessa/git/BachelorThesis/rust/../instances/n500_test413.csv,70542,false
/Users/Vanessa/git/BachelorThesis/rust/../instances/n500_test414.csv,73417,false
/Users/Vanessa/git/BachelorThesis/rust/../instances/n500_test415.csv,76000,true
/Users/Vanessa/git/BachelorThesis/rust/../instances/n500_test416.csv,111667,true
/Users/Vanessa/git/BachelorThesis/rust/../instances/n500_test417.csv,155834,false
/Users/Vanessa/git/BachelorThesis/rust/../instances/n500_test418.csv,228417,false
/Users/Vanessa/git/BachelorThesis/rust/../instances/n500_test419.csv,284750,true
/Users/Vanessa/git/BachelorThesis/rust/../instances/n500_test42.csv,82417,false
/Users/Vanessa/git/BachelorThesis/rust/../instances/n500_test420.csv,79167,true
/Users/Vanessa/git/BachelorThesis/rust/../instances/n500_test421.csv,99958,false
/Users/Vanessa/git/BachelorThesis/rust/../instances/n500_test422.csv,91250,true
/Users/Vanessa/git/BachelorThesis/rust/../instances/n500_test423.csv,63292,true
/Users/Vanessa/git/BachelorThesis/rust/../instances/n500_test424.csv,62417,true
/Users/Vanessa/git/BachelorThesis/rust/../instances/n500_test425.csv,65083,false
/Users/Vanessa/git/BachelorThesis/rust/../instances/n500_test426.csv,79625,true
/Users/Vanessa/git/BachelorThesis/rust/../instances/n500_test427.csv,85375,false
/Users/Vanessa/git/BachelorThesis/rust/../instances/n500_test428.csv,63458,false
/Users/Vanessa/git/BachelorThesis/rust/../instances/n500_test429.csv,62917,true
/Users/Vanessa/git/BachelorThesis/rust/../instances/n500_test43.csv,65250,false
/Users/Vanessa/git/BachelorThesis/rust/../instances/n500_test430.csv,64583,false
/Users/Vanessa/git/BachelorThesis/rust/../instances/n500_test431.csv,62042,false
/Users/Vanessa/git/BachelorThesis/rust/../instances/n500_test432.csv,62041,false
/Users/Vanessa/git/BachelorThesis/rust/../instances/n500_test433.csv,62458,false
/Users/Vanessa/git/BachelorThesis/rust/../instances/n500_test434.csv,64875,true
/Users/Vanessa/git/BachelorThesis/rust/../instances/n500_test435.csv,63584,true
/Users/Vanessa/git/BachelorThesis/rust/../instances/n500_test436.csv,63917,false
/Users/Vanessa/git/BachelorThesis/rust/../instances/n500_test437.csv,68583,true
/Users/Vanessa/git/BachelorThesis/rust/../instances/n500_test438.csv,64083,false
/Users/Vanessa/git/BachelorThesis/rust/../instances/n500_test439.csv,64042,false
/Users/Vanessa/git/BachelorThesis/rust/../instances/n500_test44.csv,62500,true
/Users/Vanessa/git/BachelorThesis/rust/../instances/n500_test440.csv,952875,false
/Users/Vanessa/git/BachelorThesis/rust/../instances/n500_test441.csv,56917,false
/Users/Vanessa/git/BachelorThesis/rust/../instances/n500_test442.csv,58000,true
/Users/Vanessa/git/BachelorThesis/rust/../instances/n500_test443.csv,59667,true
/Users/Vanessa/git/BachelorThesis/rust/../instances/n500_test444.csv,63875,false
/Users/Vanessa/git/BachelorThesis/rust/../instances/n500_test445.csv,1304292,true
/Users/Vanessa/git/BachelorThesis/rust/../instances/n500_test446.csv,56666,true
/Users/Vanessa/git/BachelorThesis/rust/../instances/n500_test447.csv,63125,true
/Users/Vanessa/git/BachelorThesis/rust/../instances/n500_test448.csv,61083,true
/Users/Vanessa/git/BachelorThesis/rust/../instances/n500_test449.csv,60584,false
/Users/Vanessa/git/BachelorThesis/rust/../instances/n500_test45.csv,134584,false
/Users/Vanessa/git/BachelorThesis/rust/../instances/n500_test450.csv,61000,false
/Users/Vanessa/git/BachelorThesis/rust/../instances/n500_test451.csv,61167,true
/Users/Vanessa/git/BachelorThesis/rust/../instances/n500_test452.csv,62500,true
/Users/Vanessa/git/BachelorThesis/rust/../instances/n500_test453.csv,63542,false
/Users/Vanessa/git/BachelorThesis/rust/../instances/n500_test454.csv,59916,true
/Users/Vanessa/git/BachelorThesis/rust/../instances/n500_test455.csv,63667,true
/Users/Vanessa/git/BachelorThesis/rust/../instances/n500_test456.csv,61417,false
/Users/Vanessa/git/BachelorThesis/rust/../instances/n500_test457.csv,66042,true
/Users/Vanessa/git/BachelorThesis/rust/../instances/n500_test458.csv,61667,true
/Users/Vanessa/git/BachelorThesis/rust/../instances/n500_test459.csv,64792,true
/Users/Vanessa/git/BachelorThesis/rust/../instances/n500_test46.csv,63291,true
/Users/Vanessa/git/BachelorThesis/rust/../instances/n500_test460.csv,61750,false
/Users/Vanessa/git/BachelorThesis/rust/../instances/n500_test461.csv,62542,false
/Users/Vanessa/git/BachelorThesis/rust/../instances/n500_test462.csv,62375,false
/Users/Vanessa/git/BachelorThesis/rust/../instances/n500_test463.csv,79458,true
/Users/Vanessa/git/BachelorThesis/rust/../instances/n500_test464.csv,93958,false
/Users/Vanessa/git/BachelorThesis/rust/../instances/n500_test465.csv,62542,true
/Users/Vanessa/git/BachelorThesis/rust/../instances/n500_test466.csv,63459,true
/Users/Vanessa/git/BachelorThesis/rust/../instances/n500_test467.csv,61792,false
/Users/Vanessa/git/BachelorThesis/rust/../instances/n500_test468.csv,78792,true
/Users/Vanessa/git/BachelorThesis/rust/../instances/n500_test469.csv,78500,true
/Users/Vanessa/git/BachelorThesis/rust/../instances/n500_test47.csv,60417,true
/Users/Vanessa/git/BachelorThesis/rust/../instances/n500_test470.csv,59667,false
/Users/Vanessa/git/BachelorThesis/rust/../instances/n500_test471.csv,66250,false
/Users/Vanessa/git/BachelorThesis/rust/../instances/n500_test472.csv,61208,false
/Users/Vanessa/git/BachelorThesis/rust/../instances/n500_test473.csv,64000,false
/Users/Vanessa/git/BachelorThesis/rust/../instances/n500_test474.csv,62667,true
/Users/Vanessa/git/BachelorThesis/rust/../instances/n500_test475.csv,61583,true
/Users/Vanessa/git/BachelorThesis/rust/../instances/n500_test476.csv,62167,true
/Users/Vanessa/git/BachelorThesis/rust/../instances/n500_test477.csv,62750,true
/Users/Vanessa/git/BachelorThesis/rust/../instances/n500_test478.csv,84250,false
/Users/Vanessa/git/BachelorThesis/rust/../instances/n500_test479.csv,100917,false
/Users/Vanessa/git/BachelorThesis/rust/../instances/n500_test48.csv,62125,true
/Users/Vanessa/git/BachelorThesis/rust/../instances/n500_test480.csv,62500,true
/Users/Vanessa/git/BachelorThesis/rust/../instances/n500_test481.csv,62292,true
/Users/Vanessa/git/BachelorThesis/rust/../instances/n500_test482.csv,63000,true
/Users/Vanessa/git/BachelorThesis/rust/../instances/n500_test483.csv,59334,true
/Users/Vanessa/git/BachelorThesis/rust/../instances/n500_test484.csv,61334,false
/Users/Vanessa/git/BachelorThesis/rust/../instances/n500_test485.csv,60583,true
/Users/Vanessa/git/BachelorThesis/rust/../instances/n500_test486.csv,63375,true
/Users/Vanessa/git/BachelorThesis/rust/../instances/n500_test487.csv,60750,true
/Users/Vanessa/git/BachelorThesis/rust/../instances/n500_test488.csv,64959,true
/Users/Vanessa/git/BachelorThesis/rust/../instances/n500_test489.csv,97833,true
/Users/Vanessa/git/BachelorThesis/rust/../instances/n500_test49.csv,65208,true
/Users/Vanessa/git/BachelorThesis/rust/../instances/n500_test490.csv,63500,false
/Users/Vanessa/git/BachelorThesis/rust/../instances/n500_test491.csv,62208,true
/Users/Vanessa/git/BachelorThesis/rust/../instances/n500_test492.csv,81208,false
/Users/Vanessa/git/BachelorThesis/rust/../instances/n500_test493.csv,111916,false
/Users/Vanessa/git/BachelorThesis/rust/../instances/n500_test494.csv,61458,true
/Users/Vanessa/git/BachelorThesis/rust/../instances/n500_test495.csv,62250,false
/Users/Vanessa/git/BachelorThesis/rust/../instances/n500_test496.csv,64125,true
/Users/Vanessa/git/BachelorThesis/rust/../instances/n500_test497.csv,61541,false
/Users/Vanessa/git/BachelorThesis/rust/../instances/n500_test498.csv,58166,true
/Users/Vanessa/git/BachelorThesis/rust/../instances/n500_test499.csv,94625,false
/Users/Vanessa/git/BachelorThesis/rust/../instances/n500_test5.csv,59708,true
/Users/Vanessa/git/BachelorThesis/rust/../instances/n500_test50.csv,62500,false
/Users/Vanessa/git/BachelorThesis/rust/../instances/n500_test500.csv,62250,false
/Users/Vanessa/git/BachelorThesis/rust/../instances/n500_test51.csv,76583,true
/Users/Vanessa/git/BachelorThesis/rust/../instances/n500_test52.csv,944333,true
/Users/Vanessa/git/BachelorThesis/rust/../instances/n500_test53.csv,53750,false
/Users/Vanessa/git/BachelorThesis/rust/../instances/n500_test54.csv,54833,true
/Users/Vanessa/git/BachelorThesis/rust/../instances/n500_test55.csv,55875,true
/Users/Vanessa/git/BachelorThesis/rust/../instances/n500_test56.csv,68083,false
/Users/Vanessa/git/BachelorThesis/rust/../instances/n500_test57.csv,66708,true
/Users/Vanessa/git/BachelorThesis/rust/../instances/n500_test58.csv,60167,true
/Users/Vanessa/git/BachelorThesis/rust/../instances/n500_test59.csv,60875,true
/Users/Vanessa/git/BachelorThesis/rust/../instances/n500_test6.csv,61917,false
/Users/Vanessa/git/BachelorThesis/rust/../instances/n500_test60.csv,60167,true
/Users/Vanessa/git/BachelorThesis/rust/../instances/n500_test61.csv,69750,false
/Users/Vanessa/git/BachelorThesis/rust/../instances/n500_test62.csv,62750,false
/Users/Vanessa/git/BachelorThesis/rust/../instances/n500_test63.csv,60375,true
/Users/Vanessa/git/BachelorThesis/rust/../instances/n500_test64.csv,62416,true
/Users/Vanessa/git/BachelorThesis/rust/../instances/n500_test65.csv,62834,false
/Users/Vanessa/git/BachelorThesis/rust/../instances/n500_test66.csv,63000,true
/Users/Vanessa/git/BachelorThesis/rust/../instances/n500_test67.csv,70291,false
/Users/Vanessa/git/BachelorThesis/rust/../instances/n500_test68.csv,905250,false
/Users/Vanessa/git/BachelorThesis/rust/../instances/n500_test69.csv,54542,true
/Users/Vanessa/git/BachelorThesis/rust/../instances/n500_test7.csv,56375,true
/Users/Vanessa/git/BachelorThesis/rust/../instances/n500_test70.csv,56917,false
/Users/Vanessa/git/BachelorThesis/rust/../instances/n500_test71.csv,95750,true
/Users/Vanessa/git/BachelorThesis/rust/../instances/n500_test72.csv,57875,false
/Users/Vanessa/git/BachelorThesis/rust/../instances/n500_test73.csv,61208,false
/Users/Vanessa/git/BachelorThesis/rust/../instances/n500_test74.csv,62542,false
/Users/Vanessa/git/BachelorThesis/rust/../instances/n500_test75.csv,78666,true
/Users/Vanessa/git/BachelorThesis/rust/../instances/n500_test76.csv,79458,false
/Users/Vanessa/git/BachelorThesis/rust/../instances/n500_test77.csv,57917,false
/Users/Vanessa/git/BachelorThesis/rust/../instances/n500_test78.csv,63583,true
/Users/Vanessa/git/BachelorThesis/rust/../instances/n500_test79.csv,61333,false
/Users/Vanessa/git/BachelorThesis/rust/../instances/n500_test8.csv,60958,false
/Users/Vanessa/git/BachelorThesis/rust/../instances/n500_test80.csv,78458,false
/Users/Vanessa/git/BachelorThesis/rust/../instances/n500_test81.csv,84250,false
/Users/Vanessa/git/BachelorThesis/rust/../instances/n500_test82.csv,61834,true
/Users/Vanessa/git/BachelorThesis/rust/../instances/n500_test83.csv,63500,true
/Users/Vanessa/git/BachelorThesis/rust/../instances/n500_test84.csv,63750,true
/Users/Vanessa/git/BachelorThesis/rust/../instances/n500_test85.csv,79958,true
/Users/Vanessa/git/BachelorThesis/rust/../instances/n500_test86.csv,64875,false
/Users/Vanessa/git/BachelorThesis/rust/../instances/n500_test87.csv,62750,false
/Users/Vanessa/git/BachelorThesis/rust/../instances/n500_test88.csv,62292,true
/Users/Vanessa/git/BachelorThesis/rust/../instances/n500_test89.csv,64666,false
/Users/Vanessa/git/BachelorThesis/rust/../instances/n500_test9.csv,61458,false
/Users/Vanessa/git/BachelorThesis/rust/../instances/n500_test90.csv,64625,true
/Users/Vanessa/git/BachelorThesis/rust/../instances/n500_test91.csv,63916,true
/Users/Vanessa/git/BachelorThesis/rust/../instances/n500_test92.csv,61625,true
/Users/Vanessa/git/BachelorThesis/rust/../instances/n500_test93.csv,65834,true
/Users/Vanessa/git/BachelorThesis/rust/../instances/n500_test94.csv,65417,false
/Users/Vanessa/git/BachelorThesis/rust/../instances/n500_test95.csv,79208,true
/Users/Vanessa/git/BachelorThesis/rust/../instances/n500_test96.csv,131292,true
/Users/Vanessa/git/BachelorThesis/rust/../instances/n500_test97.csv,63000,false
/Users/Vanessa/git/BachelorThesis/rust/../instances/n500_test98.csv,60000,false
/Users/Vanessa/git/BachelorThesis/rust/../instances/n500_test99.csv,63500,false
/Users/Vanessa/git/BachelorThesis/rust/../instances/n50_test1.csv,1458,false
/Users/Vanessa/git/BachelorThesis/rust/../instances/n50_test10.csv,1000,false
/Users/Vanessa/git/BachelorThesis/rust/../instances/n50_test100.csv,1000,false
/Users/Vanessa/git/BachelorThesis/rust/../instances/n50_test101.csv,1083,true
/Users/Vanessa/git/BachelorThesis/rust/../instances/n50_test102.csv,1084,false
/Users/Vanessa/git/BachelorThesis/rust/../instances/n50_test103.csv,917,false
/Users/Vanessa/git/BachelorThesis/rust/../instances/n50_test104.csv,958,false
/Users/Vanessa/git/BachelorThesis/rust/../instances/n50_test105.csv,1041,false
/Users/Vanessa/git/BachelorThesis/rust/../instances/n50_test106.csv,875,false
/Users/Vanessa/git/BachelorThesis/rust/../instances/n50_test107.csv,1166,true
/Users/Vanessa/git/BachelorThesis/rust/../instances/n50_test108.csv,1166,true
/Users/Vanessa/git/BachelorThesis/rust/../instances/n50_test109.csv,5834,true
/Users/Vanessa/git/BachelorThesis/rust/../instances/n50_test11.csv,1000,true
/Users/Vanessa/git/BachelorThesis/rust/../instances/n50_test110.csv,305542,false
/Users/Vanessa/git/BachelorThesis/rust/../instances/n50_test111.csv,1042,false
/Users/Vanessa/git/BachelorThesis/rust/../instances/n50_test112.csv,1209,false
/Users/Vanessa/git/BachelorThesis/rust/../instances/n50_test113.csv,1208,false
/Users/Vanessa/git/BachelorThesis/rust/../instances/n50_test114.csv,7042,false
/Users/Vanessa/git/BachelorThesis/rust/../instances/n50_test115.csv,1042,false
/Users/Vanessa/git/BachelorThesis/rust/../instances/n50_test116.csv,1208,true
/Users/Vanessa/git/BachelorThesis/rust/../instances/n50_test117.csv,1000,false
/Users/Vanessa/git/BachelorThesis/rust/../instances/n50_test118.csv,875,false
/Users/Vanessa/git/BachelorThesis/rust/../instances/n50_test119.csv,959,false
/Users/Vanessa/git/BachelorThesis/rust/../instances/n50_test12.csv,6917,true
/Users/Vanessa/git/BachelorThesis/rust/../instances/n50_test120.csv,1250,true
/Users/Vanessa/git/BachelorThesis/rust/../instances/n50_test121.csv,1166,true
/Users/Vanessa/git/BachelorThesis/rust/../instances/n50_test122.csv,311334,false
/Users/Vanessa/git/BachelorThesis/rust/../instances/n50_test123.csv,1000,true
/Users/Vanessa/git/BachelorThesis/rust/../instances/n50_test124.csv,1250,true
/Users/Vanessa/git/BachelorThesis/rust/../instances/n50_test125.csv,1250,false
/Users/Vanessa/git/BachelorThesis/rust/../instances/n50_test126.csv,1041,true
/Users/Vanessa/git/BachelorThesis/rust/../instances/n50_test127.csv,916,true
/Users/Vanessa/git/BachelorThesis/rust/../instances/n50_test128.csv,1666,true
/Users/Vanessa/git/BachelorThesis/rust/../instances/n50_test129.csv,1000,false
/Users/Vanessa/git/BachelorThesis/rust/../instances/n50_test13.csv,916,true
/Users/Vanessa/git/BachelorThesis/rust/../instances/n50_test130.csv,1125,true
/Users/Vanessa/git/BachelorThesis/rust/../instances/n50_test131.csv,1417,false
/Users/Vanessa/git/BachelorThesis/rust/../instances/n50_test132.csv,916,true
/Users/Vanessa/git/BachelorThesis/rust/../instances/n50_test133.csv,1250,true
/Users/Vanessa/git/BachelorThesis/rust/../instances/n50_test134.csv,1000,false
/Users/Vanessa/git/BachelorThesis/rust/../instances/n50_test135.csv,1000,false
/Users/Vanessa/git/BachelorThesis/rust/../instances/n50_test136.csv,1167,true
/Users/Vanessa/git/BachelorThesis/rust/../instances/n50_test137.csv,7375,true
/Users/Vanessa/git/BachelorThesis/rust/../instances/n50_test138.csv,1250,false
/Users/Vanessa/git/BachelorThesis/rust/../instances/n50_test139.csv,1125,false
/Users/Vanessa/git/BachelorThesis/rust/../instances/n50_test14.csv,916,true
/Users/Vanessa/git/BachelorThesis/rust/../instances/n50_test140.csv,1083,false
/Users/Vanessa/git/BachelorThesis/rust/../instances/n50_test141.csv,1042,false
/Users/Vanessa/git/BachelorThesis/rust/../instances/n50_test142.csv,1208,true
/Users/Vanessa/git/BachelorThesis/rust/../instances/n50_test143.csv,917,false
/Users/Vanessa/git/BachelorThesis/rust/../instances/n50_test144.csv,833,false
/Users/Vanessa/git/BachelorThesis/rust/../instances/n50_test145.csv,6875,false
/Users/Vanessa/git/BachelorThesis/rust/../instances/n50_test146.csv,1208,true
/Users/Vanessa/git/BachelorThesis/rust/../instances/n50_test147.csv,1291,true
/Users/Vanessa/git/BachelorThesis/rust/../instances/n50_test148.csv,958,false
/Users/Vanessa/git/BachelorThesis/rust/../instances/n50_test149.csv,1167,true
/Users/Vanessa/git/BachelorThesis/rust/../instances/n50_test15.csv,6833,false
/Users/Vanessa/git/BachelorThesis/rust/../instances/n50_test150.csv,1083,true
/Users/Vanessa/git/BachelorThesis/rust/../instances/n50_test151.csv,1208,true
/Users/Vanessa/git/BachelorThesis/rust/../instances/n50_test152.csv,6459,true
/Users/Vanessa/git/BachelorThesis/rust/../instances/n50_test153.csv,1000,false
/Users/Vanessa/git/BachelorThesis/rust/../instances/n50_test154.csv,6792,false
/Users/Vanessa/git/BachelorThesis/rust/../instances/n50_test155.csv,1125,true
/Users/Vanessa/git/BachelorThesis/rust/../instances/n50_test156.csv,1084,true
/Users/Vanessa/git/BachelorThesis/rust/../instances/n50_test157.csv,1291,true
/Users/Vanessa/git/BachelorThesis/rust/../instances/n50_test158.csv,1125,false
/Users/Vanessa/git/BachelorThesis/rust/../instances/n50_test159.csv,1250,true
/Users/Vanessa/git/BachelorThesis/rust/../instances/n50_test16.csv,1166,false
/Users/Vanessa/git/BachelorThesis/rust/../instances/n50_test160.csv,1042,false
/Users/Vanessa/git/BachelorThesis/rust/../instances/n50_test161.csv,1209,true
/Users/Vanessa/git/BachelorThesis/rust/../instances/n50_test162.csv,1166,false
/Users/Vanessa/git/BachelorThesis/rust/../instances/n50_test163.csv,1000,true
/Users/Vanessa/git/BachelorThesis/rust/../instances/n50_test164.csv,875,false
/Users/Vanessa/git/BachelorThesis/rust/../instances/n50_test165.csv,1000,false
/Users/Vanessa/git/BachelorThesis/rust/../instances/n50_test166.csv,958,false
/Users/Vanessa/git/BachelorThesis/rust/../instances/n50_test167.csv,1250,true
/Users/Vanessa/git/BachelorThesis/rust/../instances/n50_test168.csv,1167,false
/Users/Vanessa/git/BachelorThesis/rust/../instances/n50_test169.csv,1000,false
/Users/Vanessa/git/BachelorThesis/rust/../instances/n50_test17.csv,1125,true
/Users/Vanessa/git/BachelorThesis/rust/../instances/n50_test170.csv,1250,true
/Users/Vanessa/git/BachelorThesis/rust/../instances/n50_test171.csv,917,true
/Users/Vanessa/git/BachelorThesis/rust/../instances/n50_test172.csv,1167,true
/Users/Vanessa/git/BachelorThesis/rust/../instances/n50_test173.csv,1084,true
/Users/Vanessa/git/BachelorThesis/rust/../instances/n50_test174.csv,1042,true
/Users/Vanessa/git/BachelorThesis/rust/../instances/n50_test175.csv,6833,false
/Users/Vanessa/git/BachelorThesis/rust/../instances/n50_test176.csv,917,true
/Users/Vanessa/git/BachelorThesis/rust/../instances/n50_test177.csv,1083,true
/Users/Vanessa/git/BachelorThesis/rust/../instances/n50_test178.csv,959,true
/Users/Vanessa/git/BachelorThesis/rust/../instances/n50_test179.csv,1375,false
/Users/Vanessa/git/BachelorThesis/rust/../instances/n50_test18.csv,1084,false
/Users/Vanessa/git/BachelorThesis/rust/../instances/n50_test180.csv,958,false
/Users/Vanessa/git/BachelorThesis/rust/../instances/n50_test181.csv,1166,true
/Users/Vanessa/git/BachelorThesis/rust/../instances/n50_test182.csv,916,true
/Users/Vanessa/git/BachelorThesis/rust/../instances/n50_test183.csv,7084,false
/Users/Vanessa/git/BachelorThesis/rust/../instances/n50_test184.csv,1042,true
/Users/Vanessa/git/BachelorThesis/rust/../instances/n50_test185.csv,1083,false
/Users/Vanessa/git/BachelorThesis/rust/../instances/n50_test186.csv,1292,true
/Users/Vanessa/git/BachelorThesis/rust/../instances/n50_test187.csv,958,false
/Users/Vanessa/git/BachelorThesis/rust/../instances/n50_test188.csv,7084,true
/Users/Vanessa/git/BachelorThesis/rust/../instances/n50_test189.csv,1250,false
/Users/Vanessa/git/BachelorThesis/rust/../instances/n50_test19.csv,1292,true
/Users/Vanessa/git/BachelorThesis/rust/../instances/n50_test190.csv,1000,true
/Users/Vanessa/git/BachelorThesis/rust/../instances/n50_test191.csv,1250,false
/Users/Vanessa/git/BachelorThesis/rust/../instances/n50_test192.csv,959,false
/Users/Vanessa/git/BachelorThesis/rust/../instances/n50_test193.csv,302667,false
/Users/Vanessa/git/BachelorThesis/rust/../instances/n50_test194.csv,4875,false
/Users/Vanessa/git/BachelorThesis/rust/../instances/n50_test195.csv,1083,true
/Users/Vanessa/git/BachelorThesis/rust/../instances/n50_test196.csv,916,false
/Users/Vanessa/git/BachelorThesis/rust/../instances/n50_test197.csv,875,true
/Users/Vanessa/git/BachelorThesis/rust/../instances/n50_test198.csv,959,false
/Users/Vanessa/git/BachelorThesis/rust/../instances/n50_test199.csv,1000,true
/Users/Vanessa/git/BachelorThesis/rust/../instances/n50_test2.csv,1041,true
/Users/Vanessa/git/BachelorThesis/rust/../instances/n50_test20.csv,875,false
/Users/Vanessa/git/BachelorThesis/rust/../instances/n50_test200.csv,1042,true
/Users/Vanessa/git/BachelorThesis/rust/../instances/n50_test201.csv,1042,false
/Users/Vanessa/git/BachelorThesis/rust/../instances/n50_test202.csv,958,false
/Users/Vanessa/git/BachelorThesis/rust/../instances/n50_test203.csv,916,true
/Users/Vanessa/git/BachelorThesis/rust/../instances/n50_test204.csv,834,false
/Users/Vanessa/git/BachelorThesis/rust/../instances/n50_test205.csv,1083,true
/Users/Vanessa/git/BachelorThesis/rust/../instances/n50_test206.csv,1083,false
/Users/Vanessa/git/BachelorThesis/rust/../instances/n50_test207.csv,1125,true
/Users/Vanessa/git/BachelorThesis/rust/../instances/n50_test208.csv,1167,false
/Users/Vanessa/git/BachelorThesis/rust/../instances/n50_test209.csv,1167,true
/Users/Vanessa/git/BachelorThesis/rust/../instances/n50_test21.csv,1000,true
/Users/Vanessa/git/BachelorThesis/rust/../instances/n50_test210.csv,917,true
/Users/Vanessa/git/BachelorThesis/rust/../instances/n50_test211.csv,1125,true
/Users/Vanessa/git/BachelorThesis/rust/../instances/n50_test212.csv,958,false
/Users/Vanessa/git/BachelorThesis/rust/../instances/n50_test213.csv,833,false
/Users/Vanessa/git/BachelorThesis/rust/../instances/n50_test214.csv,1000,true
/Users/Vanessa/git/BachelorThesis/rust/../instances/n50_test215.csv,917,true
/Users/Vanessa/git/BachelorThesis/rust/../instances/n50_test216.csv,917,true
/Users/Vanessa/git/BachelorThesis/rust/../instances/n50_test217.csv,958,true
/Users/Vanessa/git/BachelorThesis/rust/../instances/n50_test218.csv,1500,false
/Users/Vanessa/git/BachelorThesis/rust/../instances/n50_test219.csv,875,false
/Users/Vanessa/git/BachelorThesis/rust/../instances/n50_test22.csv,1291,false
/Users/Vanessa/git/BachelorThesis/rust/../instances/n50_test220.csv,1084,true
/Users/Vanessa/git/BachelorThesis/rust/../instances/n50_test221.csv,1208,false
/Users/Vanessa/git/BachelorThesis/rust/../instances/n50_test222.csv,1333,false
/Users/Vanessa/git/BachelorThesis/rust/../instances/n50_test223.csv,1292,true
/Users/Vanessa/git/BachelorThesis/rust/../instances/n50_test224.csv,1000,false
/Users/Vanessa/git/BachelorThesis/rust/../instances/n50_test225.csv,1000,false
/Users/Vanessa/git/BachelorThesis/rust/../instances/n50_test226.csv,1333,true
/Users/Vanessa/git/BachelorThesis/rust/../instances/n50_test227.csv,1083,false
/Users/Vanessa/git/BachelorThesis/rust/../instances/n50_test228.csv,1041,true
/Users/Vanessa/git/BachelorThesis/rust/../instances/n50_test229.csv,958,false
/Users/Vanessa/git/BachelorThesis/rust/../instances/n50_test23.csv,958,false
/Users/Vanessa/git/BachelorThesis/rust/../instances/n50_test230.csv,1000,false
/Users/Vanessa/git/BachelorThesis/rust/../instances/n50_test231.csv,1042,false
/Users/Vanessa/git/BachelorThesis/rust/../instances/n50_test232.csv,1000,true
/Users/Vanessa/git/BachelorThesis/rust/../instances/n50_test233.csv,959,false
/Users/Vanessa/git/BachelorThesis/rust/../instances/n50_test234.csv,959,false
/Users/Vanessa/git/BachelorThesis/rust/../instances/n50_test235.csv,5792,true
/Users/Vanessa/git/BachelorThesis/rust/../instances/n50_test236.csv,958,true
/Users/Vanessa/git/BachelorThesis/rust/../instances/n50_test237.csv,1041,true
/Users/Vanessa/git/BachelorThesis/rust/../instances/n50_test238.csv,6333,true
/Users/Vanessa/git/BachelorThesis/rust/../instances/n50_test239.csv,1042,true
/Users/Vanessa/git/BachelorThesis/rust/../instances/n50_test24.csv,1000,false
/Users/Vanessa/git/BachelorThesis/rust/../instances/n50_test240.csv,1125,true
/Users/Vanessa/git/BachelorThesis/rust/../instances/n50_test241.csv,1000,true
/Users/Vanessa/git/BachelorThesis/rust/../instances/n50_test242.csv,958,true
/Users/Vanessa/git/BachelorThesis/rust/../instances/n50_test243.csv,1167,false
/Users/Vanessa/git/BachelorThesis/rust/../instances/n50_test244.csv,1042,false
/Users/Vanessa/git/BachelorThesis/rust/../instances/n50_test245.csv,306875,false
/Users/Vanessa/git/BachelorThesis/rust/../instances/n50_test246.csv,958,false
/Users/Vanessa/git/BachelorThesis/rust/../instances/n50_test247.csv,301500,false
/Users/Vanessa/git/BachelorThesis/rust/../instances/n50_test248.csv,1209,true
/Users/Vanessa/git/BachelorThesis/rust/../instances/n50_test249.csv,6709,true
/Users/Vanessa/git/BachelorThesis/rust/../instances/n50_test25.csv,1542,false
/Users/Vanessa/git/BachelorThesis/rust/../instances/n50_test250.csv,1167,true
/Users/Vanessa/git/BachelorThesis/rust/../instances/n50_test251.csv,1167,true
/Users/Vanessa/git/BachelorThesis/rust/../instances/n50_test252.csv,916,true
/Users/Vanessa/git/BachelorThesis/rust/../instances/n50_test253.csv,1208,true
/Users/Vanessa/git/BachelorThesis/rust/../instances/n50_test254.csv,1208,false
/Users/Vanessa/git/BachelorThesis/rust/../instances/n50_test255.csv,1125,true
/Users/Vanessa/git/BachelorThesis/rust/../instances/n50_test256.csv,6792,false
/Users/Vanessa/git/BachelorThesis/rust/../instances/n50_test257.csv,1250,false
/Users/Vanessa/git/BachelorThesis/rust/../instances/n50_test258.csv,875,true
/Users/Vanessa/git/BachelorThesis/rust/../instances/n50_test259.csv,1542,true
/Users/Vanessa/git/BachelorThesis/rust/../instances/n50_test26.csv,958,false
/Users/Vanessa/git/BachelorThesis/rust/../instances/n50_test260.csv,1042,true
/Users/Vanessa/git/BachelorThesis/rust/../instances/n50_test261.csv,1042,false
/Users/Vanessa/git/BachelorThesis/rust/../instances/n50_test262.csv,1000,false
/Users/Vanessa/git/BachelorThesis/rust/../instances/n50_test263.csv,875,false
/Users/Vanessa/git/BachelorThesis/rust/../instances/n50_test264.csv,1166,false
/Users/Vanessa/git/BachelorThesis/rust/../instances/n50_test265.csv,1083,true
/Users/Vanessa/git/BachelorThesis/rust/../instances/n50_test266.csv,6875,true
/Users/Vanessa/git/BachelorThesis/rust/../instances/n50_test267.csv,1125,true
/Users/Vanessa/git/BachelorThesis/rust/../instances/n50_test268.csv,917,true
/Users/Vanessa/git/BachelorThesis/rust/../instances/n50_test269.csv,5875,false
/Users/Vanessa/git/BachelorThesis/rust/../instances/n50_test27.csv,2041,true
/Users/Vanessa/git/BachelorThesis/rust/../instances/n50_test270.csv,1125,false
/Users/Vanessa/git/BachelorThesis/rust/../instances/n50_test271.csv,1125,false
/Users/Vanessa/git/BachelorThesis/rust/../instances/n50_test272.csv,1041,true
/Users/Vanessa/git/BachelorThesis/rust/../instances/n50_test273.csv,1250,false
/Users/Vanessa/git/BachelorThesis/rust/../instances/n50_test274.csv,1125,false
/Users/Vanessa/git/BachelorThesis/rust/../instances/n50_test275.csv,1125,true
/Users/Vanessa/git/BachelorThesis/rust/../instances/n50_test276.csv,1125,true
/Users/Vanessa/git/BachelorThesis/rust/../instances/n50_test277.csv,1083,true
/Users/Vanessa/git/BachelorThesis/rust/../instances/n50_test278.csv,1083,false
/Users/Vanessa/git/BachelorThesis/rust/../instances/n50_test279.csv,1209,true
/Users/Vanessa/git/BachelorThesis/rust/../instances/n50_test28.csv,1291,true
/Users/Vanessa/git/BachelorThesis/rust/../instances/n50_test280.csv,917,false
/Users/Vanessa/git/BachelorThesis/rust/../instances/n50_test281.csv,1166,true
/Users/Vanessa/git/BachelorThesis/rust/../instances/n50_test282.csv,1000,true
/Users/Vanessa/git/BachelorThesis/rust/../instances/n50_test283.csv,917,true
/Users/Vanessa/git/BachelorThesis/rust/../instances/n50_test284.csv,1208,false
/Users/Vanessa/git/BachelorThesis/rust/../instances/n50_test285.csv,1041,false
/Users/Vanessa/git/BachelorThesis/rust/../instances/n50_test286.csv,1208,false
/Users/Vanessa/git/BachelorThesis/rust/../instances/n50_test287.csv,1125,false
/Users/Vanessa/git/BachelorThesis/rust/../instances/n50_test288.csv,958,false
/Users/Vanessa/git/BachelorThesis/rust/../instances/n50_test289.csv,6542,true
/Users/Vanessa/git/BachelorThesis/rust/../instances/n50_test29.csv,959,false
/Users/Vanessa/git/BachelorThesis/rust/../instances/n50_test290.csv,1125,true
/Users/Vanessa/git/BachelorThesis/rust/../instances/n50_test291.csv,1000,false
/Users/Vanessa/git/BachelorThesis/rust/../instances/n50_test292.csv,1000,true
/Users/Vanessa/git/BachelorThesis/rust/../instances/n50_test293.csv,1292,true
/Users/Vanessa/git/BachelorThesis/rust/../instances/n50_test294.csv,7250,true
/Users/Vanessa/git/BachelorThesis/rust/../instances/n50_test295.csv,1041,true
/Users/Vanessa/git/BachelorThesis/rust/../instances/n50_test296.csv,917,true
/Users/Vanessa/git/BachelorThesis/rust/../instances/n50_test297.csv,1125,false
/Users/Vanessa/git/BachelorThesis/rust/../instances/n50_test298.csv,1125,false
/Users/Vanessa/git/BachelorThesis/rust/../instances/n50_test299.csv,917,false
/Users/Vanessa/git/BachelorThesis/rust/../instances/n50_test3.csv,1000,true
/Users/Vanessa/git/BachelorThesis/rust/../instances/n50_test30.csv,917,false
/Users/Vanessa/git/BachelorThesis/rust/../instances/n50_test300.csv,875,true
/Users/Vanessa/git/BachelorThesis/rust/../instances/n50_test301.csv,1125,true
/Users/Vanessa/git/BachelorThesis/rust/../instances/n50_test302.csv,958,true
/Users/Vanessa/git/BachelorThesis/rust/../instances/n50_test303.csv,7041,false
/Users/Vanessa/git/BachelorThesis/rust/../instances/n50_test304.csv,1250,false
/Users/Vanessa/git/BachelorThesis/rust/../instances/n50_test305.csv,1000,true
/Users/Vanessa/git/BachelorThesis/rust/../instances/n50_test306.csv,6083,false
/Users/Vanessa/git/BachelorThesis/rust/../instances/n50_test307.csv,1000,false
/Users/Vanessa/git/BachelorThesis/rust/../instances/n50_test308.csv,1000,true
/Users/Vanessa/git/BachelorThesis/rust/../instances/n50_test309.csv,875,true
/Users/Vanessa/git/BachelorThesis/rust/../instances/n50_test31.csv,1042,false
/Users/Vanessa/git/BachelorThesis/rust/../instances/n50_test310.csv,1166,false
/Users/Vanessa/git/BachelorThesis/rust/../instances/n50_test311.csv,1250,true
/Users/Vanessa/git/BachelorThesis/rust/../instances/n50_test312.csv,916,false
/Users/Vanessa/git/BachelorThesis/rust/../instances/n50_test313.csv,917,true
/Users/Vanessa/git/BachelorThesis/rust/../instances/n50_test314.csv,1167,false
/Users/Vanessa/git/BachelorThesis/rust/../instances/n50_test315.csv,1042,true
/Users/Vanessa/git/BachelorThesis/rust/../instances/n50_test316.csv,1208,true
/Users/Vanessa/git/BachelorThesis/rust/../instances/n50_test317.csv,6042,true
/Users/Vanessa/git/BachelorThesis/rust/../instances/n50_test318.csv,6250,false
/Users/Vanessa/git/BachelorThesis/rust/../instances/n50_test319.csv,917,true
/Users/Vanessa/git/BachelorThesis/rust/../instances/n50_test32.csv,1042,false
/Users/Vanessa/git/BachelorThesis/rust/../instances/n50_test320.csv,916,true
/Users/Vanessa/git/BachelorThesis/rust/../instances/n50_test321.csv,1083,false
/Users/Vanessa/git/BachelorThesis/rust/../instances/n50_test322.csv,1209,true
/Users/Vanessa/git/BachelorThesis/rust/../instances/n50_test323.csv,833,true
/Users/Vanessa/git/BachelorThesis/rust/../instances/n50_test324.csv,916,false
/Users/Vanessa/git/BachelorThesis/rust/../instances/n50_test325.csv,1042,true
/Users/Vanessa/git/BachelorThesis/rust/../instances/n50_test326.csv,6250,true
/Users/Vanessa/git/BachelorThesis/rust/../instances/n50_test327.csv,1208,true
/Users/Vanessa/git/BachelorThesis/rust/../instances/n50_test328.csv,917,false
/Users/Vanessa/git/BachelorThesis/rust/../instances/n50_test329.csv,875,true
/Users/Vanessa/git/BachelorThesis/rust/../instances/n50_test33.csv,6625,false
/Users/Vanessa/git/BachelorThesis/rust/../instances/n50_test330.csv,1125,false
/Users/Vanessa/git/BachelorThesis/rust/../instances/n50_test331.csv,6708,false
/Users/Vanessa/git/BachelorThesis/rust/../instances/n50_test332.csv,1083,false
/Users/Vanessa/git/BachelorThesis/rust/../instances/n50_test333.csv,917,false
/Users/Vanessa/git/BachelorThesis/rust/../instances/n50_test334.csv,1250,true
/Users/Vanessa/git/BachelorThesis/rust/../instances/n50_test335.csv,833,false
/Users/Vanessa/git/BachelorThesis/rust/../instances/n50_test336.csv,6375,false
/Users/Vanessa/git/BachelorThesis/rust/../instances/n50_test337.csv,1083,true
/Users/Vanessa/git/BachelorThesis/rust/../instances/n50_test338.csv,1208,false
/Users/Vanessa/git/BachelorThesis/rust/../instances/n50_test339.csv,1166,true
/Users/Vanessa/git/BachelorThesis/rust/../instances/n50_test34.csv,1083,false
/Users/Vanessa/git/BachelorThesis/rust/../instances/n50_test340.csv,1583,false
/Users/Vanessa/git/BachelorThesis/rust/../instances/n50_test341.csv,1166,true
/Users/Vanessa/git/BachelorThesis/rust/../instances/n50_test342.csv,1000,true
/Users/Vanessa/git/BachelorThesis/rust/../instances/n50_test343.csv,5958,true
/Users/Vanessa/git/BachelorThesis/rust/../instances/n50_test344.csv,5791,false
/Users/Vanessa/git/BachelorThesis/rust/../instances/n50_test345.csv,917,true
/Users/Vanessa/git/BachelorThesis/rust/../instances/n50_test346.csv,6708,true
/Users/Vanessa/git/BachelorThesis/rust/../instances/n50_test347.csv,1167,true
/Users/Vanessa/git/BachelorThesis/rust/../instances/n50_test348.csv,958,false
/Users/Vanessa/git/BachelorThesis/rust/../instances/n50_test349.csv,1000,false
/Users/Vanessa/git/BachelorThesis/rust/../instances/n50_test35.csv,1042,true
/Users/Vanessa/git/BachelorThesis/rust/../instances/n50_test350.csv,959,true
/Users/Vanessa/git/BachelorThesis/rust/../instances/n50_test351.csv,1167,false
/Users/Vanessa/git/BachelorThesis/rust/../instances/n50_test352.csv,875,false
/Users/Vanessa/git/BachelorThesis/rust/../instances/n50_test353.csv,916,false
/Users/Vanessa/git/BachelorThesis/rust/../instances/n50_test354.csv,1000,false
/Users/Vanessa/git/BachelorThesis/rust/../instances/n50_test355.csv,1125,false
/Users/Vanessa/git/BachelorThesis/rust/../instances/n50_test356.csv,1041,true
/Users/Vanessa/git/BachelorThesis/rust/../instances/n50_test357.csv,1208,true
/Users/Vanessa/git/BachelorThesis/rust/../instances/n50_test358.csv,1125,false
/Users/Vanessa/git/BachelorThesis/rust/../instances/n50_test359.csv,958,true
/Users/Vanessa/git/BachelorThesis/rust/../instances/n50_test36.csv,916,false
/Users/Vanessa/git/BachelorThesis/rust/../instances/n50_test360.csv,958,false
/Users/Vanessa/git/BachelorThesis/rust/../instances/n50_test361.csv,1250,true
/Users/Vanessa/git/BachelorThesis/rust/../instances/n50_test362.csv,1041,false
/Users/Vanessa/git/BachelorThesis/rust/../instances/n50_test363.csv,1083,false
/Users/Vanessa/git/BachelorThesis/rust/../instances/n50_test364.csv,1208,false
/Users/Vanessa/git/BachelorThesis/rust/../instances/n50_test365.csv,958,false
/Users/Vanessa/git/BachelorThesis/rust/../instances/n50_test366.csv,5584,false
/Users/Vanessa/git/BachelorThesis/rust/../instances/n50_test367.csv,1209,true
/Users/Vanessa/git/BachelorThesis/rust/../instances/n50_test368.csv,1083,false
/Users/Vanessa/git/BachelorThesis/rust/../instances/n50_test369.csv,1125,false
/Users/Vanessa/git/BachelorThesis/rust/../instances/n50_test37.csv,959,true
/Users/Vanessa/git/BachelorThesis/rust/../instances/n50_test370.csv,1042,true
/Users/Vanessa/git/BachelorThesis/rust/../instances/n50_test371.csv,1041,false
/Users/Vanessa/git/BachelorThesis/rust/../instances/n50_test372.csv,291500,false
/Users/Vanessa/git/BachelorThesis/rust/../instances/n50_test373.csv,1083,false
/Users/Vanessa/git/BachelorThesis/rust/../instances/n50_test374.csv,5958,true
/Users/Vanessa/git/BachelorThesis/rust/../instances/n50_test375.csv,1000,false
/Users/Vanessa/git/BachelorThesis/rust/../instances/n50_test376.csv,875,false
/Users/Vanessa/git/BachelorThesis/rust/../instances/n50_test377.csv,833,false
/Users/Vanessa/git/BachelorThesis/rust/../instances/n50_test378.csv,1083,false
/Users/Vanessa/git/BachelorThesis/rust/../instances/n50_test379.csv,1333,true
/Users/Vanessa/git/BachelorThesis/rust/../instances/n50_test38.csv,6667,false
/Users/Vanessa/git/BachelorThesis/rust/../instances/n50_test380.csv,1167,false
/Users/Vanessa/git/BachelorThesis/rust/../instances/n50_test381.csv,1084,true
/Users/Vanessa/git/BachelorThesis/rust/../instances/n50_test382.csv,1084,false
/Users/Vanessa/git/BachelorThesis/rust/../instances/n50_test383.csv,1125,true
/Users/Vanessa/git/BachelorThesis/rust/../instances/n50_test384.csv,1125,true
/Users/Vanessa/git/BachelorThesis/rust/../instances/n50_test385.csv,958,false
/Users/Vanessa/git/BachelorThesis/rust/../instances/n50_test386.csv,6833,true
/Users/Vanessa/git/BachelorThesis/rust/../instances/n50_test387.csv,958,false
/Users/Vanessa/git/BachelorThesis/rust/../instances/n50_test388.csv,875,true
/Users/Vanessa/git/BachelorThesis/rust/../instances/n50_test389.csv,875,false
/Users/Vanessa/git/BachelorThesis/rust/../instances/n50_test39.csv,875,true
/Users/Vanessa/git/BachelorThesis/rust/../instances/n50_test390.csv,875,true
/Users/Vanessa/git/BachelorThesis/rust/../instances/n50_test391.csv,1125,true
/Users/Vanessa/git/BachelorThesis/rust/../instances/n50_test392.csv,833,false
/Users/Vanessa/git/BachelorThesis/rust/../instances/n50_test393.csv,1000,true
/Users/Vanessa/git/BachelorThesis/rust/../instances/n50_test394.csv,6833,false
/Users/Vanessa/git/BachelorThesis/rust/../instances/n50_test395.csv,958,false
/Users/Vanessa/git/BachelorThesis/rust/../instances/n50_test396.csv,791,false
/Users/Vanessa/git/BachelorThesis/rust/../instances/n50_test397.csv,875,true
/Users/Vanessa/git/BachelorThesis/rust/../instances/n50_test398.csv,5875,true
/Users/Vanessa/git/BachelorThesis/rust/../instances/n50_test399.csv,1208,true
/Users/Vanessa/git/BachelorThesis/rust/../instances/n50_test4.csv,1208,false
/Users/Vanessa/git/BachelorThesis/rust/../instances/n50_test40.csv,875,false
/Users/Vanessa/git/BachelorThesis/rust/../instances/n50_test400.csv,1084,false
/Users/Vanessa/git/BachelorThesis/rust/../instances/n50_test401.csv,875,true
/Users/Vanessa/git/BachelorThesis/rust/../instances/n50_test402.csv,1208,true
/Users/Vanessa/git/BachelorThesis/rust/../instances/n50_test403.csv,875,true
/Users/Vanessa/git/BachelorThesis/rust/../instances/n50_test404.csv,1125,false
/Users/Vanessa/git/BachelorThesis/rust/../instances/n50_test405.csv,875,true
/Users/Vanessa/git/BachelorThesis/rust/../instances/n50_test406.csv,1083,false
/Users/Vanessa/git/BachelorThesis/rust/../instances/n50_test407.csv,1167,true
/Users/Vanessa/git/BachelorThesis/rust/../instances/n50_test408.csv,6250,true
/Users/Vanessa/git/BachelorThesis/rust/../instances/n50_test409.csv,1250,false
/Users/Vanessa/git/BachelorThesis/rust/../instances/n50_test41.csv,958,false
/Users/Vanessa/git/BachelorThesis/rust/../instances/n50_test410.csv,875,false
/Users/Vanessa/git/BachelorThesis/rust/../instances/n50_test411.csv,833,false
/Users/Vanessa/git/BachelorThesis/rust/../instances/n50_test412.csv,1167,true
/Users/Vanessa/git/BachelorThesis/rust/../instances/n50_test413.csv,1042,false
/Users/Vanessa/git/BachelorThesis/rust/../instances/n50_test414.csv,5625,true
/Users/Vanessa/git/BachelorThesis/rust/../instances/n50_test415.csv,959,false
/Users/Vanessa/git/BachelorThesis/rust/../instances/n50_test416.csv,1209,false
/Users/Vanessa/git/BachelorThesis/rust/../instances/n50_test417.csv,917,true
/Users/Vanessa/git/BachelorThesis/rust/../instances/n50_test418.csv,1083,true
/Users/Vanessa/git/BachelorThesis/rust/../instances/n50_test419.csv,1291,true
/Users/Vanessa/git/BachelorThesis/rust/../instances/n50_test42.csv,1167,false
/Users/Vanessa/git/BachelorThesis/rust/../instances/n50_test420.csv,875,false
/Users/Vanessa/git/BachelorThesis/rust/../instances/n50_test421.csv,1041,false
/Users/Vanessa/git/BachelorThesis/rust/../instances/n50_test422.csv,875,false
/Users/Vanessa/git/BachelorThesis/rust/../instances/n50_test423.csv,959,true
/Users/Vanessa/git/BachelorThesis/rust/../instances/n50_test424.csv,1208,false
/Users/Vanessa/git/BachelorThesis/rust/../instances/n50_test425.csv,916,true
/Users/Vanessa/git/BachelorThesis/rust/../instances/n50_test426.csv,5958,true
/Users/Vanessa/git/BachelorThesis/rust/../instances/n50_test427.csv,875,false
/Users/Vanessa/git/BachelorThesis/rust/../instances/n50_test428.csv,287917,false
/Users/Vanessa/git/BachelorThesis/rust/../instances/n50_test429.csv,1250,true
/Users/Vanessa/git/BachelorThesis/rust/../instances/n50_test43.csv,1000,false
/Users/Vanessa/git/BachelorThesis/rust/../instances/n50_test430.csv,916,true
/Users/Vanessa/git/BachelorThesis/rust/../instances/n50_test431.csv,1084,false
/Users/Vanessa/git/BachelorThesis/rust/../instances/n50_test432.csv,1125,false
/Users/Vanessa/git/BachelorThesis/rust/../instances/n50_test433.csv,1125,true
/Users/Vanessa/git/BachelorThesis/rust/../instances/n50_test434.csv,1167,true
/Users/Vanessa/git/BachelorThesis/rust/../instances/n50_test435.csv,1042,true
/Users/Vanessa/git/BachelorThesis/rust/../instances/n50_test436.csv,1083,true
/Users/Vanessa/git/BachelorThesis/rust/../instances/n50_test437.csv,959,true
/Users/Vanessa/git/BachelorThesis/rust/../instances/n50_test438.csv,792,true
/Users/Vanessa/git/BachelorThesis/rust/../instances/n50_test439.csv,6542,true
/Users/Vanessa/git/BachelorThesis/rust/../instances/n50_test44.csv,958,true
/Users/Vanessa/git/BachelorThesis/rust/../instances/n50_test440.csv,958,false
/Users/Vanessa/git/BachelorThesis/rust/../instances/n50_test441.csv,1167,true
/Users/Vanessa/git/BachelorThesis/rust/../instances/n50_test442.csv,1041,false
/Users/Vanessa/git/BachelorThesis/rust/../instances/n50_test443.csv,958,true
/Users/Vanessa/git/BachelorThesis/rust/../instances/n50_test444.csv,1125,false
/Users/Vanessa/git/BachelorThesis/rust/../instances/n50_test445.csv,1042,false
/Users/Vanessa/git/BachelorThesis/rust/../instances/n50_test446.csv,1041,true
/Users/Vanessa/git/BachelorThesis/rust/../instances/n50_test447.csv,1041,true
/Users/Vanessa/git/BachelorThesis/rust/../instances/n50_test448.csv,1083,true
/Users/Vanessa/git/BachelorThesis/rust/../instances/n50_test449.csv,1084,true
/Users/Vanessa/git/BachelorThesis/rust/../instances/n50_test45.csv,792,true
/Users/Vanessa/git/BachelorThesis/rust/../instances/n50_test450.csv,1000,false
/Users/Vanessa/git/BachelorThesis/rust/../instances/n50_test451.csv,1083,true
/Users/Vanessa/git/BachelorThesis/rust/../instances/n50_test452.csv,1167,false
/Users/Vanessa/git/BachelorThesis/rust/../instances/n50_test453.csv,916,true
/Users/Vanessa/git/BachelorThesis/rust/../instances/n50_test454.csv,1208,false
/Users/Vanessa/git/BachelorThesis/rust/../instances/n50_test455.csv,917,false
/Users/Vanessa/git/BachelorThesis/rust/../instances/n50_test456.csv,1292,false
/Users/Vanessa/git/BachelorThesis/rust/../instances/n50_test457.csv,1208,true
/Users/Vanessa/git/BachelorThesis/rust/../instances/n50_test458.csv,1083,false
/Users/Vanessa/git/BachelorThesis/rust/../instances/n50_test459.csv,1083,false
/Users/Vanessa/git/BachelorThesis/rust/../instances/n50_test46.csv,792,true
/Users/Vanessa/git/BachelorThesis/rust/../instances/n50_test460.csv,1084,true
/Users/Vanessa/git/BachelorThesis/rust/../instances/n50_test461.csv,1000,true
/Users/Vanessa/git/BachelorThesis/rust/../instances/n50_test462.csv,1083,true
/Users/Vanessa/git/BachelorThesis/rust/../instances/n50_test463.csv,6125,false
/Users/Vanessa/git/BachelorThesis/rust/../instances/n50_test464.csv,1125,true
/Users/Vanessa/git/BachelorThesis/rust/../instances/n50_test465.csv,1291,false
/Users/Vanessa/git/BachelorThesis/rust/../instances/n50_test466.csv,1167,true
/Users/Vanessa/git/BachelorThesis/rust/../instances/n50_test467.csv,958,false
/Users/Vanessa/git/BachelorThesis/rust/../instances/n50_test468.csv,1084,true
/Users/Vanessa/git/BachelorThesis/rust/../instances/n50_test469.csv,959,false
/Users/Vanessa/git/BachelorThesis/rust/../instances/n50_test47.csv,1084,false
/Users/Vanessa/git/BachelorThesis/rust/../instances/n50_test470.csv,1042,true
/Users/Vanessa/git/BachelorThesis/rust/../instances/n50_test471.csv,1291,false
/Users/Vanessa/git/BachelorThesis/rust/../instances/n50_test472.csv,959,true
/Users/Vanessa/git/BachelorThesis/rust/../instances/n50_test473.csv,1083,true
/Users/Vanessa/git/BachelorThesis/rust/../instances/n50_test474.csv,875,true
/Users/Vanessa/git/BachelorThesis/rust/../instances/n50_test475.csv,875,false
/Users/Vanessa/git/BachelorThesis/rust/../instances/n50_test476.csv,1041,true
/Users/Vanessa/git/BachelorThesis/rust/../instances/n50_test477.csv,290042,false
/Users/Vanessa/git/BachelorThesis/rust/../instances/n50_test478.csv,1167,false
/Users/Vanessa/git/BachelorThesis/rust/../instances/n50_test479.csv,1125,false
/Users/Vanessa/git/BachelorThesis/rust/../instances/n50_test48.csv,1167,false
/Users/Vanessa/git/BachelorThesis/rust/../instances/n50_test480.csv,1041,true
/Users/Vanessa/git/BachelorThesis/rust/../instances/n50_test481.csv,834,true
/Users/Vanessa/git/BachelorThesis/rust/../instances/n50_test482.csv,833,false
/Users/Vanessa/git/BachelorThesis/rust/../instances/n50_test483.csv,1083,false
/Users/Vanessa/git/BachelorThesis/rust/../instances/n50_test484.csv,1541,false
/Users/Vanessa/git/BachelorThesis/rust/../instances/n50_test485.csv,875,false
/Users/Vanessa/git/BachelorThesis/rust/../instances/n50_test486.csv,1000,true
/Users/Vanessa/git/BachelorThesis/rust/../instances/n50_test487.csv,833,false
/Users/Vanessa/git/BachelorThesis/rust/../instances/n50_test488.csv,1125,false
/Users/Vanessa/git/BachelorThesis/rust/../instances/n50_test489.csv,875,false
/Users/Vanessa/git/BachelorThesis/rust/../instances/n50_test49.csv,1166,false
/Users/Vanessa/git/BachelorThesis/rust/../instances/n50_test490.csv,1167,true
/Users/Vanessa/git/BachelorThesis/rust/../instances/n50_test491.csv,1083,true
/Users/Vanessa/git/BachelorThesis/rust/../instances/n50_test492.csv,1000,false
/Users/Vanessa/git/BachelorThesis/rust/../instances/n50_test493.csv,289250,false
/Users/Vanessa/git/BachelorThesis/rust/../instances/n50_test494.csv,875,false
/Users/Vanessa/git/BachelorThesis/rust/../instances/n50_test495.csv,1209,false
/Users/Vanessa/git/BachelorThesis/rust/../instances/n50_test496.csv,1208,false
/Users/Vanessa/git/BachelorThesis/rust/../instances/n50_test497.csv,1084,false
/Users/Vanessa/git/BachelorThesis/rust/../instances/n50_test498.csv,916,false
/Users/Vanessa/git/BachelorThesis/rust/../instances/n50_test499.csv,1125,true
/Users/Vanessa/git/BachelorThesis/rust/../instances/n50_test5.csv,1041,false
/Users/Vanessa/git/BachelorThesis/rust/../instances/n50_test50.csv,959,true
/Users/Vanessa/git/BachelorThesis/rust/../instances/n50_test500.csv,1083,false
/Users/Vanessa/git/BachelorThesis/rust/../instances/n50_test51.csv,1000,false
/Users/Vanessa/git/BachelorThesis/rust/../instances/n50_test52.csv,1000,false
/Users/Vanessa/git/BachelorThesis/rust/../instances/n50_test53.csv,1042,true
/Users/Vanessa/git/BachelorThesis/rust/../instances/n50_test54.csv,1167,true
/Users/Vanessa/git/BachelorThesis/rust/../instances/n50_test55.csv,1250,true
/Users/Vanessa/git/BachelorThesis/rust/../instances/n50_test56.csv,1041,false
/Users/Vanessa/git/BachelorThesis/rust/../instances/n50_test57.csv,288792,false
/Users/Vanessa/git/BachelorThesis/rust/../instances/n50_test58.csv,1167,false
/Users/Vanessa/git/BachelorThesis/rust/../instances/n50_test59.csv,1167,true
/Users/Vanessa/git/BachelorThesis/rust/../instances/n50_test6.csv,1250,false
/Users/Vanessa/git/BachelorThesis/rust/../instances/n50_test60.csv,1083,false
/Users/Vanessa/git/BachelorThesis/rust/../instances/n50_test61.csv,1209,false
/Users/Vanessa/git/BachelorThesis/rust/../instances/n50_test62.csv,1250,true
/Users/Vanessa/git/BachelorThesis/rust/../instances/n50_test63.csv,958,false
/Users/Vanessa/git/BachelorThesis/rust/../instances/n50_test64.csv,1125,true
/Users/Vanessa/git/BachelorThesis/rust/../instances/n50_test65.csv,916,false
/Users/Vanessa/git/BachelorThesis/rust/../instances/n50_test66.csv,834,false
/Users/Vanessa/git/BachelorThesis/rust/../instances/n50_test67.csv,1083,false
/Users/Vanessa/git/BachelorThesis/rust/../instances/n50_test68.csv,1167,false
/Users/Vanessa/git/BachelorThesis/rust/../instances/n50_test69.csv,1000,false
/Users/Vanessa/git/BachelorThesis/rust/../instances/n50_test7.csv,917,true
/Users/Vanessa/git/BachelorThesis/rust/../instances/n50_test70.csv,750,false
/Users/Vanessa/git/BachelorThesis/rust/../instances/n50_test71.csv,792,false
/Users/Vanessa/git/BachelorThesis/rust/../instances/n50_test72.csv,1625,false
/Users/Vanessa/git/BachelorThesis/rust/../instances/n50_test73.csv,958,false
/Users/Vanessa/git/BachelorThesis/rust/../instances/n50_test74.csv,959,true
/Users/Vanessa/git/BachelorThesis/rust/../instances/n50_test75.csv,1375,false
/Users/Vanessa/git/BachelorThesis/rust/../instances/n50_test76.csv,1125,true
/Users/Vanessa/git/BachelorThesis/rust/../instances/n50_test77.csv,958,false
/Users/Vanessa/git/BachelorThesis/rust/../instances/n50_test78.csv,875,true
/Users/Vanessa/git/BachelorThesis/rust/../instances/n50_test79.csv,917,true
/Users/Vanessa/git/BachelorThesis/rust/../instances/n50_test8.csv,1250,true
/Users/Vanessa/git/BachelorThesis/rust/../instances/n50_test80.csv,5917,false
/Users/Vanessa/git/BachelorThesis/rust/../instances/n50_test81.csv,289584,false
/Users/Vanessa/git/BachelorThesis/rust/../instances/n50_test82.csv,1250,true
/Users/Vanessa/git/BachelorThesis/rust/../instances/n50_test83.csv,1208,false
/Users/Vanessa/git/BachelorThesis/rust/../instances/n50_test84.csv,792,false
/Users/Vanessa/git/BachelorThesis/rust/../instances/n50_test85.csv,1083,false
/Users/Vanessa/git/BachelorThesis/rust/../instances/n50_test86.csv,959,true
/Users/Vanessa/git/BachelorThesis/rust/../instances/n50_test87.csv,1000,false
/Users/Vanessa/git/BachelorThesis/rust/../instances/n50_test88.csv,875,false
/Users/Vanessa/git/BachelorThesis/rust/../instances/n50_test89.csv,290375,false
/Users/Vanessa/git/BachelorThesis/rust/../instances/n50_test9.csv,1083,true
/Users/Vanessa/git/BachelorThesis/rust/../instances/n50_test90.csv,1167,true
/Users/Vanessa/git/BachelorThesis/rust/../instances/n50_test91.csv,875,true
/Users/Vanessa/git/BachelorThesis/rust/../instances/n50_test92.csv,875,true
/Users/Vanessa/git/BachelorThesis/rust/../instances/n50_test93.csv,1000,true
/Users/Vanessa/git/BachelorThesis/rust/../instances/n50_test94.csv,1084,false
/Users/Vanessa/git/BachelorThesis/rust/../instances/n50_test95.csv,875,true
/Users/Vanessa/git/BachelorThesis/rust/../instances/n50_test96.csv,1000,true
/Users/Vanessa/git/BachelorThesis/rust/../instances/n50_test97.csv,1084,false
/Users/Vanessa/git/BachelorThesis/rust/../instances/n50_test98.csv,1167,false
/Users/Vanessa/git/BachelorThesis/rust/../instances/n50_test99.csv,1083,true
